activity_id,institution_id,source_id,experiment_id,member_id,table_id,variable_id,grid_label,path,check,code,level,level_num,message,expected,actual,stage,backend,elapsed_s
WRF,CAE,EC-Earth3,historical,r1i1p1f1,1hr,ffwi,d03,s3://cadcat/wrf/derived-vars/ec-earth3/historical/1hr/ffwi/d03/,check_catalog_row,catalog.path.pseudo_institution,WARN,20,"Path uses 'derived-vars' in the institution slot while the catalog attributes this record to 'CAE'. A deliberate namespace for computed products, but it means path reconstruction from facets cannot be purely mechanical.",CAE,derived-vars,catalog,,
WRF,CAE,EC-Earth3,ssp370,r1i1p1f1,1hr,ffwi,d03,s3://cadcat/wrf/derived-vars/ec-earth3/ssp370/1hr/ffwi/d03/,check_catalog_row,catalog.path.pseudo_institution,WARN,20,"Path uses 'derived-vars' in the institution slot while the catalog attributes this record to 'CAE'. A deliberate namespace for computed products, but it means path reconstruction from facets cannot be purely mechanical.",CAE,derived-vars,catalog,,
WRF,CAE,MIROC6,historical,r1i1p1f1,1hr,ffwi,d03,s3://cadcat/wrf/derived-vars/miroc6/historical/1hr/ffwi/d03/,check_catalog_row,catalog.path.pseudo_institution,WARN,20,"Path uses 'derived-vars' in the institution slot while the catalog attributes this record to 'CAE'. A deliberate namespace for computed products, but it means path reconstruction from facets cannot be purely mechanical.",CAE,derived-vars,catalog,,
WRF,CAE,MIROC6,ssp370,r1i1p1f1,1hr,ffwi,d03,s3://cadcat/wrf/derived-vars/miroc6/ssp370/1hr/ffwi/d03/,check_catalog_row,catalog.path.pseudo_institution,WARN,20,"Path uses 'derived-vars' in the institution slot while the catalog attributes this record to 'CAE'. A deliberate namespace for computed products, but it means path reconstruction from facets cannot be purely mechanical.",CAE,derived-vars,catalog,,
WRF,CAE,MPI-ESM1-2-HR,historical,r3i1p1f1,1hr,ffwi,d03,s3://cadcat/wrf/derived-vars/mpi-esm1-2-hr/historical/1hr/ffwi/d03/,check_catalog_row,catalog.path.pseudo_institution,WARN,20,"Path uses 'derived-vars' in the institution slot while the catalog attributes this record to 'CAE'. A deliberate namespace for computed products, but it means path reconstruction from facets cannot be purely mechanical.",CAE,derived-vars,catalog,,
WRF,CAE,MPI-ESM1-2-HR,ssp370,r3i1p1f1,1hr,ffwi,d03,s3://cadcat/wrf/derived-vars/mpi-esm1-2-hr/ssp370/1hr/ffwi/d03/,check_catalog_row,catalog.path.pseudo_institution,WARN,20,"Path uses 'derived-vars' in the institution slot while the catalog attributes this record to 'CAE'. A deliberate namespace for computed products, but it means path reconstruction from facets cannot be purely mechanical.",CAE,derived-vars,catalog,,
WRF,CAE,TaiESM1,historical,r1i1p1f1,1hr,ffwi,d03,s3://cadcat/wrf/derived-vars/taiesm1/historical/1hr/ffwi/d03/,check_catalog_row,catalog.path.pseudo_institution,WARN,20,"Path uses 'derived-vars' in the institution slot while the catalog attributes this record to 'CAE'. A deliberate namespace for computed products, but it means path reconstruction from facets cannot be purely mechanical.",CAE,derived-vars,catalog,,
WRF,CAE,TaiESM1,ssp370,r1i1p1f1,1hr,ffwi,d03,s3://cadcat/wrf/derived-vars/taiesm1/ssp370/1hr/ffwi/d03/,check_catalog_row,catalog.path.pseudo_institution,WARN,20,"Path uses 'derived-vars' in the institution slot while the catalog attributes this record to 'CAE'. A deliberate namespace for computed products, but it means path reconstruction from facets cannot be purely mechanical.",CAE,derived-vars,catalog,,
WRF,UCLA,CESM2,historical,r11i1p1f1,1hr,dew_point,d01,s3://cadcat/wrf/ucla/cesm2/historical/1hr/dew_point/d01/,check_catalog_row,catalog.variable.undocumented,WARN,20,"'dew_point' at WRF/1hr is not in variable_descriptions.csv at any resolution, so climakitae has no unit or display name for it.",,dew_point,catalog,,
WRF,UCLA,CESM2,historical,r11i1p1f1,1hr,dew_point,d02,s3://cadcat/wrf/ucla/cesm2/historical/1hr/dew_point/d02/,check_catalog_row,catalog.variable.undocumented,WARN,20,"'dew_point' at WRF/1hr is not in variable_descriptions.csv at any resolution, so climakitae has no unit or display name for it.",,dew_point,catalog,,
WRF,UCLA,CESM2,historical,r11i1p1f1,1hr,dew_point,d03,s3://cadcat/wrf/ucla/cesm2/historical/1hr/dew_point/d03/,check_catalog_row,catalog.variable.undocumented,WARN,20,"'dew_point' at WRF/1hr is not in variable_descriptions.csv at any resolution, so climakitae has no unit or display name for it.",,dew_point,catalog,,
WRF,UCLA,CESM2,historical,r11i1p1f1,1hr,effective_temp_index,d01,s3://cadcat/wrf/ucla/cesm2/historical/1hr/effective_temp_index/d01/,check_catalog_row,catalog.variable.undocumented,WARN,20,"'effective_temp_index' at WRF/1hr is not in variable_descriptions.csv at any resolution, so climakitae has no unit or display name for it.",,effective_temp_index,catalog,,
WRF,UCLA,CESM2,historical,r11i1p1f1,1hr,effective_temp_index,d02,s3://cadcat/wrf/ucla/cesm2/historical/1hr/effective_temp_index/d02/,check_catalog_row,catalog.variable.undocumented,WARN,20,"'effective_temp_index' at WRF/1hr is not in variable_descriptions.csv at any resolution, so climakitae has no unit or display name for it.",,effective_temp_index,catalog,,
WRF,UCLA,CESM2,historical,r11i1p1f1,1hr,effective_temp_index,d03,s3://cadcat/wrf/ucla/cesm2/historical/1hr/effective_temp_index/d03/,check_catalog_row,catalog.variable.undocumented,WARN,20,"'effective_temp_index' at WRF/1hr is not in variable_descriptions.csv at any resolution, so climakitae has no unit or display name for it.",,effective_temp_index,catalog,,
WRF,UCLA,CESM2,historical,r11i1p1f1,1hr,rh,d01,s3://cadcat/wrf/ucla/cesm2/historical/1hr/rh/d01/,check_catalog_row,catalog.variable.timescale_mismatch,WARN,20,"'rh' is published at WRF/1hr but variable_descriptions.csv lists it only at ['day', 'mon'], so no unit or display name resolves at this resolution.","day, mon",1hr,catalog,,
WRF,UCLA,CESM2,historical,r11i1p1f1,1hr,rh,d02,s3://cadcat/wrf/ucla/cesm2/historical/1hr/rh/d02/,check_catalog_row,catalog.variable.timescale_mismatch,WARN,20,"'rh' is published at WRF/1hr but variable_descriptions.csv lists it only at ['day', 'mon'], so no unit or display name resolves at this resolution.","day, mon",1hr,catalog,,
WRF,UCLA,CESM2,historical,r11i1p1f1,1hr,rh,d03,s3://cadcat/wrf/ucla/cesm2/historical/1hr/rh/d03/,check_catalog_row,catalog.variable.timescale_mismatch,WARN,20,"'rh' is published at WRF/1hr but variable_descriptions.csv lists it only at ['day', 'mon'], so no unit or display name resolves at this resolution.","day, mon",1hr,catalog,,
WRF,UCLA,CESM2,historical,r11i1p1f1,1hr,u10,d01,s3://cadcat/tmp/wrf/ucla/cesm2/historical/1hr/u10_earth/d01/,check_catalog_row,catalog.path.staging_prefix,ERROR,30,"Store is served from a 'tmp' prefix rather than the canonical location. Data under a staging prefix carries no persistence guarantee, so anything pinned to this path can break without notice.",s3://cadcat/wrf/ucla/cesm2/historical/1hr/u10/d01/,s3://cadcat/tmp/wrf/ucla/cesm2/historical/1hr/u10_earth/d01/,catalog,,
WRF,UCLA,CESM2,historical,r11i1p1f1,1hr,u10,d01,s3://cadcat/tmp/wrf/ucla/cesm2/historical/1hr/u10_earth/d01/,check_catalog_row,catalog.path.variable_qualifier_dropped,ERROR,30,"The store holds 'u10_earth' but the catalog indexes it as 'u10'. The '_earth' qualifier means earth-relative rather than grid-relative; WRF's native u10/v10 are aligned to the projection axes, so the two are not interchangeable without rotation. Because the catalog drops it, these records pool silently with ordinary 'u10' and no metadata check will notice.",u10,u10_earth,catalog,,
WRF,UCLA,CESM2,historical,r11i1p1f1,1hr,u10,d02,s3://cadcat/tmp/wrf/ucla/cesm2/historical/1hr/u10_earth/d02/,check_catalog_row,catalog.path.staging_prefix,ERROR,30,"Store is served from a 'tmp' prefix rather than the canonical location. Data under a staging prefix carries no persistence guarantee, so anything pinned to this path can break without notice.",s3://cadcat/wrf/ucla/cesm2/historical/1hr/u10/d02/,s3://cadcat/tmp/wrf/ucla/cesm2/historical/1hr/u10_earth/d02/,catalog,,
WRF,UCLA,CESM2,historical,r11i1p1f1,1hr,u10,d02,s3://cadcat/tmp/wrf/ucla/cesm2/historical/1hr/u10_earth/d02/,check_catalog_row,catalog.path.variable_qualifier_dropped,ERROR,30,"The store holds 'u10_earth' but the catalog indexes it as 'u10'. The '_earth' qualifier means earth-relative rather than grid-relative; WRF's native u10/v10 are aligned to the projection axes, so the two are not interchangeable without rotation. Because the catalog drops it, these records pool silently with ordinary 'u10' and no metadata check will notice.",u10,u10_earth,catalog,,
WRF,UCLA,CESM2,historical,r11i1p1f1,1hr,u10,d03,s3://cadcat/tmp/wrf/ucla/cesm2/historical/1hr/u10_earth/d03/,check_catalog_row,catalog.path.staging_prefix,ERROR,30,"Store is served from a 'tmp' prefix rather than the canonical location. Data under a staging prefix carries no persistence guarantee, so anything pinned to this path can break without notice.",s3://cadcat/wrf/ucla/cesm2/historical/1hr/u10/d03/,s3://cadcat/tmp/wrf/ucla/cesm2/historical/1hr/u10_earth/d03/,catalog,,
WRF,UCLA,CESM2,historical,r11i1p1f1,1hr,u10,d03,s3://cadcat/tmp/wrf/ucla/cesm2/historical/1hr/u10_earth/d03/,check_catalog_row,catalog.path.variable_qualifier_dropped,ERROR,30,"The store holds 'u10_earth' but the catalog indexes it as 'u10'. The '_earth' qualifier means earth-relative rather than grid-relative; WRF's native u10/v10 are aligned to the projection axes, so the two are not interchangeable without rotation. Because the catalog drops it, these records pool silently with ordinary 'u10' and no metadata check will notice.",u10,u10_earth,catalog,,
WRF,UCLA,CESM2,historical,r11i1p1f1,1hr,v10,d01,s3://cadcat/tmp/wrf/ucla/cesm2/historical/1hr/v10_earth/d01/,check_catalog_row,catalog.path.staging_prefix,ERROR,30,"Store is served from a 'tmp' prefix rather than the canonical location. Data under a staging prefix carries no persistence guarantee, so anything pinned to this path can break without notice.",s3://cadcat/wrf/ucla/cesm2/historical/1hr/v10/d01/,s3://cadcat/tmp/wrf/ucla/cesm2/historical/1hr/v10_earth/d01/,catalog,,
WRF,UCLA,CESM2,historical,r11i1p1f1,1hr,v10,d01,s3://cadcat/tmp/wrf/ucla/cesm2/historical/1hr/v10_earth/d01/,check_catalog_row,catalog.path.variable_qualifier_dropped,ERROR,30,"The store holds 'v10_earth' but the catalog indexes it as 'v10'. The '_earth' qualifier means earth-relative rather than grid-relative; WRF's native u10/v10 are aligned to the projection axes, so the two are not interchangeable without rotation. Because the catalog drops it, these records pool silently with ordinary 'v10' and no metadata check will notice.",v10,v10_earth,catalog,,
WRF,UCLA,CESM2,historical,r11i1p1f1,1hr,v10,d02,s3://cadcat/tmp/wrf/ucla/cesm2/historical/1hr/v10_earth/d02/,check_catalog_row,catalog.path.staging_prefix,ERROR,30,"Store is served from a 'tmp' prefix rather than the canonical location. Data under a staging prefix carries no persistence guarantee, so anything pinned to this path can break without notice.",s3://cadcat/wrf/ucla/cesm2/historical/1hr/v10/d02/,s3://cadcat/tmp/wrf/ucla/cesm2/historical/1hr/v10_earth/d02/,catalog,,
WRF,UCLA,CESM2,historical,r11i1p1f1,1hr,v10,d02,s3://cadcat/tmp/wrf/ucla/cesm2/historical/1hr/v10_earth/d02/,check_catalog_row,catalog.path.variable_qualifier_dropped,ERROR,30,"The store holds 'v10_earth' but the catalog indexes it as 'v10'. The '_earth' qualifier means earth-relative rather than grid-relative; WRF's native u10/v10 are aligned to the projection axes, so the two are not interchangeable without rotation. Because the catalog drops it, these records pool silently with ordinary 'v10' and no metadata check will notice.",v10,v10_earth,catalog,,
WRF,UCLA,CESM2,historical,r11i1p1f1,1hr,v10,d03,s3://cadcat/tmp/wrf/ucla/cesm2/historical/1hr/v10_earth/d03/,check_catalog_row,catalog.path.staging_prefix,ERROR,30,"Store is served from a 'tmp' prefix rather than the canonical location. Data under a staging prefix carries no persistence guarantee, so anything pinned to this path can break without notice.",s3://cadcat/wrf/ucla/cesm2/historical/1hr/v10/d03/,s3://cadcat/tmp/wrf/ucla/cesm2/historical/1hr/v10_earth/d03/,catalog,,
WRF,UCLA,CESM2,historical,r11i1p1f1,1hr,v10,d03,s3://cadcat/tmp/wrf/ucla/cesm2/historical/1hr/v10_earth/d03/,check_catalog_row,catalog.path.variable_qualifier_dropped,ERROR,30,"The store holds 'v10_earth' but the catalog indexes it as 'v10'. The '_earth' qualifier means earth-relative rather than grid-relative; WRF's native u10/v10 are aligned to the projection axes, so the two are not interchangeable without rotation. Because the catalog drops it, these records pool silently with ordinary 'v10' and no metadata check will notice.",v10,v10_earth,catalog,,
WRF,UCLA,CESM2,historical,r11i1p1f1,day,dew_point,d01,s3://cadcat/wrf/ucla/cesm2/historical/day/dew_point/d01/,check_catalog_row,catalog.variable.undocumented,WARN,20,"'dew_point' at WRF/day is not in variable_descriptions.csv at any resolution, so climakitae has no unit or display name for it.",,dew_point,catalog,,
WRF,UCLA,CESM2,historical,r11i1p1f1,day,dew_point,d02,s3://cadcat/wrf/ucla/cesm2/historical/day/dew_point/d02/,check_catalog_row,catalog.variable.undocumented,WARN,20,"'dew_point' at WRF/day is not in variable_descriptions.csv at any resolution, so climakitae has no unit or display name for it.",,dew_point,catalog,,
WRF,UCLA,CESM2,historical,r11i1p1f1,day,dew_point,d03,s3://cadcat/wrf/ucla/cesm2/historical/day/dew_point/d03/,check_catalog_row,catalog.variable.undocumented,WARN,20,"'dew_point' at WRF/day is not in variable_descriptions.csv at any resolution, so climakitae has no unit or display name for it.",,dew_point,catalog,,
WRF,UCLA,CESM2,historical,r11i1p1f1,day,effective_temp_index,d01,s3://cadcat/wrf/ucla/cesm2/historical/day/effective_temp_index/d01/,check_catalog_row,catalog.variable.undocumented,WARN,20,"'effective_temp_index' at WRF/day is not in variable_descriptions.csv at any resolution, so climakitae has no unit or display name for it.",,effective_temp_index,catalog,,
WRF,UCLA,CESM2,historical,r11i1p1f1,day,effective_temp_index,d02,s3://cadcat/wrf/ucla/cesm2/historical/day/effective_temp_index/d02/,check_catalog_row,catalog.variable.undocumented,WARN,20,"'effective_temp_index' at WRF/day is not in variable_descriptions.csv at any resolution, so climakitae has no unit or display name for it.",,effective_temp_index,catalog,,
WRF,UCLA,CESM2,historical,r11i1p1f1,day,effective_temp_index,d03,s3://cadcat/wrf/ucla/cesm2/historical/day/effective_temp_index/d03/,check_catalog_row,catalog.variable.undocumented,WARN,20,"'effective_temp_index' at WRF/day is not in variable_descriptions.csv at any resolution, so climakitae has no unit or display name for it.",,effective_temp_index,catalog,,
WRF,UCLA,CESM2,historical,r11i1p1f1,mon,dew_point,d01,s3://cadcat/wrf/ucla/cesm2/historical/mon/dew_point/d01/,check_catalog_row,catalog.variable.undocumented,WARN,20,"'dew_point' at WRF/mon is not in variable_descriptions.csv at any resolution, so climakitae has no unit or display name for it.",,dew_point,catalog,,
WRF,UCLA,CESM2,historical,r11i1p1f1,mon,dew_point,d02,s3://cadcat/wrf/ucla/cesm2/historical/mon/dew_point/d02/,check_catalog_row,catalog.variable.undocumented,WARN,20,"'dew_point' at WRF/mon is not in variable_descriptions.csv at any resolution, so climakitae has no unit or display name for it.",,dew_point,catalog,,
WRF,UCLA,CESM2,historical,r11i1p1f1,mon,dew_point,d03,s3://cadcat/wrf/ucla/cesm2/historical/mon/dew_point/d03/,check_catalog_row,catalog.variable.undocumented,WARN,20,"'dew_point' at WRF/mon is not in variable_descriptions.csv at any resolution, so climakitae has no unit or display name for it.",,dew_point,catalog,,
WRF,UCLA,CESM2,historical,r11i1p1f1,mon,effective_temp_index,d01,s3://cadcat/wrf/ucla/cesm2/historical/mon/effective_temp_index/d01/,check_catalog_row,catalog.variable.undocumented,WARN,20,"'effective_temp_index' at WRF/mon is not in variable_descriptions.csv at any resolution, so climakitae has no unit or display name for it.",,effective_temp_index,catalog,,
WRF,UCLA,CESM2,historical,r11i1p1f1,mon,effective_temp_index,d02,s3://cadcat/wrf/ucla/cesm2/historical/mon/effective_temp_index/d02/,check_catalog_row,catalog.variable.undocumented,WARN,20,"'effective_temp_index' at WRF/mon is not in variable_descriptions.csv at any resolution, so climakitae has no unit or display name for it.",,effective_temp_index,catalog,,
WRF,UCLA,CESM2,historical,r11i1p1f1,mon,effective_temp_index,d03,s3://cadcat/wrf/ucla/cesm2/historical/mon/effective_temp_index/d03/,check_catalog_row,catalog.variable.undocumented,WARN,20,"'effective_temp_index' at WRF/mon is not in variable_descriptions.csv at any resolution, so climakitae has no unit or display name for it.",,effective_temp_index,catalog,,
WRF,UCLA,CESM2,ssp245,r11i1p1f1,1hr,dew_point,d01,s3://cadcat/wrf/ucla/cesm2/ssp245/1hr/dew_point/d01/,check_catalog_row,catalog.variable.undocumented,WARN,20,"'dew_point' at WRF/1hr is not in variable_descriptions.csv at any resolution, so climakitae has no unit or display name for it.",,dew_point,catalog,,
WRF,UCLA,CESM2,ssp245,r11i1p1f1,1hr,dew_point,d02,s3://cadcat/wrf/ucla/cesm2/ssp245/1hr/dew_point/d02/,check_catalog_row,catalog.variable.undocumented,WARN,20,"'dew_point' at WRF/1hr is not in variable_descriptions.csv at any resolution, so climakitae has no unit or display name for it.",,dew_point,catalog,,
WRF,UCLA,CESM2,ssp245,r11i1p1f1,1hr,effective_temp_index,d01,s3://cadcat/wrf/ucla/cesm2/ssp245/1hr/effective_temp_index/d01/,check_catalog_row,catalog.variable.undocumented,WARN,20,"'effective_temp_index' at WRF/1hr is not in variable_descriptions.csv at any resolution, so climakitae has no unit or display name for it.",,effective_temp_index,catalog,,
WRF,UCLA,CESM2,ssp245,r11i1p1f1,1hr,effective_temp_index,d02,s3://cadcat/wrf/ucla/cesm2/ssp245/1hr/effective_temp_index/d02/,check_catalog_row,catalog.variable.undocumented,WARN,20,"'effective_temp_index' at WRF/1hr is not in variable_descriptions.csv at any resolution, so climakitae has no unit or display name for it.",,effective_temp_index,catalog,,
WRF,UCLA,CESM2,ssp245,r11i1p1f1,1hr,rh,d01,s3://cadcat/wrf/ucla/cesm2/ssp245/1hr/rh/d01/,check_catalog_row,catalog.variable.timescale_mismatch,WARN,20,"'rh' is published at WRF/1hr but variable_descriptions.csv lists it only at ['day', 'mon'], so no unit or display name resolves at this resolution.","day, mon",1hr,catalog,,
WRF,UCLA,CESM2,ssp245,r11i1p1f1,1hr,rh,d02,s3://cadcat/wrf/ucla/cesm2/ssp245/1hr/rh/d02/,check_catalog_row,catalog.variable.timescale_mismatch,WARN,20,"'rh' is published at WRF/1hr but variable_descriptions.csv lists it only at ['day', 'mon'], so no unit or display name resolves at this resolution.","day, mon",1hr,catalog,,
WRF,UCLA,CESM2,ssp245,r11i1p1f1,1hr,u10,d01,s3://cadcat/tmp/wrf/ucla/cesm2/ssp245/1hr/u10_earth/d01/,check_catalog_row,catalog.path.staging_prefix,ERROR,30,"Store is served from a 'tmp' prefix rather than the canonical location. Data under a staging prefix carries no persistence guarantee, so anything pinned to this path can break without notice.",s3://cadcat/wrf/ucla/cesm2/ssp245/1hr/u10/d01/,s3://cadcat/tmp/wrf/ucla/cesm2/ssp245/1hr/u10_earth/d01/,catalog,,
WRF,UCLA,CESM2,ssp245,r11i1p1f1,1hr,u10,d01,s3://cadcat/tmp/wrf/ucla/cesm2/ssp245/1hr/u10_earth/d01/,check_catalog_row,catalog.path.variable_qualifier_dropped,ERROR,30,"The store holds 'u10_earth' but the catalog indexes it as 'u10'. The '_earth' qualifier means earth-relative rather than grid-relative; WRF's native u10/v10 are aligned to the projection axes, so the two are not interchangeable without rotation. Because the catalog drops it, these records pool silently with ordinary 'u10' and no metadata check will notice.",u10,u10_earth,catalog,,
WRF,UCLA,CESM2,ssp245,r11i1p1f1,1hr,u10,d02,s3://cadcat/tmp/wrf/ucla/cesm2/ssp245/1hr/u10_earth/d02/,check_catalog_row,catalog.path.staging_prefix,ERROR,30,"Store is served from a 'tmp' prefix rather than the canonical location. Data under a staging prefix carries no persistence guarantee, so anything pinned to this path can break without notice.",s3://cadcat/wrf/ucla/cesm2/ssp245/1hr/u10/d02/,s3://cadcat/tmp/wrf/ucla/cesm2/ssp245/1hr/u10_earth/d02/,catalog,,
WRF,UCLA,CESM2,ssp245,r11i1p1f1,1hr,u10,d02,s3://cadcat/tmp/wrf/ucla/cesm2/ssp245/1hr/u10_earth/d02/,check_catalog_row,catalog.path.variable_qualifier_dropped,ERROR,30,"The store holds 'u10_earth' but the catalog indexes it as 'u10'. The '_earth' qualifier means earth-relative rather than grid-relative; WRF's native u10/v10 are aligned to the projection axes, so the two are not interchangeable without rotation. Because the catalog drops it, these records pool silently with ordinary 'u10' and no metadata check will notice.",u10,u10_earth,catalog,,
WRF,UCLA,CESM2,ssp245,r11i1p1f1,1hr,v10,d01,s3://cadcat/tmp/wrf/ucla/cesm2/ssp245/1hr/v10_earth/d01/,check_catalog_row,catalog.path.staging_prefix,ERROR,30,"Store is served from a 'tmp' prefix rather than the canonical location. Data under a staging prefix carries no persistence guarantee, so anything pinned to this path can break without notice.",s3://cadcat/wrf/ucla/cesm2/ssp245/1hr/v10/d01/,s3://cadcat/tmp/wrf/ucla/cesm2/ssp245/1hr/v10_earth/d01/,catalog,,
WRF,UCLA,CESM2,ssp245,r11i1p1f1,1hr,v10,d01,s3://cadcat/tmp/wrf/ucla/cesm2/ssp245/1hr/v10_earth/d01/,check_catalog_row,catalog.path.variable_qualifier_dropped,ERROR,30,"The store holds 'v10_earth' but the catalog indexes it as 'v10'. The '_earth' qualifier means earth-relative rather than grid-relative; WRF's native u10/v10 are aligned to the projection axes, so the two are not interchangeable without rotation. Because the catalog drops it, these records pool silently with ordinary 'v10' and no metadata check will notice.",v10,v10_earth,catalog,,
WRF,UCLA,CESM2,ssp245,r11i1p1f1,1hr,v10,d02,s3://cadcat/tmp/wrf/ucla/cesm2/ssp245/1hr/v10_earth/d02/,check_catalog_row,catalog.path.staging_prefix,ERROR,30,"Store is served from a 'tmp' prefix rather than the canonical location. Data under a staging prefix carries no persistence guarantee, so anything pinned to this path can break without notice.",s3://cadcat/wrf/ucla/cesm2/ssp245/1hr/v10/d02/,s3://cadcat/tmp/wrf/ucla/cesm2/ssp245/1hr/v10_earth/d02/,catalog,,
WRF,UCLA,CESM2,ssp245,r11i1p1f1,1hr,v10,d02,s3://cadcat/tmp/wrf/ucla/cesm2/ssp245/1hr/v10_earth/d02/,check_catalog_row,catalog.path.variable_qualifier_dropped,ERROR,30,"The store holds 'v10_earth' but the catalog indexes it as 'v10'. The '_earth' qualifier means earth-relative rather than grid-relative; WRF's native u10/v10 are aligned to the projection axes, so the two are not interchangeable without rotation. Because the catalog drops it, these records pool silently with ordinary 'v10' and no metadata check will notice.",v10,v10_earth,catalog,,
WRF,UCLA,CESM2,ssp245,r11i1p1f1,day,dew_point,d01,s3://cadcat/wrf/ucla/cesm2/ssp245/day/dew_point/d01/,check_catalog_row,catalog.variable.undocumented,WARN,20,"'dew_point' at WRF/day is not in variable_descriptions.csv at any resolution, so climakitae has no unit or display name for it.",,dew_point,catalog,,
WRF,UCLA,CESM2,ssp245,r11i1p1f1,day,dew_point,d02,s3://cadcat/wrf/ucla/cesm2/ssp245/day/dew_point/d02/,check_catalog_row,catalog.variable.undocumented,WARN,20,"'dew_point' at WRF/day is not in variable_descriptions.csv at any resolution, so climakitae has no unit or display name for it.",,dew_point,catalog,,
WRF,UCLA,CESM2,ssp245,r11i1p1f1,day,effective_temp_index,d01,s3://cadcat/wrf/ucla/cesm2/ssp245/day/effective_temp_index/d01/,check_catalog_row,catalog.variable.undocumented,WARN,20,"'effective_temp_index' at WRF/day is not in variable_descriptions.csv at any resolution, so climakitae has no unit or display name for it.",,effective_temp_index,catalog,,
WRF,UCLA,CESM2,ssp245,r11i1p1f1,day,effective_temp_index,d02,s3://cadcat/wrf/ucla/cesm2/ssp245/day/effective_temp_index/d02/,check_catalog_row,catalog.variable.undocumented,WARN,20,"'effective_temp_index' at WRF/day is not in variable_descriptions.csv at any resolution, so climakitae has no unit or display name for it.",,effective_temp_index,catalog,,
WRF,UCLA,CESM2,ssp245,r11i1p1f1,mon,dew_point,d01,s3://cadcat/wrf/ucla/cesm2/ssp245/mon/dew_point/d01/,check_catalog_row,catalog.variable.undocumented,WARN,20,"'dew_point' at WRF/mon is not in variable_descriptions.csv at any resolution, so climakitae has no unit or display name for it.",,dew_point,catalog,,
WRF,UCLA,CESM2,ssp245,r11i1p1f1,mon,dew_point,d02,s3://cadcat/wrf/ucla/cesm2/ssp245/mon/dew_point/d02/,check_catalog_row,catalog.variable.undocumented,WARN,20,"'dew_point' at WRF/mon is not in variable_descriptions.csv at any resolution, so climakitae has no unit or display name for it.",,dew_point,catalog,,
WRF,UCLA,CESM2,ssp245,r11i1p1f1,mon,effective_temp_index,d01,s3://cadcat/wrf/ucla/cesm2/ssp245/mon/effective_temp_index/d01/,check_catalog_row,catalog.variable.undocumented,WARN,20,"'effective_temp_index' at WRF/mon is not in variable_descriptions.csv at any resolution, so climakitae has no unit or display name for it.",,effective_temp_index,catalog,,
WRF,UCLA,CESM2,ssp245,r11i1p1f1,mon,effective_temp_index,d02,s3://cadcat/wrf/ucla/cesm2/ssp245/mon/effective_temp_index/d02/,check_catalog_row,catalog.variable.undocumented,WARN,20,"'effective_temp_index' at WRF/mon is not in variable_descriptions.csv at any resolution, so climakitae has no unit or display name for it.",,effective_temp_index,catalog,,
WRF,UCLA,CESM2,ssp370,r11i1p1f1,1hr,dew_point,d01,s3://cadcat/wrf/ucla/cesm2/ssp370/1hr/dew_point/d01/,check_catalog_row,catalog.variable.undocumented,WARN,20,"'dew_point' at WRF/1hr is not in variable_descriptions.csv at any resolution, so climakitae has no unit or display name for it.",,dew_point,catalog,,
WRF,UCLA,CESM2,ssp370,r11i1p1f1,1hr,dew_point,d02,s3://cadcat/wrf/ucla/cesm2/ssp370/1hr/dew_point/d02/,check_catalog_row,catalog.variable.undocumented,WARN,20,"'dew_point' at WRF/1hr is not in variable_descriptions.csv at any resolution, so climakitae has no unit or display name for it.",,dew_point,catalog,,
WRF,UCLA,CESM2,ssp370,r11i1p1f1,1hr,dew_point,d03,s3://cadcat/wrf/ucla/cesm2/ssp370/1hr/dew_point/d03/,check_catalog_row,catalog.variable.undocumented,WARN,20,"'dew_point' at WRF/1hr is not in variable_descriptions.csv at any resolution, so climakitae has no unit or display name for it.",,dew_point,catalog,,
WRF,UCLA,CESM2,ssp370,r11i1p1f1,1hr,effective_temp_index,d01,s3://cadcat/wrf/ucla/cesm2/ssp370/1hr/effective_temp_index/d01/,check_catalog_row,catalog.variable.undocumented,WARN,20,"'effective_temp_index' at WRF/1hr is not in variable_descriptions.csv at any resolution, so climakitae has no unit or display name for it.",,effective_temp_index,catalog,,
WRF,UCLA,CESM2,ssp370,r11i1p1f1,1hr,effective_temp_index,d02,s3://cadcat/wrf/ucla/cesm2/ssp370/1hr/effective_temp_index/d02/,check_catalog_row,catalog.variable.undocumented,WARN,20,"'effective_temp_index' at WRF/1hr is not in variable_descriptions.csv at any resolution, so climakitae has no unit or display name for it.",,effective_temp_index,catalog,,
WRF,UCLA,CESM2,ssp370,r11i1p1f1,1hr,effective_temp_index,d03,s3://cadcat/wrf/ucla/cesm2/ssp370/1hr/effective_temp_index/d03/,check_catalog_row,catalog.variable.undocumented,WARN,20,"'effective_temp_index' at WRF/1hr is not in variable_descriptions.csv at any resolution, so climakitae has no unit or display name for it.",,effective_temp_index,catalog,,
WRF,UCLA,CESM2,ssp370,r11i1p1f1,1hr,rh,d01,s3://cadcat/wrf/ucla/cesm2/ssp370/1hr/rh/d01/,check_catalog_row,catalog.variable.timescale_mismatch,WARN,20,"'rh' is published at WRF/1hr but variable_descriptions.csv lists it only at ['day', 'mon'], so no unit or display name resolves at this resolution.","day, mon",1hr,catalog,,
WRF,UCLA,CESM2,ssp370,r11i1p1f1,1hr,rh,d02,s3://cadcat/wrf/ucla/cesm2/ssp370/1hr/rh/d02/,check_catalog_row,catalog.variable.timescale_mismatch,WARN,20,"'rh' is published at WRF/1hr but variable_descriptions.csv lists it only at ['day', 'mon'], so no unit or display name resolves at this resolution.","day, mon",1hr,catalog,,
WRF,UCLA,CESM2,ssp370,r11i1p1f1,1hr,rh,d03,s3://cadcat/wrf/ucla/cesm2/ssp370/1hr/rh/d03/,check_catalog_row,catalog.variable.timescale_mismatch,WARN,20,"'rh' is published at WRF/1hr but variable_descriptions.csv lists it only at ['day', 'mon'], so no unit or display name resolves at this resolution.","day, mon",1hr,catalog,,
WRF,UCLA,CESM2,ssp370,r11i1p1f1,1hr,u10,d01,s3://cadcat/tmp/wrf/ucla/cesm2/ssp370/1hr/u10_earth/d01/,check_catalog_row,catalog.path.staging_prefix,ERROR,30,"Store is served from a 'tmp' prefix rather than the canonical location. Data under a staging prefix carries no persistence guarantee, so anything pinned to this path can break without notice.",s3://cadcat/wrf/ucla/cesm2/ssp370/1hr/u10/d01/,s3://cadcat/tmp/wrf/ucla/cesm2/ssp370/1hr/u10_earth/d01/,catalog,,
WRF,UCLA,CESM2,ssp370,r11i1p1f1,1hr,u10,d01,s3://cadcat/tmp/wrf/ucla/cesm2/ssp370/1hr/u10_earth/d01/,check_catalog_row,catalog.path.variable_qualifier_dropped,ERROR,30,"The store holds 'u10_earth' but the catalog indexes it as 'u10'. The '_earth' qualifier means earth-relative rather than grid-relative; WRF's native u10/v10 are aligned to the projection axes, so the two are not interchangeable without rotation. Because the catalog drops it, these records pool silently with ordinary 'u10' and no metadata check will notice.",u10,u10_earth,catalog,,
WRF,UCLA,CESM2,ssp370,r11i1p1f1,1hr,u10,d02,s3://cadcat/tmp/wrf/ucla/cesm2/ssp370/1hr/u10_earth/d02/,check_catalog_row,catalog.path.staging_prefix,ERROR,30,"Store is served from a 'tmp' prefix rather than the canonical location. Data under a staging prefix carries no persistence guarantee, so anything pinned to this path can break without notice.",s3://cadcat/wrf/ucla/cesm2/ssp370/1hr/u10/d02/,s3://cadcat/tmp/wrf/ucla/cesm2/ssp370/1hr/u10_earth/d02/,catalog,,
WRF,UCLA,CESM2,ssp370,r11i1p1f1,1hr,u10,d02,s3://cadcat/tmp/wrf/ucla/cesm2/ssp370/1hr/u10_earth/d02/,check_catalog_row,catalog.path.variable_qualifier_dropped,ERROR,30,"The store holds 'u10_earth' but the catalog indexes it as 'u10'. The '_earth' qualifier means earth-relative rather than grid-relative; WRF's native u10/v10 are aligned to the projection axes, so the two are not interchangeable without rotation. Because the catalog drops it, these records pool silently with ordinary 'u10' and no metadata check will notice.",u10,u10_earth,catalog,,
WRF,UCLA,CESM2,ssp370,r11i1p1f1,1hr,u10,d03,s3://cadcat/tmp/wrf/ucla/cesm2/ssp370/1hr/u10_earth/d03/,check_catalog_row,catalog.path.staging_prefix,ERROR,30,"Store is served from a 'tmp' prefix rather than the canonical location. Data under a staging prefix carries no persistence guarantee, so anything pinned to this path can break without notice.",s3://cadcat/wrf/ucla/cesm2/ssp370/1hr/u10/d03/,s3://cadcat/tmp/wrf/ucla/cesm2/ssp370/1hr/u10_earth/d03/,catalog,,
WRF,UCLA,CESM2,ssp370,r11i1p1f1,1hr,u10,d03,s3://cadcat/tmp/wrf/ucla/cesm2/ssp370/1hr/u10_earth/d03/,check_catalog_row,catalog.path.variable_qualifier_dropped,ERROR,30,"The store holds 'u10_earth' but the catalog indexes it as 'u10'. The '_earth' qualifier means earth-relative rather than grid-relative; WRF's native u10/v10 are aligned to the projection axes, so the two are not interchangeable without rotation. Because the catalog drops it, these records pool silently with ordinary 'u10' and no metadata check will notice.",u10,u10_earth,catalog,,
WRF,UCLA,CESM2,ssp370,r11i1p1f1,1hr,v10,d01,s3://cadcat/tmp/wrf/ucla/cesm2/ssp370/1hr/v10_earth/d01/,check_catalog_row,catalog.path.staging_prefix,ERROR,30,"Store is served from a 'tmp' prefix rather than the canonical location. Data under a staging prefix carries no persistence guarantee, so anything pinned to this path can break without notice.",s3://cadcat/wrf/ucla/cesm2/ssp370/1hr/v10/d01/,s3://cadcat/tmp/wrf/ucla/cesm2/ssp370/1hr/v10_earth/d01/,catalog,,
WRF,UCLA,CESM2,ssp370,r11i1p1f1,1hr,v10,d01,s3://cadcat/tmp/wrf/ucla/cesm2/ssp370/1hr/v10_earth/d01/,check_catalog_row,catalog.path.variable_qualifier_dropped,ERROR,30,"The store holds 'v10_earth' but the catalog indexes it as 'v10'. The '_earth' qualifier means earth-relative rather than grid-relative; WRF's native u10/v10 are aligned to the projection axes, so the two are not interchangeable without rotation. Because the catalog drops it, these records pool silently with ordinary 'v10' and no metadata check will notice.",v10,v10_earth,catalog,,
WRF,UCLA,CESM2,ssp370,r11i1p1f1,1hr,v10,d02,s3://cadcat/tmp/wrf/ucla/cesm2/ssp370/1hr/v10_earth/d02/,check_catalog_row,catalog.path.staging_prefix,ERROR,30,"Store is served from a 'tmp' prefix rather than the canonical location. Data under a staging prefix carries no persistence guarantee, so anything pinned to this path can break without notice.",s3://cadcat/wrf/ucla/cesm2/ssp370/1hr/v10/d02/,s3://cadcat/tmp/wrf/ucla/cesm2/ssp370/1hr/v10_earth/d02/,catalog,,
WRF,UCLA,CESM2,ssp370,r11i1p1f1,1hr,v10,d02,s3://cadcat/tmp/wrf/ucla/cesm2/ssp370/1hr/v10_earth/d02/,check_catalog_row,catalog.path.variable_qualifier_dropped,ERROR,30,"The store holds 'v10_earth' but the catalog indexes it as 'v10'. The '_earth' qualifier means earth-relative rather than grid-relative; WRF's native u10/v10 are aligned to the projection axes, so the two are not interchangeable without rotation. Because the catalog drops it, these records pool silently with ordinary 'v10' and no metadata check will notice.",v10,v10_earth,catalog,,
WRF,UCLA,CESM2,ssp370,r11i1p1f1,1hr,v10,d03,s3://cadcat/tmp/wrf/ucla/cesm2/ssp370/1hr/v10_earth/d03/,check_catalog_row,catalog.path.staging_prefix,ERROR,30,"Store is served from a 'tmp' prefix rather than the canonical location. Data under a staging prefix carries no persistence guarantee, so anything pinned to this path can break without notice.",s3://cadcat/wrf/ucla/cesm2/ssp370/1hr/v10/d03/,s3://cadcat/tmp/wrf/ucla/cesm2/ssp370/1hr/v10_earth/d03/,catalog,,
WRF,UCLA,CESM2,ssp370,r11i1p1f1,1hr,v10,d03,s3://cadcat/tmp/wrf/ucla/cesm2/ssp370/1hr/v10_earth/d03/,check_catalog_row,catalog.path.variable_qualifier_dropped,ERROR,30,"The store holds 'v10_earth' but the catalog indexes it as 'v10'. The '_earth' qualifier means earth-relative rather than grid-relative; WRF's native u10/v10 are aligned to the projection axes, so the two are not interchangeable without rotation. Because the catalog drops it, these records pool silently with ordinary 'v10' and no metadata check will notice.",v10,v10_earth,catalog,,
WRF,UCLA,CESM2,ssp370,r11i1p1f1,day,dew_point,d01,s3://cadcat/wrf/ucla/cesm2/ssp370/day/dew_point/d01/,check_catalog_row,catalog.variable.undocumented,WARN,20,"'dew_point' at WRF/day is not in variable_descriptions.csv at any resolution, so climakitae has no unit or display name for it.",,dew_point,catalog,,
WRF,UCLA,CESM2,ssp370,r11i1p1f1,day,dew_point,d02,s3://cadcat/wrf/ucla/cesm2/ssp370/day/dew_point/d02/,check_catalog_row,catalog.variable.undocumented,WARN,20,"'dew_point' at WRF/day is not in variable_descriptions.csv at any resolution, so climakitae has no unit or display name for it.",,dew_point,catalog,,
WRF,UCLA,CESM2,ssp370,r11i1p1f1,day,dew_point,d03,s3://cadcat/wrf/ucla/cesm2/ssp370/day/dew_point/d03/,check_catalog_row,catalog.variable.undocumented,WARN,20,"'dew_point' at WRF/day is not in variable_descriptions.csv at any resolution, so climakitae has no unit or display name for it.",,dew_point,catalog,,
WRF,UCLA,CESM2,ssp370,r11i1p1f1,day,effective_temp_index,d01,s3://cadcat/wrf/ucla/cesm2/ssp370/day/effective_temp_index/d01/,check_catalog_row,catalog.variable.undocumented,WARN,20,"'effective_temp_index' at WRF/day is not in variable_descriptions.csv at any resolution, so climakitae has no unit or display name for it.",,effective_temp_index,catalog,,
WRF,UCLA,CESM2,ssp370,r11i1p1f1,day,effective_temp_index,d02,s3://cadcat/wrf/ucla/cesm2/ssp370/day/effective_temp_index/d02/,check_catalog_row,catalog.variable.undocumented,WARN,20,"'effective_temp_index' at WRF/day is not in variable_descriptions.csv at any resolution, so climakitae has no unit or display name for it.",,effective_temp_index,catalog,,
WRF,UCLA,CESM2,ssp370,r11i1p1f1,day,effective_temp_index,d03,s3://cadcat/wrf/ucla/cesm2/ssp370/day/effective_temp_index/d03/,check_catalog_row,catalog.variable.undocumented,WARN,20,"'effective_temp_index' at WRF/day is not in variable_descriptions.csv at any resolution, so climakitae has no unit or display name for it.",,effective_temp_index,catalog,,
WRF,UCLA,CESM2,ssp370,r11i1p1f1,mon,dew_point,d01,s3://cadcat/wrf/ucla/cesm2/ssp370/mon/dew_point/d01/,check_catalog_row,catalog.variable.undocumented,WARN,20,"'dew_point' at WRF/mon is not in variable_descriptions.csv at any resolution, so climakitae has no unit or display name for it.",,dew_point,catalog,,
WRF,UCLA,CESM2,ssp370,r11i1p1f1,mon,dew_point,d02,s3://cadcat/wrf/ucla/cesm2/ssp370/mon/dew_point/d02/,check_catalog_row,catalog.variable.undocumented,WARN,20,"'dew_point' at WRF/mon is not in variable_descriptions.csv at any resolution, so climakitae has no unit or display name for it.",,dew_point,catalog,,
WRF,UCLA,CESM2,ssp370,r11i1p1f1,mon,dew_point,d03,s3://cadcat/wrf/ucla/cesm2/ssp370/mon/dew_point/d03/,check_catalog_row,catalog.variable.undocumented,WARN,20,"'dew_point' at WRF/mon is not in variable_descriptions.csv at any resolution, so climakitae has no unit or display name for it.",,dew_point,catalog,,
WRF,UCLA,CESM2,ssp370,r11i1p1f1,mon,effective_temp_index,d01,s3://cadcat/wrf/ucla/cesm2/ssp370/mon/effective_temp_index/d01/,check_catalog_row,catalog.variable.undocumented,WARN,20,"'effective_temp_index' at WRF/mon is not in variable_descriptions.csv at any resolution, so climakitae has no unit or display name for it.",,effective_temp_index,catalog,,
WRF,UCLA,CESM2,ssp370,r11i1p1f1,mon,effective_temp_index,d02,s3://cadcat/wrf/ucla/cesm2/ssp370/mon/effective_temp_index/d02/,check_catalog_row,catalog.variable.undocumented,WARN,20,"'effective_temp_index' at WRF/mon is not in variable_descriptions.csv at any resolution, so climakitae has no unit or display name for it.",,effective_temp_index,catalog,,
WRF,UCLA,CESM2,ssp370,r11i1p1f1,mon,effective_temp_index,d03,s3://cadcat/wrf/ucla/cesm2/ssp370/mon/effective_temp_index/d03/,check_catalog_row,catalog.variable.undocumented,WARN,20,"'effective_temp_index' at WRF/mon is not in variable_descriptions.csv at any resolution, so climakitae has no unit or display name for it.",,effective_temp_index,catalog,,
WRF,UCLA,CESM2,ssp585,r11i1p1f1,1hr,dew_point,d01,s3://cadcat/wrf/ucla/cesm2/ssp585/1hr/dew_point/d01/,check_catalog_row,catalog.variable.undocumented,WARN,20,"'dew_point' at WRF/1hr is not in variable_descriptions.csv at any resolution, so climakitae has no unit or display name for it.",,dew_point,catalog,,
WRF,UCLA,CESM2,ssp585,r11i1p1f1,1hr,dew_point,d02,s3://cadcat/wrf/ucla/cesm2/ssp585/1hr/dew_point/d02/,check_catalog_row,catalog.variable.undocumented,WARN,20,"'dew_point' at WRF/1hr is not in variable_descriptions.csv at any resolution, so climakitae has no unit or display name for it.",,dew_point,catalog,,
WRF,UCLA,CESM2,ssp585,r11i1p1f1,1hr,effective_temp_index,d01,s3://cadcat/wrf/ucla/cesm2/ssp585/1hr/effective_temp_index/d01/,check_catalog_row,catalog.variable.undocumented,WARN,20,"'effective_temp_index' at WRF/1hr is not in variable_descriptions.csv at any resolution, so climakitae has no unit or display name for it.",,effective_temp_index,catalog,,
WRF,UCLA,CESM2,ssp585,r11i1p1f1,1hr,effective_temp_index,d02,s3://cadcat/wrf/ucla/cesm2/ssp585/1hr/effective_temp_index/d02/,check_catalog_row,catalog.variable.undocumented,WARN,20,"'effective_temp_index' at WRF/1hr is not in variable_descriptions.csv at any resolution, so climakitae has no unit or display name for it.",,effective_temp_index,catalog,,
WRF,UCLA,CESM2,ssp585,r11i1p1f1,1hr,rh,d01,s3://cadcat/wrf/ucla/cesm2/ssp585/1hr/rh/d01/,check_catalog_row,catalog.variable.timescale_mismatch,WARN,20,"'rh' is published at WRF/1hr but variable_descriptions.csv lists it only at ['day', 'mon'], so no unit or display name resolves at this resolution.","day, mon",1hr,catalog,,
WRF,UCLA,CESM2,ssp585,r11i1p1f1,1hr,rh,d02,s3://cadcat/wrf/ucla/cesm2/ssp585/1hr/rh/d02/,check_catalog_row,catalog.variable.timescale_mismatch,WARN,20,"'rh' is published at WRF/1hr but variable_descriptions.csv lists it only at ['day', 'mon'], so no unit or display name resolves at this resolution.","day, mon",1hr,catalog,,
WRF,UCLA,CESM2,ssp585,r11i1p1f1,1hr,u10,d01,s3://cadcat/tmp/wrf/ucla/cesm2/ssp585/1hr/u10_earth/d01/,check_catalog_row,catalog.path.staging_prefix,ERROR,30,"Store is served from a 'tmp' prefix rather than the canonical location. Data under a staging prefix carries no persistence guarantee, so anything pinned to this path can break without notice.",s3://cadcat/wrf/ucla/cesm2/ssp585/1hr/u10/d01/,s3://cadcat/tmp/wrf/ucla/cesm2/ssp585/1hr/u10_earth/d01/,catalog,,
WRF,UCLA,CESM2,ssp585,r11i1p1f1,1hr,u10,d01,s3://cadcat/tmp/wrf/ucla/cesm2/ssp585/1hr/u10_earth/d01/,check_catalog_row,catalog.path.variable_qualifier_dropped,ERROR,30,"The store holds 'u10_earth' but the catalog indexes it as 'u10'. The '_earth' qualifier means earth-relative rather than grid-relative; WRF's native u10/v10 are aligned to the projection axes, so the two are not interchangeable without rotation. Because the catalog drops it, these records pool silently with ordinary 'u10' and no metadata check will notice.",u10,u10_earth,catalog,,
WRF,UCLA,CESM2,ssp585,r11i1p1f1,1hr,u10,d02,s3://cadcat/tmp/wrf/ucla/cesm2/ssp585/1hr/u10_earth/d02/,check_catalog_row,catalog.path.staging_prefix,ERROR,30,"Store is served from a 'tmp' prefix rather than the canonical location. Data under a staging prefix carries no persistence guarantee, so anything pinned to this path can break without notice.",s3://cadcat/wrf/ucla/cesm2/ssp585/1hr/u10/d02/,s3://cadcat/tmp/wrf/ucla/cesm2/ssp585/1hr/u10_earth/d02/,catalog,,
WRF,UCLA,CESM2,ssp585,r11i1p1f1,1hr,u10,d02,s3://cadcat/tmp/wrf/ucla/cesm2/ssp585/1hr/u10_earth/d02/,check_catalog_row,catalog.path.variable_qualifier_dropped,ERROR,30,"The store holds 'u10_earth' but the catalog indexes it as 'u10'. The '_earth' qualifier means earth-relative rather than grid-relative; WRF's native u10/v10 are aligned to the projection axes, so the two are not interchangeable without rotation. Because the catalog drops it, these records pool silently with ordinary 'u10' and no metadata check will notice.",u10,u10_earth,catalog,,
WRF,UCLA,CESM2,ssp585,r11i1p1f1,1hr,v10,d01,s3://cadcat/tmp/wrf/ucla/cesm2/ssp585/1hr/v10_earth/d01/,check_catalog_row,catalog.path.staging_prefix,ERROR,30,"Store is served from a 'tmp' prefix rather than the canonical location. Data under a staging prefix carries no persistence guarantee, so anything pinned to this path can break without notice.",s3://cadcat/wrf/ucla/cesm2/ssp585/1hr/v10/d01/,s3://cadcat/tmp/wrf/ucla/cesm2/ssp585/1hr/v10_earth/d01/,catalog,,
WRF,UCLA,CESM2,ssp585,r11i1p1f1,1hr,v10,d01,s3://cadcat/tmp/wrf/ucla/cesm2/ssp585/1hr/v10_earth/d01/,check_catalog_row,catalog.path.variable_qualifier_dropped,ERROR,30,"The store holds 'v10_earth' but the catalog indexes it as 'v10'. The '_earth' qualifier means earth-relative rather than grid-relative; WRF's native u10/v10 are aligned to the projection axes, so the two are not interchangeable without rotation. Because the catalog drops it, these records pool silently with ordinary 'v10' and no metadata check will notice.",v10,v10_earth,catalog,,
WRF,UCLA,CESM2,ssp585,r11i1p1f1,1hr,v10,d02,s3://cadcat/tmp/wrf/ucla/cesm2/ssp585/1hr/v10_earth/d02/,check_catalog_row,catalog.path.staging_prefix,ERROR,30,"Store is served from a 'tmp' prefix rather than the canonical location. Data under a staging prefix carries no persistence guarantee, so anything pinned to this path can break without notice.",s3://cadcat/wrf/ucla/cesm2/ssp585/1hr/v10/d02/,s3://cadcat/tmp/wrf/ucla/cesm2/ssp585/1hr/v10_earth/d02/,catalog,,
WRF,UCLA,CESM2,ssp585,r11i1p1f1,1hr,v10,d02,s3://cadcat/tmp/wrf/ucla/cesm2/ssp585/1hr/v10_earth/d02/,check_catalog_row,catalog.path.variable_qualifier_dropped,ERROR,30,"The store holds 'v10_earth' but the catalog indexes it as 'v10'. The '_earth' qualifier means earth-relative rather than grid-relative; WRF's native u10/v10 are aligned to the projection axes, so the two are not interchangeable without rotation. Because the catalog drops it, these records pool silently with ordinary 'v10' and no metadata check will notice.",v10,v10_earth,catalog,,
WRF,UCLA,CESM2,ssp585,r11i1p1f1,day,dew_point,d01,s3://cadcat/wrf/ucla/cesm2/ssp585/day/dew_point/d01/,check_catalog_row,catalog.variable.undocumented,WARN,20,"'dew_point' at WRF/day is not in variable_descriptions.csv at any resolution, so climakitae has no unit or display name for it.",,dew_point,catalog,,
WRF,UCLA,CESM2,ssp585,r11i1p1f1,day,dew_point,d02,s3://cadcat/wrf/ucla/cesm2/ssp585/day/dew_point/d02/,check_catalog_row,catalog.variable.undocumented,WARN,20,"'dew_point' at WRF/day is not in variable_descriptions.csv at any resolution, so climakitae has no unit or display name for it.",,dew_point,catalog,,
WRF,UCLA,CESM2,ssp585,r11i1p1f1,day,effective_temp_index,d01,s3://cadcat/wrf/ucla/cesm2/ssp585/day/effective_temp_index/d01/,check_catalog_row,catalog.variable.undocumented,WARN,20,"'effective_temp_index' at WRF/day is not in variable_descriptions.csv at any resolution, so climakitae has no unit or display name for it.",,effective_temp_index,catalog,,
WRF,UCLA,CESM2,ssp585,r11i1p1f1,day,effective_temp_index,d02,s3://cadcat/wrf/ucla/cesm2/ssp585/day/effective_temp_index/d02/,check_catalog_row,catalog.variable.undocumented,WARN,20,"'effective_temp_index' at WRF/day is not in variable_descriptions.csv at any resolution, so climakitae has no unit or display name for it.",,effective_temp_index,catalog,,
WRF,UCLA,CESM2,ssp585,r11i1p1f1,mon,dew_point,d01,s3://cadcat/wrf/ucla/cesm2/ssp585/mon/dew_point/d01/,check_catalog_row,catalog.variable.undocumented,WARN,20,"'dew_point' at WRF/mon is not in variable_descriptions.csv at any resolution, so climakitae has no unit or display name for it.",,dew_point,catalog,,
WRF,UCLA,CESM2,ssp585,r11i1p1f1,mon,dew_point,d02,s3://cadcat/wrf/ucla/cesm2/ssp585/mon/dew_point/d02/,check_catalog_row,catalog.variable.undocumented,WARN,20,"'dew_point' at WRF/mon is not in variable_descriptions.csv at any resolution, so climakitae has no unit or display name for it.",,dew_point,catalog,,
WRF,UCLA,CESM2,ssp585,r11i1p1f1,mon,effective_temp_index,d01,s3://cadcat/wrf/ucla/cesm2/ssp585/mon/effective_temp_index/d01/,check_catalog_row,catalog.variable.undocumented,WARN,20,"'effective_temp_index' at WRF/mon is not in variable_descriptions.csv at any resolution, so climakitae has no unit or display name for it.",,effective_temp_index,catalog,,
WRF,UCLA,CESM2,ssp585,r11i1p1f1,mon,effective_temp_index,d02,s3://cadcat/wrf/ucla/cesm2/ssp585/mon/effective_temp_index/d02/,check_catalog_row,catalog.variable.undocumented,WARN,20,"'effective_temp_index' at WRF/mon is not in variable_descriptions.csv at any resolution, so climakitae has no unit or display name for it.",,effective_temp_index,catalog,,
WRF,UCLA,CNRM-ESM2-1,historical,r1i1p1f2,1hr,dew_point,d01,s3://cadcat/wrf/ucla/cnrm-esm2-1/historical/1hr/dew_point/d01/,check_catalog_row,catalog.variable.undocumented,WARN,20,"'dew_point' at WRF/1hr is not in variable_descriptions.csv at any resolution, so climakitae has no unit or display name for it.",,dew_point,catalog,,
WRF,UCLA,CNRM-ESM2-1,historical,r1i1p1f2,1hr,dew_point,d02,s3://cadcat/wrf/ucla/cnrm-esm2-1/historical/1hr/dew_point/d02/,check_catalog_row,catalog.variable.undocumented,WARN,20,"'dew_point' at WRF/1hr is not in variable_descriptions.csv at any resolution, so climakitae has no unit or display name for it.",,dew_point,catalog,,
WRF,UCLA,CNRM-ESM2-1,historical,r1i1p1f2,1hr,dew_point,d03,s3://cadcat/wrf/ucla/cnrm-esm2-1/historical/1hr/dew_point/d03/,check_catalog_row,catalog.variable.undocumented,WARN,20,"'dew_point' at WRF/1hr is not in variable_descriptions.csv at any resolution, so climakitae has no unit or display name for it.",,dew_point,catalog,,
WRF,UCLA,CNRM-ESM2-1,historical,r1i1p1f2,1hr,effective_temp_index,d01,s3://cadcat/wrf/ucla/cnrm-esm2-1/historical/1hr/effective_temp_index/d01/,check_catalog_row,catalog.variable.undocumented,WARN,20,"'effective_temp_index' at WRF/1hr is not in variable_descriptions.csv at any resolution, so climakitae has no unit or display name for it.",,effective_temp_index,catalog,,
WRF,UCLA,CNRM-ESM2-1,historical,r1i1p1f2,1hr,effective_temp_index,d02,s3://cadcat/wrf/ucla/cnrm-esm2-1/historical/1hr/effective_temp_index/d02/,check_catalog_row,catalog.variable.undocumented,WARN,20,"'effective_temp_index' at WRF/1hr is not in variable_descriptions.csv at any resolution, so climakitae has no unit or display name for it.",,effective_temp_index,catalog,,
WRF,UCLA,CNRM-ESM2-1,historical,r1i1p1f2,1hr,effective_temp_index,d03,s3://cadcat/wrf/ucla/cnrm-esm2-1/historical/1hr/effective_temp_index/d03/,check_catalog_row,catalog.variable.undocumented,WARN,20,"'effective_temp_index' at WRF/1hr is not in variable_descriptions.csv at any resolution, so climakitae has no unit or display name for it.",,effective_temp_index,catalog,,
WRF,UCLA,CNRM-ESM2-1,historical,r1i1p1f2,1hr,rh,d01,s3://cadcat/wrf/ucla/cnrm-esm2-1/historical/1hr/rh/d01/,check_catalog_row,catalog.variable.timescale_mismatch,WARN,20,"'rh' is published at WRF/1hr but variable_descriptions.csv lists it only at ['day', 'mon'], so no unit or display name resolves at this resolution.","day, mon",1hr,catalog,,
WRF,UCLA,CNRM-ESM2-1,historical,r1i1p1f2,1hr,rh,d02,s3://cadcat/wrf/ucla/cnrm-esm2-1/historical/1hr/rh/d02/,check_catalog_row,catalog.variable.timescale_mismatch,WARN,20,"'rh' is published at WRF/1hr but variable_descriptions.csv lists it only at ['day', 'mon'], so no unit or display name resolves at this resolution.","day, mon",1hr,catalog,,
WRF,UCLA,CNRM-ESM2-1,historical,r1i1p1f2,1hr,rh,d03,s3://cadcat/wrf/ucla/cnrm-esm2-1/historical/1hr/rh/d03/,check_catalog_row,catalog.variable.timescale_mismatch,WARN,20,"'rh' is published at WRF/1hr but variable_descriptions.csv lists it only at ['day', 'mon'], so no unit or display name resolves at this resolution.","day, mon",1hr,catalog,,
WRF,UCLA,CNRM-ESM2-1,historical,r1i1p1f2,1hr,u10,d01,s3://cadcat/tmp/wrf/ucla/cnrm-esm2-1/historical/1hr/u10_earth/d01/,check_catalog_row,catalog.path.staging_prefix,ERROR,30,"Store is served from a 'tmp' prefix rather than the canonical location. Data under a staging prefix carries no persistence guarantee, so anything pinned to this path can break without notice.",s3://cadcat/wrf/ucla/cnrm-esm2-1/historical/1hr/u10/d01/,s3://cadcat/tmp/wrf/ucla/cnrm-esm2-1/historical/1hr/u10_earth/d01/,catalog,,
WRF,UCLA,CNRM-ESM2-1,historical,r1i1p1f2,1hr,u10,d01,s3://cadcat/tmp/wrf/ucla/cnrm-esm2-1/historical/1hr/u10_earth/d01/,check_catalog_row,catalog.path.variable_qualifier_dropped,ERROR,30,"The store holds 'u10_earth' but the catalog indexes it as 'u10'. The '_earth' qualifier means earth-relative rather than grid-relative; WRF's native u10/v10 are aligned to the projection axes, so the two are not interchangeable without rotation. Because the catalog drops it, these records pool silently with ordinary 'u10' and no metadata check will notice.",u10,u10_earth,catalog,,
WRF,UCLA,CNRM-ESM2-1,historical,r1i1p1f2,1hr,u10,d02,s3://cadcat/tmp/wrf/ucla/cnrm-esm2-1/historical/1hr/u10_earth/d02/,check_catalog_row,catalog.path.staging_prefix,ERROR,30,"Store is served from a 'tmp' prefix rather than the canonical location. Data under a staging prefix carries no persistence guarantee, so anything pinned to this path can break without notice.",s3://cadcat/wrf/ucla/cnrm-esm2-1/historical/1hr/u10/d02/,s3://cadcat/tmp/wrf/ucla/cnrm-esm2-1/historical/1hr/u10_earth/d02/,catalog,,
WRF,UCLA,CNRM-ESM2-1,historical,r1i1p1f2,1hr,u10,d02,s3://cadcat/tmp/wrf/ucla/cnrm-esm2-1/historical/1hr/u10_earth/d02/,check_catalog_row,catalog.path.variable_qualifier_dropped,ERROR,30,"The store holds 'u10_earth' but the catalog indexes it as 'u10'. The '_earth' qualifier means earth-relative rather than grid-relative; WRF's native u10/v10 are aligned to the projection axes, so the two are not interchangeable without rotation. Because the catalog drops it, these records pool silently with ordinary 'u10' and no metadata check will notice.",u10,u10_earth,catalog,,
WRF,UCLA,CNRM-ESM2-1,historical,r1i1p1f2,1hr,u10,d03,s3://cadcat/tmp/wrf/ucla/cnrm-esm2-1/historical/1hr/u10_earth/d03/,check_catalog_row,catalog.path.staging_prefix,ERROR,30,"Store is served from a 'tmp' prefix rather than the canonical location. Data under a staging prefix carries no persistence guarantee, so anything pinned to this path can break without notice.",s3://cadcat/wrf/ucla/cnrm-esm2-1/historical/1hr/u10/d03/,s3://cadcat/tmp/wrf/ucla/cnrm-esm2-1/historical/1hr/u10_earth/d03/,catalog,,
WRF,UCLA,CNRM-ESM2-1,historical,r1i1p1f2,1hr,u10,d03,s3://cadcat/tmp/wrf/ucla/cnrm-esm2-1/historical/1hr/u10_earth/d03/,check_catalog_row,catalog.path.variable_qualifier_dropped,ERROR,30,"The store holds 'u10_earth' but the catalog indexes it as 'u10'. The '_earth' qualifier means earth-relative rather than grid-relative; WRF's native u10/v10 are aligned to the projection axes, so the two are not interchangeable without rotation. Because the catalog drops it, these records pool silently with ordinary 'u10' and no metadata check will notice.",u10,u10_earth,catalog,,
WRF,UCLA,CNRM-ESM2-1,historical,r1i1p1f2,1hr,v10,d01,s3://cadcat/tmp/wrf/ucla/cnrm-esm2-1/historical/1hr/v10_earth/d01/,check_catalog_row,catalog.path.staging_prefix,ERROR,30,"Store is served from a 'tmp' prefix rather than the canonical location. Data under a staging prefix carries no persistence guarantee, so anything pinned to this path can break without notice.",s3://cadcat/wrf/ucla/cnrm-esm2-1/historical/1hr/v10/d01/,s3://cadcat/tmp/wrf/ucla/cnrm-esm2-1/historical/1hr/v10_earth/d01/,catalog,,
WRF,UCLA,CNRM-ESM2-1,historical,r1i1p1f2,1hr,v10,d01,s3://cadcat/tmp/wrf/ucla/cnrm-esm2-1/historical/1hr/v10_earth/d01/,check_catalog_row,catalog.path.variable_qualifier_dropped,ERROR,30,"The store holds 'v10_earth' but the catalog indexes it as 'v10'. The '_earth' qualifier means earth-relative rather than grid-relative; WRF's native u10/v10 are aligned to the projection axes, so the two are not interchangeable without rotation. Because the catalog drops it, these records pool silently with ordinary 'v10' and no metadata check will notice.",v10,v10_earth,catalog,,
WRF,UCLA,CNRM-ESM2-1,historical,r1i1p1f2,1hr,v10,d02,s3://cadcat/tmp/wrf/ucla/cnrm-esm2-1/historical/1hr/v10_earth/d02/,check_catalog_row,catalog.path.staging_prefix,ERROR,30,"Store is served from a 'tmp' prefix rather than the canonical location. Data under a staging prefix carries no persistence guarantee, so anything pinned to this path can break without notice.",s3://cadcat/wrf/ucla/cnrm-esm2-1/historical/1hr/v10/d02/,s3://cadcat/tmp/wrf/ucla/cnrm-esm2-1/historical/1hr/v10_earth/d02/,catalog,,
WRF,UCLA,CNRM-ESM2-1,historical,r1i1p1f2,1hr,v10,d02,s3://cadcat/tmp/wrf/ucla/cnrm-esm2-1/historical/1hr/v10_earth/d02/,check_catalog_row,catalog.path.variable_qualifier_dropped,ERROR,30,"The store holds 'v10_earth' but the catalog indexes it as 'v10'. The '_earth' qualifier means earth-relative rather than grid-relative; WRF's native u10/v10 are aligned to the projection axes, so the two are not interchangeable without rotation. Because the catalog drops it, these records pool silently with ordinary 'v10' and no metadata check will notice.",v10,v10_earth,catalog,,
WRF,UCLA,CNRM-ESM2-1,historical,r1i1p1f2,1hr,v10,d03,s3://cadcat/tmp/wrf/ucla/cnrm-esm2-1/historical/1hr/v10_earth/d03/,check_catalog_row,catalog.path.staging_prefix,ERROR,30,"Store is served from a 'tmp' prefix rather than the canonical location. Data under a staging prefix carries no persistence guarantee, so anything pinned to this path can break without notice.",s3://cadcat/wrf/ucla/cnrm-esm2-1/historical/1hr/v10/d03/,s3://cadcat/tmp/wrf/ucla/cnrm-esm2-1/historical/1hr/v10_earth/d03/,catalog,,
WRF,UCLA,CNRM-ESM2-1,historical,r1i1p1f2,1hr,v10,d03,s3://cadcat/tmp/wrf/ucla/cnrm-esm2-1/historical/1hr/v10_earth/d03/,check_catalog_row,catalog.path.variable_qualifier_dropped,ERROR,30,"The store holds 'v10_earth' but the catalog indexes it as 'v10'. The '_earth' qualifier means earth-relative rather than grid-relative; WRF's native u10/v10 are aligned to the projection axes, so the two are not interchangeable without rotation. Because the catalog drops it, these records pool silently with ordinary 'v10' and no metadata check will notice.",v10,v10_earth,catalog,,
WRF,UCLA,CNRM-ESM2-1,historical,r1i1p1f2,day,dew_point,d01,s3://cadcat/wrf/ucla/cnrm-esm2-1/historical/day/dew_point/d01/,check_catalog_row,catalog.variable.undocumented,WARN,20,"'dew_point' at WRF/day is not in variable_descriptions.csv at any resolution, so climakitae has no unit or display name for it.",,dew_point,catalog,,
WRF,UCLA,CNRM-ESM2-1,historical,r1i1p1f2,day,dew_point,d02,s3://cadcat/wrf/ucla/cnrm-esm2-1/historical/day/dew_point/d02/,check_catalog_row,catalog.variable.undocumented,WARN,20,"'dew_point' at WRF/day is not in variable_descriptions.csv at any resolution, so climakitae has no unit or display name for it.",,dew_point,catalog,,
WRF,UCLA,CNRM-ESM2-1,historical,r1i1p1f2,day,dew_point,d03,s3://cadcat/wrf/ucla/cnrm-esm2-1/historical/day/dew_point/d03/,check_catalog_row,catalog.variable.undocumented,WARN,20,"'dew_point' at WRF/day is not in variable_descriptions.csv at any resolution, so climakitae has no unit or display name for it.",,dew_point,catalog,,
WRF,UCLA,CNRM-ESM2-1,historical,r1i1p1f2,day,effective_temp_index,d01,s3://cadcat/wrf/ucla/cnrm-esm2-1/historical/day/effective_temp_index/d01/,check_catalog_row,catalog.variable.undocumented,WARN,20,"'effective_temp_index' at WRF/day is not in variable_descriptions.csv at any resolution, so climakitae has no unit or display name for it.",,effective_temp_index,catalog,,
WRF,UCLA,CNRM-ESM2-1,historical,r1i1p1f2,day,effective_temp_index,d02,s3://cadcat/wrf/ucla/cnrm-esm2-1/historical/day/effective_temp_index/d02/,check_catalog_row,catalog.variable.undocumented,WARN,20,"'effective_temp_index' at WRF/day is not in variable_descriptions.csv at any resolution, so climakitae has no unit or display name for it.",,effective_temp_index,catalog,,
WRF,UCLA,CNRM-ESM2-1,historical,r1i1p1f2,day,effective_temp_index,d03,s3://cadcat/wrf/ucla/cnrm-esm2-1/historical/day/effective_temp_index/d03/,check_catalog_row,catalog.variable.undocumented,WARN,20,"'effective_temp_index' at WRF/day is not in variable_descriptions.csv at any resolution, so climakitae has no unit or display name for it.",,effective_temp_index,catalog,,
WRF,UCLA,CNRM-ESM2-1,historical,r1i1p1f2,mon,dew_point,d01,s3://cadcat/wrf/ucla/cnrm-esm2-1/historical/mon/dew_point/d01/,check_catalog_row,catalog.variable.undocumented,WARN,20,"'dew_point' at WRF/mon is not in variable_descriptions.csv at any resolution, so climakitae has no unit or display name for it.",,dew_point,catalog,,
WRF,UCLA,CNRM-ESM2-1,historical,r1i1p1f2,mon,dew_point,d02,s3://cadcat/wrf/ucla/cnrm-esm2-1/historical/mon/dew_point/d02/,check_catalog_row,catalog.variable.undocumented,WARN,20,"'dew_point' at WRF/mon is not in variable_descriptions.csv at any resolution, so climakitae has no unit or display name for it.",,dew_point,catalog,,
WRF,UCLA,CNRM-ESM2-1,historical,r1i1p1f2,mon,dew_point,d03,s3://cadcat/wrf/ucla/cnrm-esm2-1/historical/mon/dew_point/d03/,check_catalog_row,catalog.variable.undocumented,WARN,20,"'dew_point' at WRF/mon is not in variable_descriptions.csv at any resolution, so climakitae has no unit or display name for it.",,dew_point,catalog,,
WRF,UCLA,CNRM-ESM2-1,historical,r1i1p1f2,mon,effective_temp_index,d01,s3://cadcat/wrf/ucla/cnrm-esm2-1/historical/mon/effective_temp_index/d01/,check_catalog_row,catalog.variable.undocumented,WARN,20,"'effective_temp_index' at WRF/mon is not in variable_descriptions.csv at any resolution, so climakitae has no unit or display name for it.",,effective_temp_index,catalog,,
WRF,UCLA,CNRM-ESM2-1,historical,r1i1p1f2,mon,effective_temp_index,d02,s3://cadcat/wrf/ucla/cnrm-esm2-1/historical/mon/effective_temp_index/d02/,check_catalog_row,catalog.variable.undocumented,WARN,20,"'effective_temp_index' at WRF/mon is not in variable_descriptions.csv at any resolution, so climakitae has no unit or display name for it.",,effective_temp_index,catalog,,
WRF,UCLA,CNRM-ESM2-1,historical,r1i1p1f2,mon,effective_temp_index,d03,s3://cadcat/wrf/ucla/cnrm-esm2-1/historical/mon/effective_temp_index/d03/,check_catalog_row,catalog.variable.undocumented,WARN,20,"'effective_temp_index' at WRF/mon is not in variable_descriptions.csv at any resolution, so climakitae has no unit or display name for it.",,effective_temp_index,catalog,,
WRF,UCLA,CNRM-ESM2-1,ssp370,r1i1p1f2,1hr,dew_point,d01,s3://cadcat/wrf/ucla/cnrm-esm2-1/ssp370/1hr/dew_point/d01/,check_catalog_row,catalog.variable.undocumented,WARN,20,"'dew_point' at WRF/1hr is not in variable_descriptions.csv at any resolution, so climakitae has no unit or display name for it.",,dew_point,catalog,,
WRF,UCLA,CNRM-ESM2-1,ssp370,r1i1p1f2,1hr,dew_point,d02,s3://cadcat/wrf/ucla/cnrm-esm2-1/ssp370/1hr/dew_point/d02/,check_catalog_row,catalog.variable.undocumented,WARN,20,"'dew_point' at WRF/1hr is not in variable_descriptions.csv at any resolution, so climakitae has no unit or display name for it.",,dew_point,catalog,,
WRF,UCLA,CNRM-ESM2-1,ssp370,r1i1p1f2,1hr,dew_point,d03,s3://cadcat/wrf/ucla/cnrm-esm2-1/ssp370/1hr/dew_point/d03/,check_catalog_row,catalog.variable.undocumented,WARN,20,"'dew_point' at WRF/1hr is not in variable_descriptions.csv at any resolution, so climakitae has no unit or display name for it.",,dew_point,catalog,,
WRF,UCLA,CNRM-ESM2-1,ssp370,r1i1p1f2,1hr,effective_temp_index,d01,s3://cadcat/wrf/ucla/cnrm-esm2-1/ssp370/1hr/effective_temp_index/d01/,check_catalog_row,catalog.variable.undocumented,WARN,20,"'effective_temp_index' at WRF/1hr is not in variable_descriptions.csv at any resolution, so climakitae has no unit or display name for it.",,effective_temp_index,catalog,,
WRF,UCLA,CNRM-ESM2-1,ssp370,r1i1p1f2,1hr,effective_temp_index,d02,s3://cadcat/wrf/ucla/cnrm-esm2-1/ssp370/1hr/effective_temp_index/d02/,check_catalog_row,catalog.variable.undocumented,WARN,20,"'effective_temp_index' at WRF/1hr is not in variable_descriptions.csv at any resolution, so climakitae has no unit or display name for it.",,effective_temp_index,catalog,,
WRF,UCLA,CNRM-ESM2-1,ssp370,r1i1p1f2,1hr,effective_temp_index,d03,s3://cadcat/wrf/ucla/cnrm-esm2-1/ssp370/1hr/effective_temp_index/d03/,check_catalog_row,catalog.variable.undocumented,WARN,20,"'effective_temp_index' at WRF/1hr is not in variable_descriptions.csv at any resolution, so climakitae has no unit or display name for it.",,effective_temp_index,catalog,,
WRF,UCLA,CNRM-ESM2-1,ssp370,r1i1p1f2,1hr,rh,d01,s3://cadcat/wrf/ucla/cnrm-esm2-1/ssp370/1hr/rh/d01/,check_catalog_row,catalog.variable.timescale_mismatch,WARN,20,"'rh' is published at WRF/1hr but variable_descriptions.csv lists it only at ['day', 'mon'], so no unit or display name resolves at this resolution.","day, mon",1hr,catalog,,
WRF,UCLA,CNRM-ESM2-1,ssp370,r1i1p1f2,1hr,rh,d02,s3://cadcat/wrf/ucla/cnrm-esm2-1/ssp370/1hr/rh/d02/,check_catalog_row,catalog.variable.timescale_mismatch,WARN,20,"'rh' is published at WRF/1hr but variable_descriptions.csv lists it only at ['day', 'mon'], so no unit or display name resolves at this resolution.","day, mon",1hr,catalog,,
WRF,UCLA,CNRM-ESM2-1,ssp370,r1i1p1f2,1hr,rh,d03,s3://cadcat/wrf/ucla/cnrm-esm2-1/ssp370/1hr/rh/d03/,check_catalog_row,catalog.variable.timescale_mismatch,WARN,20,"'rh' is published at WRF/1hr but variable_descriptions.csv lists it only at ['day', 'mon'], so no unit or display name resolves at this resolution.","day, mon",1hr,catalog,,
WRF,UCLA,CNRM-ESM2-1,ssp370,r1i1p1f2,1hr,u10,d01,s3://cadcat/tmp/wrf/ucla/cnrm-esm2-1/ssp370/1hr/u10_earth/d01/,check_catalog_row,catalog.path.staging_prefix,ERROR,30,"Store is served from a 'tmp' prefix rather than the canonical location. Data under a staging prefix carries no persistence guarantee, so anything pinned to this path can break without notice.",s3://cadcat/wrf/ucla/cnrm-esm2-1/ssp370/1hr/u10/d01/,s3://cadcat/tmp/wrf/ucla/cnrm-esm2-1/ssp370/1hr/u10_earth/d01/,catalog,,
WRF,UCLA,CNRM-ESM2-1,ssp370,r1i1p1f2,1hr,u10,d01,s3://cadcat/tmp/wrf/ucla/cnrm-esm2-1/ssp370/1hr/u10_earth/d01/,check_catalog_row,catalog.path.variable_qualifier_dropped,ERROR,30,"The store holds 'u10_earth' but the catalog indexes it as 'u10'. The '_earth' qualifier means earth-relative rather than grid-relative; WRF's native u10/v10 are aligned to the projection axes, so the two are not interchangeable without rotation. Because the catalog drops it, these records pool silently with ordinary 'u10' and no metadata check will notice.",u10,u10_earth,catalog,,
WRF,UCLA,CNRM-ESM2-1,ssp370,r1i1p1f2,1hr,u10,d02,s3://cadcat/tmp/wrf/ucla/cnrm-esm2-1/ssp370/1hr/u10_earth/d02/,check_catalog_row,catalog.path.staging_prefix,ERROR,30,"Store is served from a 'tmp' prefix rather than the canonical location. Data under a staging prefix carries no persistence guarantee, so anything pinned to this path can break without notice.",s3://cadcat/wrf/ucla/cnrm-esm2-1/ssp370/1hr/u10/d02/,s3://cadcat/tmp/wrf/ucla/cnrm-esm2-1/ssp370/1hr/u10_earth/d02/,catalog,,
WRF,UCLA,CNRM-ESM2-1,ssp370,r1i1p1f2,1hr,u10,d02,s3://cadcat/tmp/wrf/ucla/cnrm-esm2-1/ssp370/1hr/u10_earth/d02/,check_catalog_row,catalog.path.variable_qualifier_dropped,ERROR,30,"The store holds 'u10_earth' but the catalog indexes it as 'u10'. The '_earth' qualifier means earth-relative rather than grid-relative; WRF's native u10/v10 are aligned to the projection axes, so the two are not interchangeable without rotation. Because the catalog drops it, these records pool silently with ordinary 'u10' and no metadata check will notice.",u10,u10_earth,catalog,,
WRF,UCLA,CNRM-ESM2-1,ssp370,r1i1p1f2,1hr,u10,d03,s3://cadcat/tmp/wrf/ucla/cnrm-esm2-1/ssp370/1hr/u10_earth/d03/,check_catalog_row,catalog.path.staging_prefix,ERROR,30,"Store is served from a 'tmp' prefix rather than the canonical location. Data under a staging prefix carries no persistence guarantee, so anything pinned to this path can break without notice.",s3://cadcat/wrf/ucla/cnrm-esm2-1/ssp370/1hr/u10/d03/,s3://cadcat/tmp/wrf/ucla/cnrm-esm2-1/ssp370/1hr/u10_earth/d03/,catalog,,
WRF,UCLA,CNRM-ESM2-1,ssp370,r1i1p1f2,1hr,u10,d03,s3://cadcat/tmp/wrf/ucla/cnrm-esm2-1/ssp370/1hr/u10_earth/d03/,check_catalog_row,catalog.path.variable_qualifier_dropped,ERROR,30,"The store holds 'u10_earth' but the catalog indexes it as 'u10'. The '_earth' qualifier means earth-relative rather than grid-relative; WRF's native u10/v10 are aligned to the projection axes, so the two are not interchangeable without rotation. Because the catalog drops it, these records pool silently with ordinary 'u10' and no metadata check will notice.",u10,u10_earth,catalog,,
WRF,UCLA,CNRM-ESM2-1,ssp370,r1i1p1f2,1hr,v10,d01,s3://cadcat/tmp/wrf/ucla/cnrm-esm2-1/ssp370/1hr/v10_earth/d01/,check_catalog_row,catalog.path.staging_prefix,ERROR,30,"Store is served from a 'tmp' prefix rather than the canonical location. Data under a staging prefix carries no persistence guarantee, so anything pinned to this path can break without notice.",s3://cadcat/wrf/ucla/cnrm-esm2-1/ssp370/1hr/v10/d01/,s3://cadcat/tmp/wrf/ucla/cnrm-esm2-1/ssp370/1hr/v10_earth/d01/,catalog,,
WRF,UCLA,CNRM-ESM2-1,ssp370,r1i1p1f2,1hr,v10,d01,s3://cadcat/tmp/wrf/ucla/cnrm-esm2-1/ssp370/1hr/v10_earth/d01/,check_catalog_row,catalog.path.variable_qualifier_dropped,ERROR,30,"The store holds 'v10_earth' but the catalog indexes it as 'v10'. The '_earth' qualifier means earth-relative rather than grid-relative; WRF's native u10/v10 are aligned to the projection axes, so the two are not interchangeable without rotation. Because the catalog drops it, these records pool silently with ordinary 'v10' and no metadata check will notice.",v10,v10_earth,catalog,,
WRF,UCLA,CNRM-ESM2-1,ssp370,r1i1p1f2,1hr,v10,d02,s3://cadcat/tmp/wrf/ucla/cnrm-esm2-1/ssp370/1hr/v10_earth/d02/,check_catalog_row,catalog.path.staging_prefix,ERROR,30,"Store is served from a 'tmp' prefix rather than the canonical location. Data under a staging prefix carries no persistence guarantee, so anything pinned to this path can break without notice.",s3://cadcat/wrf/ucla/cnrm-esm2-1/ssp370/1hr/v10/d02/,s3://cadcat/tmp/wrf/ucla/cnrm-esm2-1/ssp370/1hr/v10_earth/d02/,catalog,,
WRF,UCLA,CNRM-ESM2-1,ssp370,r1i1p1f2,1hr,v10,d02,s3://cadcat/tmp/wrf/ucla/cnrm-esm2-1/ssp370/1hr/v10_earth/d02/,check_catalog_row,catalog.path.variable_qualifier_dropped,ERROR,30,"The store holds 'v10_earth' but the catalog indexes it as 'v10'. The '_earth' qualifier means earth-relative rather than grid-relative; WRF's native u10/v10 are aligned to the projection axes, so the two are not interchangeable without rotation. Because the catalog drops it, these records pool silently with ordinary 'v10' and no metadata check will notice.",v10,v10_earth,catalog,,
WRF,UCLA,CNRM-ESM2-1,ssp370,r1i1p1f2,1hr,v10,d03,s3://cadcat/tmp/wrf/ucla/cnrm-esm2-1/ssp370/1hr/v10_earth/d03/,check_catalog_row,catalog.path.staging_prefix,ERROR,30,"Store is served from a 'tmp' prefix rather than the canonical location. Data under a staging prefix carries no persistence guarantee, so anything pinned to this path can break without notice.",s3://cadcat/wrf/ucla/cnrm-esm2-1/ssp370/1hr/v10/d03/,s3://cadcat/tmp/wrf/ucla/cnrm-esm2-1/ssp370/1hr/v10_earth/d03/,catalog,,
WRF,UCLA,CNRM-ESM2-1,ssp370,r1i1p1f2,1hr,v10,d03,s3://cadcat/tmp/wrf/ucla/cnrm-esm2-1/ssp370/1hr/v10_earth/d03/,check_catalog_row,catalog.path.variable_qualifier_dropped,ERROR,30,"The store holds 'v10_earth' but the catalog indexes it as 'v10'. The '_earth' qualifier means earth-relative rather than grid-relative; WRF's native u10/v10 are aligned to the projection axes, so the two are not interchangeable without rotation. Because the catalog drops it, these records pool silently with ordinary 'v10' and no metadata check will notice.",v10,v10_earth,catalog,,
WRF,UCLA,CNRM-ESM2-1,ssp370,r1i1p1f2,day,dew_point,d01,s3://cadcat/wrf/ucla/cnrm-esm2-1/ssp370/day/dew_point/d01/,check_catalog_row,catalog.variable.undocumented,WARN,20,"'dew_point' at WRF/day is not in variable_descriptions.csv at any resolution, so climakitae has no unit or display name for it.",,dew_point,catalog,,
WRF,UCLA,CNRM-ESM2-1,ssp370,r1i1p1f2,day,dew_point,d02,s3://cadcat/wrf/ucla/cnrm-esm2-1/ssp370/day/dew_point/d02/,check_catalog_row,catalog.variable.undocumented,WARN,20,"'dew_point' at WRF/day is not in variable_descriptions.csv at any resolution, so climakitae has no unit or display name for it.",,dew_point,catalog,,
WRF,UCLA,CNRM-ESM2-1,ssp370,r1i1p1f2,day,dew_point,d03,s3://cadcat/wrf/ucla/cnrm-esm2-1/ssp370/day/dew_point/d03/,check_catalog_row,catalog.variable.undocumented,WARN,20,"'dew_point' at WRF/day is not in variable_descriptions.csv at any resolution, so climakitae has no unit or display name for it.",,dew_point,catalog,,
WRF,UCLA,CNRM-ESM2-1,ssp370,r1i1p1f2,day,effective_temp_index,d01,s3://cadcat/wrf/ucla/cnrm-esm2-1/ssp370/day/effective_temp_index/d01/,check_catalog_row,catalog.variable.undocumented,WARN,20,"'effective_temp_index' at WRF/day is not in variable_descriptions.csv at any resolution, so climakitae has no unit or display name for it.",,effective_temp_index,catalog,,
WRF,UCLA,CNRM-ESM2-1,ssp370,r1i1p1f2,day,effective_temp_index,d02,s3://cadcat/wrf/ucla/cnrm-esm2-1/ssp370/day/effective_temp_index/d02/,check_catalog_row,catalog.variable.undocumented,WARN,20,"'effective_temp_index' at WRF/day is not in variable_descriptions.csv at any resolution, so climakitae has no unit or display name for it.",,effective_temp_index,catalog,,
WRF,UCLA,CNRM-ESM2-1,ssp370,r1i1p1f2,day,effective_temp_index,d03,s3://cadcat/wrf/ucla/cnrm-esm2-1/ssp370/day/effective_temp_index/d03/,check_catalog_row,catalog.variable.undocumented,WARN,20,"'effective_temp_index' at WRF/day is not in variable_descriptions.csv at any resolution, so climakitae has no unit or display name for it.",,effective_temp_index,catalog,,
WRF,UCLA,CNRM-ESM2-1,ssp370,r1i1p1f2,mon,dew_point,d01,s3://cadcat/wrf/ucla/cnrm-esm2-1/ssp370/mon/dew_point/d01/,check_catalog_row,catalog.variable.undocumented,WARN,20,"'dew_point' at WRF/mon is not in variable_descriptions.csv at any resolution, so climakitae has no unit or display name for it.",,dew_point,catalog,,
WRF,UCLA,CNRM-ESM2-1,ssp370,r1i1p1f2,mon,dew_point,d02,s3://cadcat/wrf/ucla/cnrm-esm2-1/ssp370/mon/dew_point/d02/,check_catalog_row,catalog.variable.undocumented,WARN,20,"'dew_point' at WRF/mon is not in variable_descriptions.csv at any resolution, so climakitae has no unit or display name for it.",,dew_point,catalog,,
WRF,UCLA,CNRM-ESM2-1,ssp370,r1i1p1f2,mon,dew_point,d03,s3://cadcat/wrf/ucla/cnrm-esm2-1/ssp370/mon/dew_point/d03/,check_catalog_row,catalog.variable.undocumented,WARN,20,"'dew_point' at WRF/mon is not in variable_descriptions.csv at any resolution, so climakitae has no unit or display name for it.",,dew_point,catalog,,
WRF,UCLA,CNRM-ESM2-1,ssp370,r1i1p1f2,mon,effective_temp_index,d01,s3://cadcat/wrf/ucla/cnrm-esm2-1/ssp370/mon/effective_temp_index/d01/,check_catalog_row,catalog.variable.undocumented,WARN,20,"'effective_temp_index' at WRF/mon is not in variable_descriptions.csv at any resolution, so climakitae has no unit or display name for it.",,effective_temp_index,catalog,,
WRF,UCLA,CNRM-ESM2-1,ssp370,r1i1p1f2,mon,effective_temp_index,d02,s3://cadcat/wrf/ucla/cnrm-esm2-1/ssp370/mon/effective_temp_index/d02/,check_catalog_row,catalog.variable.undocumented,WARN,20,"'effective_temp_index' at WRF/mon is not in variable_descriptions.csv at any resolution, so climakitae has no unit or display name for it.",,effective_temp_index,catalog,,
WRF,UCLA,CNRM-ESM2-1,ssp370,r1i1p1f2,mon,effective_temp_index,d03,s3://cadcat/wrf/ucla/cnrm-esm2-1/ssp370/mon/effective_temp_index/d03/,check_catalog_row,catalog.variable.undocumented,WARN,20,"'effective_temp_index' at WRF/mon is not in variable_descriptions.csv at any resolution, so climakitae has no unit or display name for it.",,effective_temp_index,catalog,,
WRF,UCLA,EC-Earth3,historical,r1i1p1f1,1hr,dew_point,d01,s3://cadcat/wrf/ucla/ec-earth3/historical/1hr/dew_point/d01/,check_catalog_row,catalog.variable.undocumented,WARN,20,"'dew_point' at WRF/1hr is not in variable_descriptions.csv at any resolution, so climakitae has no unit or display name for it.",,dew_point,catalog,,
WRF,UCLA,EC-Earth3,historical,r1i1p1f1,1hr,dew_point,d02,s3://cadcat/wrf/ucla/ec-earth3/historical/1hr/dew_point/d02/,check_catalog_row,catalog.variable.undocumented,WARN,20,"'dew_point' at WRF/1hr is not in variable_descriptions.csv at any resolution, so climakitae has no unit or display name for it.",,dew_point,catalog,,
WRF,UCLA,EC-Earth3,historical,r1i1p1f1,1hr,dew_point,d03,s3://cadcat/wrf/ucla/ec-earth3/historical/1hr/dew_point/d03/,check_catalog_row,catalog.variable.undocumented,WARN,20,"'dew_point' at WRF/1hr is not in variable_descriptions.csv at any resolution, so climakitae has no unit or display name for it.",,dew_point,catalog,,
WRF,UCLA,EC-Earth3,historical,r1i1p1f1,1hr,effective_temp_index,d01,s3://cadcat/wrf/ucla/ec-earth3/historical/1hr/effective_temp_index/d01/,check_catalog_row,catalog.variable.undocumented,WARN,20,"'effective_temp_index' at WRF/1hr is not in variable_descriptions.csv at any resolution, so climakitae has no unit or display name for it.",,effective_temp_index,catalog,,
WRF,UCLA,EC-Earth3,historical,r1i1p1f1,1hr,effective_temp_index,d02,s3://cadcat/wrf/ucla/ec-earth3/historical/1hr/effective_temp_index/d02/,check_catalog_row,catalog.variable.undocumented,WARN,20,"'effective_temp_index' at WRF/1hr is not in variable_descriptions.csv at any resolution, so climakitae has no unit or display name for it.",,effective_temp_index,catalog,,
WRF,UCLA,EC-Earth3,historical,r1i1p1f1,1hr,effective_temp_index,d03,s3://cadcat/wrf/ucla/ec-earth3/historical/1hr/effective_temp_index/d03/,check_catalog_row,catalog.variable.undocumented,WARN,20,"'effective_temp_index' at WRF/1hr is not in variable_descriptions.csv at any resolution, so climakitae has no unit or display name for it.",,effective_temp_index,catalog,,
WRF,UCLA,EC-Earth3,historical,r1i1p1f1,1hr,rh,d01,s3://cadcat/wrf/ucla/ec-earth3/historical/1hr/rh/d01/,check_catalog_row,catalog.variable.timescale_mismatch,WARN,20,"'rh' is published at WRF/1hr but variable_descriptions.csv lists it only at ['day', 'mon'], so no unit or display name resolves at this resolution.","day, mon",1hr,catalog,,
WRF,UCLA,EC-Earth3,historical,r1i1p1f1,1hr,rh,d02,s3://cadcat/wrf/ucla/ec-earth3/historical/1hr/rh/d02/,check_catalog_row,catalog.variable.timescale_mismatch,WARN,20,"'rh' is published at WRF/1hr but variable_descriptions.csv lists it only at ['day', 'mon'], so no unit or display name resolves at this resolution.","day, mon",1hr,catalog,,
WRF,UCLA,EC-Earth3,historical,r1i1p1f1,1hr,rh,d03,s3://cadcat/wrf/ucla/ec-earth3/historical/1hr/rh/d03/,check_catalog_row,catalog.variable.timescale_mismatch,WARN,20,"'rh' is published at WRF/1hr but variable_descriptions.csv lists it only at ['day', 'mon'], so no unit or display name resolves at this resolution.","day, mon",1hr,catalog,,
WRF,UCLA,EC-Earth3,historical,r1i1p1f1,1hr,u10,d01,s3://cadcat/tmp/wrf/ucla/ec-earth3/historical/1hr/u10_earth/d01/,check_catalog_row,catalog.path.staging_prefix,ERROR,30,"Store is served from a 'tmp' prefix rather than the canonical location. Data under a staging prefix carries no persistence guarantee, so anything pinned to this path can break without notice.",s3://cadcat/wrf/ucla/ec-earth3/historical/1hr/u10/d01/,s3://cadcat/tmp/wrf/ucla/ec-earth3/historical/1hr/u10_earth/d01/,catalog,,
WRF,UCLA,EC-Earth3,historical,r1i1p1f1,1hr,u10,d01,s3://cadcat/tmp/wrf/ucla/ec-earth3/historical/1hr/u10_earth/d01/,check_catalog_row,catalog.path.variable_qualifier_dropped,ERROR,30,"The store holds 'u10_earth' but the catalog indexes it as 'u10'. The '_earth' qualifier means earth-relative rather than grid-relative; WRF's native u10/v10 are aligned to the projection axes, so the two are not interchangeable without rotation. Because the catalog drops it, these records pool silently with ordinary 'u10' and no metadata check will notice.",u10,u10_earth,catalog,,
WRF,UCLA,EC-Earth3,historical,r1i1p1f1,1hr,u10,d02,s3://cadcat/tmp/wrf/ucla/ec-earth3/historical/1hr/u10_earth/d02/,check_catalog_row,catalog.path.staging_prefix,ERROR,30,"Store is served from a 'tmp' prefix rather than the canonical location. Data under a staging prefix carries no persistence guarantee, so anything pinned to this path can break without notice.",s3://cadcat/wrf/ucla/ec-earth3/historical/1hr/u10/d02/,s3://cadcat/tmp/wrf/ucla/ec-earth3/historical/1hr/u10_earth/d02/,catalog,,
WRF,UCLA,EC-Earth3,historical,r1i1p1f1,1hr,u10,d02,s3://cadcat/tmp/wrf/ucla/ec-earth3/historical/1hr/u10_earth/d02/,check_catalog_row,catalog.path.variable_qualifier_dropped,ERROR,30,"The store holds 'u10_earth' but the catalog indexes it as 'u10'. The '_earth' qualifier means earth-relative rather than grid-relative; WRF's native u10/v10 are aligned to the projection axes, so the two are not interchangeable without rotation. Because the catalog drops it, these records pool silently with ordinary 'u10' and no metadata check will notice.",u10,u10_earth,catalog,,
WRF,UCLA,EC-Earth3,historical,r1i1p1f1,1hr,u10,d03,s3://cadcat/tmp/wrf/ucla/ec-earth3/historical/1hr/u10_earth/d03/,check_catalog_row,catalog.path.staging_prefix,ERROR,30,"Store is served from a 'tmp' prefix rather than the canonical location. Data under a staging prefix carries no persistence guarantee, so anything pinned to this path can break without notice.",s3://cadcat/wrf/ucla/ec-earth3/historical/1hr/u10/d03/,s3://cadcat/tmp/wrf/ucla/ec-earth3/historical/1hr/u10_earth/d03/,catalog,,
WRF,UCLA,EC-Earth3,historical,r1i1p1f1,1hr,u10,d03,s3://cadcat/tmp/wrf/ucla/ec-earth3/historical/1hr/u10_earth/d03/,check_catalog_row,catalog.path.variable_qualifier_dropped,ERROR,30,"The store holds 'u10_earth' but the catalog indexes it as 'u10'. The '_earth' qualifier means earth-relative rather than grid-relative; WRF's native u10/v10 are aligned to the projection axes, so the two are not interchangeable without rotation. Because the catalog drops it, these records pool silently with ordinary 'u10' and no metadata check will notice.",u10,u10_earth,catalog,,
WRF,UCLA,EC-Earth3,historical,r1i1p1f1,1hr,v10,d01,s3://cadcat/tmp/wrf/ucla/ec-earth3/historical/1hr/v10_earth/d01/,check_catalog_row,catalog.path.staging_prefix,ERROR,30,"Store is served from a 'tmp' prefix rather than the canonical location. Data under a staging prefix carries no persistence guarantee, so anything pinned to this path can break without notice.",s3://cadcat/wrf/ucla/ec-earth3/historical/1hr/v10/d01/,s3://cadcat/tmp/wrf/ucla/ec-earth3/historical/1hr/v10_earth/d01/,catalog,,
WRF,UCLA,EC-Earth3,historical,r1i1p1f1,1hr,v10,d01,s3://cadcat/tmp/wrf/ucla/ec-earth3/historical/1hr/v10_earth/d01/,check_catalog_row,catalog.path.variable_qualifier_dropped,ERROR,30,"The store holds 'v10_earth' but the catalog indexes it as 'v10'. The '_earth' qualifier means earth-relative rather than grid-relative; WRF's native u10/v10 are aligned to the projection axes, so the two are not interchangeable without rotation. Because the catalog drops it, these records pool silently with ordinary 'v10' and no metadata check will notice.",v10,v10_earth,catalog,,
WRF,UCLA,EC-Earth3,historical,r1i1p1f1,1hr,v10,d02,s3://cadcat/tmp/wrf/ucla/ec-earth3/historical/1hr/v10_earth/d02/,check_catalog_row,catalog.path.staging_prefix,ERROR,30,"Store is served from a 'tmp' prefix rather than the canonical location. Data under a staging prefix carries no persistence guarantee, so anything pinned to this path can break without notice.",s3://cadcat/wrf/ucla/ec-earth3/historical/1hr/v10/d02/,s3://cadcat/tmp/wrf/ucla/ec-earth3/historical/1hr/v10_earth/d02/,catalog,,
WRF,UCLA,EC-Earth3,historical,r1i1p1f1,1hr,v10,d02,s3://cadcat/tmp/wrf/ucla/ec-earth3/historical/1hr/v10_earth/d02/,check_catalog_row,catalog.path.variable_qualifier_dropped,ERROR,30,"The store holds 'v10_earth' but the catalog indexes it as 'v10'. The '_earth' qualifier means earth-relative rather than grid-relative; WRF's native u10/v10 are aligned to the projection axes, so the two are not interchangeable without rotation. Because the catalog drops it, these records pool silently with ordinary 'v10' and no metadata check will notice.",v10,v10_earth,catalog,,
WRF,UCLA,EC-Earth3,historical,r1i1p1f1,1hr,v10,d03,s3://cadcat/tmp/wrf/ucla/ec-earth3/historical/1hr/v10_earth/d03/,check_catalog_row,catalog.path.staging_prefix,ERROR,30,"Store is served from a 'tmp' prefix rather than the canonical location. Data under a staging prefix carries no persistence guarantee, so anything pinned to this path can break without notice.",s3://cadcat/wrf/ucla/ec-earth3/historical/1hr/v10/d03/,s3://cadcat/tmp/wrf/ucla/ec-earth3/historical/1hr/v10_earth/d03/,catalog,,
WRF,UCLA,EC-Earth3,historical,r1i1p1f1,1hr,v10,d03,s3://cadcat/tmp/wrf/ucla/ec-earth3/historical/1hr/v10_earth/d03/,check_catalog_row,catalog.path.variable_qualifier_dropped,ERROR,30,"The store holds 'v10_earth' but the catalog indexes it as 'v10'. The '_earth' qualifier means earth-relative rather than grid-relative; WRF's native u10/v10 are aligned to the projection axes, so the two are not interchangeable without rotation. Because the catalog drops it, these records pool silently with ordinary 'v10' and no metadata check will notice.",v10,v10_earth,catalog,,
WRF,UCLA,EC-Earth3,historical,r1i1p1f1,day,dew_point,d01,s3://cadcat/wrf/ucla/ec-earth3/historical/day/dew_point/d01/,check_catalog_row,catalog.variable.undocumented,WARN,20,"'dew_point' at WRF/day is not in variable_descriptions.csv at any resolution, so climakitae has no unit or display name for it.",,dew_point,catalog,,
WRF,UCLA,EC-Earth3,historical,r1i1p1f1,day,dew_point,d02,s3://cadcat/wrf/ucla/ec-earth3/historical/day/dew_point/d02/,check_catalog_row,catalog.variable.undocumented,WARN,20,"'dew_point' at WRF/day is not in variable_descriptions.csv at any resolution, so climakitae has no unit or display name for it.",,dew_point,catalog,,
WRF,UCLA,EC-Earth3,historical,r1i1p1f1,day,dew_point,d03,s3://cadcat/wrf/ucla/ec-earth3/historical/day/dew_point/d03/,check_catalog_row,catalog.variable.undocumented,WARN,20,"'dew_point' at WRF/day is not in variable_descriptions.csv at any resolution, so climakitae has no unit or display name for it.",,dew_point,catalog,,
WRF,UCLA,EC-Earth3,historical,r1i1p1f1,day,effective_temp_index,d01,s3://cadcat/wrf/ucla/ec-earth3/historical/day/effective_temp_index/d01/,check_catalog_row,catalog.variable.undocumented,WARN,20,"'effective_temp_index' at WRF/day is not in variable_descriptions.csv at any resolution, so climakitae has no unit or display name for it.",,effective_temp_index,catalog,,
WRF,UCLA,EC-Earth3,historical,r1i1p1f1,day,effective_temp_index,d02,s3://cadcat/wrf/ucla/ec-earth3/historical/day/effective_temp_index/d02/,check_catalog_row,catalog.variable.undocumented,WARN,20,"'effective_temp_index' at WRF/day is not in variable_descriptions.csv at any resolution, so climakitae has no unit or display name for it.",,effective_temp_index,catalog,,
WRF,UCLA,EC-Earth3,historical,r1i1p1f1,day,effective_temp_index,d03,s3://cadcat/wrf/ucla/ec-earth3/historical/day/effective_temp_index/d03/,check_catalog_row,catalog.variable.undocumented,WARN,20,"'effective_temp_index' at WRF/day is not in variable_descriptions.csv at any resolution, so climakitae has no unit or display name for it.",,effective_temp_index,catalog,,
WRF,UCLA,EC-Earth3,historical,r1i1p1f1,mon,dew_point,d01,s3://cadcat/wrf/ucla/ec-earth3/historical/mon/dew_point/d01/,check_catalog_row,catalog.variable.undocumented,WARN,20,"'dew_point' at WRF/mon is not in variable_descriptions.csv at any resolution, so climakitae has no unit or display name for it.",,dew_point,catalog,,
WRF,UCLA,EC-Earth3,historical,r1i1p1f1,mon,dew_point,d02,s3://cadcat/wrf/ucla/ec-earth3/historical/mon/dew_point/d02/,check_catalog_row,catalog.variable.undocumented,WARN,20,"'dew_point' at WRF/mon is not in variable_descriptions.csv at any resolution, so climakitae has no unit or display name for it.",,dew_point,catalog,,
WRF,UCLA,EC-Earth3,historical,r1i1p1f1,mon,dew_point,d03,s3://cadcat/wrf/ucla/ec-earth3/historical/mon/dew_point/d03/,check_catalog_row,catalog.variable.undocumented,WARN,20,"'dew_point' at WRF/mon is not in variable_descriptions.csv at any resolution, so climakitae has no unit or display name for it.",,dew_point,catalog,,
WRF,UCLA,EC-Earth3,historical,r1i1p1f1,mon,effective_temp_index,d01,s3://cadcat/wrf/ucla/ec-earth3/historical/mon/effective_temp_index/d01/,check_catalog_row,catalog.variable.undocumented,WARN,20,"'effective_temp_index' at WRF/mon is not in variable_descriptions.csv at any resolution, so climakitae has no unit or display name for it.",,effective_temp_index,catalog,,
WRF,UCLA,EC-Earth3,historical,r1i1p1f1,mon,effective_temp_index,d02,s3://cadcat/wrf/ucla/ec-earth3/historical/mon/effective_temp_index/d02/,check_catalog_row,catalog.variable.undocumented,WARN,20,"'effective_temp_index' at WRF/mon is not in variable_descriptions.csv at any resolution, so climakitae has no unit or display name for it.",,effective_temp_index,catalog,,
WRF,UCLA,EC-Earth3,historical,r1i1p1f1,mon,effective_temp_index,d03,s3://cadcat/wrf/ucla/ec-earth3/historical/mon/effective_temp_index/d03/,check_catalog_row,catalog.variable.undocumented,WARN,20,"'effective_temp_index' at WRF/mon is not in variable_descriptions.csv at any resolution, so climakitae has no unit or display name for it.",,effective_temp_index,catalog,,
WRF,UCLA,EC-Earth3,ssp370,r1i1p1f1,1hr,dew_point,d01,s3://cadcat/wrf/ucla/ec-earth3/ssp370/1hr/dew_point/d01/,check_catalog_row,catalog.variable.undocumented,WARN,20,"'dew_point' at WRF/1hr is not in variable_descriptions.csv at any resolution, so climakitae has no unit or display name for it.",,dew_point,catalog,,
WRF,UCLA,EC-Earth3,ssp370,r1i1p1f1,1hr,dew_point,d02,s3://cadcat/wrf/ucla/ec-earth3/ssp370/1hr/dew_point/d02/,check_catalog_row,catalog.variable.undocumented,WARN,20,"'dew_point' at WRF/1hr is not in variable_descriptions.csv at any resolution, so climakitae has no unit or display name for it.",,dew_point,catalog,,
WRF,UCLA,EC-Earth3,ssp370,r1i1p1f1,1hr,dew_point,d03,s3://cadcat/wrf/ucla/ec-earth3/ssp370/1hr/dew_point/d03/,check_catalog_row,catalog.variable.undocumented,WARN,20,"'dew_point' at WRF/1hr is not in variable_descriptions.csv at any resolution, so climakitae has no unit or display name for it.",,dew_point,catalog,,
WRF,UCLA,EC-Earth3,ssp370,r1i1p1f1,1hr,effective_temp_index,d01,s3://cadcat/wrf/ucla/ec-earth3/ssp370/1hr/effective_temp_index/d01/,check_catalog_row,catalog.variable.undocumented,WARN,20,"'effective_temp_index' at WRF/1hr is not in variable_descriptions.csv at any resolution, so climakitae has no unit or display name for it.",,effective_temp_index,catalog,,
WRF,UCLA,EC-Earth3,ssp370,r1i1p1f1,1hr,effective_temp_index,d02,s3://cadcat/wrf/ucla/ec-earth3/ssp370/1hr/effective_temp_index/d02/,check_catalog_row,catalog.variable.undocumented,WARN,20,"'effective_temp_index' at WRF/1hr is not in variable_descriptions.csv at any resolution, so climakitae has no unit or display name for it.",,effective_temp_index,catalog,,
WRF,UCLA,EC-Earth3,ssp370,r1i1p1f1,1hr,effective_temp_index,d03,s3://cadcat/wrf/ucla/ec-earth3/ssp370/1hr/effective_temp_index/d03/,check_catalog_row,catalog.variable.undocumented,WARN,20,"'effective_temp_index' at WRF/1hr is not in variable_descriptions.csv at any resolution, so climakitae has no unit or display name for it.",,effective_temp_index,catalog,,
WRF,UCLA,EC-Earth3,ssp370,r1i1p1f1,1hr,rh,d01,s3://cadcat/wrf/ucla/ec-earth3/ssp370/1hr/rh/d01/,check_catalog_row,catalog.variable.timescale_mismatch,WARN,20,"'rh' is published at WRF/1hr but variable_descriptions.csv lists it only at ['day', 'mon'], so no unit or display name resolves at this resolution.","day, mon",1hr,catalog,,
WRF,UCLA,EC-Earth3,ssp370,r1i1p1f1,1hr,rh,d02,s3://cadcat/wrf/ucla/ec-earth3/ssp370/1hr/rh/d02/,check_catalog_row,catalog.variable.timescale_mismatch,WARN,20,"'rh' is published at WRF/1hr but variable_descriptions.csv lists it only at ['day', 'mon'], so no unit or display name resolves at this resolution.","day, mon",1hr,catalog,,
WRF,UCLA,EC-Earth3,ssp370,r1i1p1f1,1hr,rh,d03,s3://cadcat/wrf/ucla/ec-earth3/ssp370/1hr/rh/d03/,check_catalog_row,catalog.variable.timescale_mismatch,WARN,20,"'rh' is published at WRF/1hr but variable_descriptions.csv lists it only at ['day', 'mon'], so no unit or display name resolves at this resolution.","day, mon",1hr,catalog,,
WRF,UCLA,EC-Earth3,ssp370,r1i1p1f1,1hr,u10,d01,s3://cadcat/tmp/wrf/ucla/ec-earth3/ssp370/1hr/u10_earth/d01/,check_catalog_row,catalog.path.staging_prefix,ERROR,30,"Store is served from a 'tmp' prefix rather than the canonical location. Data under a staging prefix carries no persistence guarantee, so anything pinned to this path can break without notice.",s3://cadcat/wrf/ucla/ec-earth3/ssp370/1hr/u10/d01/,s3://cadcat/tmp/wrf/ucla/ec-earth3/ssp370/1hr/u10_earth/d01/,catalog,,
WRF,UCLA,EC-Earth3,ssp370,r1i1p1f1,1hr,u10,d01,s3://cadcat/tmp/wrf/ucla/ec-earth3/ssp370/1hr/u10_earth/d01/,check_catalog_row,catalog.path.variable_qualifier_dropped,ERROR,30,"The store holds 'u10_earth' but the catalog indexes it as 'u10'. The '_earth' qualifier means earth-relative rather than grid-relative; WRF's native u10/v10 are aligned to the projection axes, so the two are not interchangeable without rotation. Because the catalog drops it, these records pool silently with ordinary 'u10' and no metadata check will notice.",u10,u10_earth,catalog,,
WRF,UCLA,EC-Earth3,ssp370,r1i1p1f1,1hr,u10,d02,s3://cadcat/tmp/wrf/ucla/ec-earth3/ssp370/1hr/u10_earth/d02/,check_catalog_row,catalog.path.staging_prefix,ERROR,30,"Store is served from a 'tmp' prefix rather than the canonical location. Data under a staging prefix carries no persistence guarantee, so anything pinned to this path can break without notice.",s3://cadcat/wrf/ucla/ec-earth3/ssp370/1hr/u10/d02/,s3://cadcat/tmp/wrf/ucla/ec-earth3/ssp370/1hr/u10_earth/d02/,catalog,,
WRF,UCLA,EC-Earth3,ssp370,r1i1p1f1,1hr,u10,d02,s3://cadcat/tmp/wrf/ucla/ec-earth3/ssp370/1hr/u10_earth/d02/,check_catalog_row,catalog.path.variable_qualifier_dropped,ERROR,30,"The store holds 'u10_earth' but the catalog indexes it as 'u10'. The '_earth' qualifier means earth-relative rather than grid-relative; WRF's native u10/v10 are aligned to the projection axes, so the two are not interchangeable without rotation. Because the catalog drops it, these records pool silently with ordinary 'u10' and no metadata check will notice.",u10,u10_earth,catalog,,
WRF,UCLA,EC-Earth3,ssp370,r1i1p1f1,1hr,u10,d03,s3://cadcat/tmp/wrf/ucla/ec-earth3/ssp370/1hr/u10_earth/d03/,check_catalog_row,catalog.path.staging_prefix,ERROR,30,"Store is served from a 'tmp' prefix rather than the canonical location. Data under a staging prefix carries no persistence guarantee, so anything pinned to this path can break without notice.",s3://cadcat/wrf/ucla/ec-earth3/ssp370/1hr/u10/d03/,s3://cadcat/tmp/wrf/ucla/ec-earth3/ssp370/1hr/u10_earth/d03/,catalog,,
WRF,UCLA,EC-Earth3,ssp370,r1i1p1f1,1hr,u10,d03,s3://cadcat/tmp/wrf/ucla/ec-earth3/ssp370/1hr/u10_earth/d03/,check_catalog_row,catalog.path.variable_qualifier_dropped,ERROR,30,"The store holds 'u10_earth' but the catalog indexes it as 'u10'. The '_earth' qualifier means earth-relative rather than grid-relative; WRF's native u10/v10 are aligned to the projection axes, so the two are not interchangeable without rotation. Because the catalog drops it, these records pool silently with ordinary 'u10' and no metadata check will notice.",u10,u10_earth,catalog,,
WRF,UCLA,EC-Earth3,ssp370,r1i1p1f1,1hr,v10,d01,s3://cadcat/tmp/wrf/ucla/ec-earth3/ssp370/1hr/v10_earth/d01/,check_catalog_row,catalog.path.staging_prefix,ERROR,30,"Store is served from a 'tmp' prefix rather than the canonical location. Data under a staging prefix carries no persistence guarantee, so anything pinned to this path can break without notice.",s3://cadcat/wrf/ucla/ec-earth3/ssp370/1hr/v10/d01/,s3://cadcat/tmp/wrf/ucla/ec-earth3/ssp370/1hr/v10_earth/d01/,catalog,,
WRF,UCLA,EC-Earth3,ssp370,r1i1p1f1,1hr,v10,d01,s3://cadcat/tmp/wrf/ucla/ec-earth3/ssp370/1hr/v10_earth/d01/,check_catalog_row,catalog.path.variable_qualifier_dropped,ERROR,30,"The store holds 'v10_earth' but the catalog indexes it as 'v10'. The '_earth' qualifier means earth-relative rather than grid-relative; WRF's native u10/v10 are aligned to the projection axes, so the two are not interchangeable without rotation. Because the catalog drops it, these records pool silently with ordinary 'v10' and no metadata check will notice.",v10,v10_earth,catalog,,
WRF,UCLA,EC-Earth3,ssp370,r1i1p1f1,1hr,v10,d02,s3://cadcat/tmp/wrf/ucla/ec-earth3/ssp370/1hr/v10_earth/d02/,check_catalog_row,catalog.path.staging_prefix,ERROR,30,"Store is served from a 'tmp' prefix rather than the canonical location. Data under a staging prefix carries no persistence guarantee, so anything pinned to this path can break without notice.",s3://cadcat/wrf/ucla/ec-earth3/ssp370/1hr/v10/d02/,s3://cadcat/tmp/wrf/ucla/ec-earth3/ssp370/1hr/v10_earth/d02/,catalog,,
WRF,UCLA,EC-Earth3,ssp370,r1i1p1f1,1hr,v10,d02,s3://cadcat/tmp/wrf/ucla/ec-earth3/ssp370/1hr/v10_earth/d02/,check_catalog_row,catalog.path.variable_qualifier_dropped,ERROR,30,"The store holds 'v10_earth' but the catalog indexes it as 'v10'. The '_earth' qualifier means earth-relative rather than grid-relative; WRF's native u10/v10 are aligned to the projection axes, so the two are not interchangeable without rotation. Because the catalog drops it, these records pool silently with ordinary 'v10' and no metadata check will notice.",v10,v10_earth,catalog,,
WRF,UCLA,EC-Earth3,ssp370,r1i1p1f1,1hr,v10,d03,s3://cadcat/tmp/wrf/ucla/ec-earth3/ssp370/1hr/v10_earth/d03/,check_catalog_row,catalog.path.staging_prefix,ERROR,30,"Store is served from a 'tmp' prefix rather than the canonical location. Data under a staging prefix carries no persistence guarantee, so anything pinned to this path can break without notice.",s3://cadcat/wrf/ucla/ec-earth3/ssp370/1hr/v10/d03/,s3://cadcat/tmp/wrf/ucla/ec-earth3/ssp370/1hr/v10_earth/d03/,catalog,,
WRF,UCLA,EC-Earth3,ssp370,r1i1p1f1,1hr,v10,d03,s3://cadcat/tmp/wrf/ucla/ec-earth3/ssp370/1hr/v10_earth/d03/,check_catalog_row,catalog.path.variable_qualifier_dropped,ERROR,30,"The store holds 'v10_earth' but the catalog indexes it as 'v10'. The '_earth' qualifier means earth-relative rather than grid-relative; WRF's native u10/v10 are aligned to the projection axes, so the two are not interchangeable without rotation. Because the catalog drops it, these records pool silently with ordinary 'v10' and no metadata check will notice.",v10,v10_earth,catalog,,
WRF,UCLA,EC-Earth3,ssp370,r1i1p1f1,day,dew_point,d01,s3://cadcat/wrf/ucla/ec-earth3/ssp370/day/dew_point/d01/,check_catalog_row,catalog.variable.undocumented,WARN,20,"'dew_point' at WRF/day is not in variable_descriptions.csv at any resolution, so climakitae has no unit or display name for it.",,dew_point,catalog,,
WRF,UCLA,EC-Earth3,ssp370,r1i1p1f1,day,dew_point,d02,s3://cadcat/wrf/ucla/ec-earth3/ssp370/day/dew_point/d02/,check_catalog_row,catalog.variable.undocumented,WARN,20,"'dew_point' at WRF/day is not in variable_descriptions.csv at any resolution, so climakitae has no unit or display name for it.",,dew_point,catalog,,
WRF,UCLA,EC-Earth3,ssp370,r1i1p1f1,day,dew_point,d03,s3://cadcat/wrf/ucla/ec-earth3/ssp370/day/dew_point/d03/,check_catalog_row,catalog.variable.undocumented,WARN,20,"'dew_point' at WRF/day is not in variable_descriptions.csv at any resolution, so climakitae has no unit or display name for it.",,dew_point,catalog,,
WRF,UCLA,EC-Earth3,ssp370,r1i1p1f1,day,effective_temp_index,d01,s3://cadcat/wrf/ucla/ec-earth3/ssp370/day/effective_temp_index/d01/,check_catalog_row,catalog.variable.undocumented,WARN,20,"'effective_temp_index' at WRF/day is not in variable_descriptions.csv at any resolution, so climakitae has no unit or display name for it.",,effective_temp_index,catalog,,
WRF,UCLA,EC-Earth3,ssp370,r1i1p1f1,day,effective_temp_index,d02,s3://cadcat/wrf/ucla/ec-earth3/ssp370/day/effective_temp_index/d02/,check_catalog_row,catalog.variable.undocumented,WARN,20,"'effective_temp_index' at WRF/day is not in variable_descriptions.csv at any resolution, so climakitae has no unit or display name for it.",,effective_temp_index,catalog,,
WRF,UCLA,EC-Earth3,ssp370,r1i1p1f1,day,effective_temp_index,d03,s3://cadcat/wrf/ucla/ec-earth3/ssp370/day/effective_temp_index/d03/,check_catalog_row,catalog.variable.undocumented,WARN,20,"'effective_temp_index' at WRF/day is not in variable_descriptions.csv at any resolution, so climakitae has no unit or display name for it.",,effective_temp_index,catalog,,
WRF,UCLA,EC-Earth3,ssp370,r1i1p1f1,mon,dew_point,d01,s3://cadcat/wrf/ucla/ec-earth3/ssp370/mon/dew_point/d01/,check_catalog_row,catalog.variable.undocumented,WARN,20,"'dew_point' at WRF/mon is not in variable_descriptions.csv at any resolution, so climakitae has no unit or display name for it.",,dew_point,catalog,,
WRF,UCLA,EC-Earth3,ssp370,r1i1p1f1,mon,dew_point,d02,s3://cadcat/wrf/ucla/ec-earth3/ssp370/mon/dew_point/d02/,check_catalog_row,catalog.variable.undocumented,WARN,20,"'dew_point' at WRF/mon is not in variable_descriptions.csv at any resolution, so climakitae has no unit or display name for it.",,dew_point,catalog,,
WRF,UCLA,EC-Earth3,ssp370,r1i1p1f1,mon,dew_point,d03,s3://cadcat/wrf/ucla/ec-earth3/ssp370/mon/dew_point/d03/,check_catalog_row,catalog.variable.undocumented,WARN,20,"'dew_point' at WRF/mon is not in variable_descriptions.csv at any resolution, so climakitae has no unit or display name for it.",,dew_point,catalog,,
WRF,UCLA,EC-Earth3,ssp370,r1i1p1f1,mon,effective_temp_index,d01,s3://cadcat/wrf/ucla/ec-earth3/ssp370/mon/effective_temp_index/d01/,check_catalog_row,catalog.variable.undocumented,WARN,20,"'effective_temp_index' at WRF/mon is not in variable_descriptions.csv at any resolution, so climakitae has no unit or display name for it.",,effective_temp_index,catalog,,
WRF,UCLA,EC-Earth3,ssp370,r1i1p1f1,mon,effective_temp_index,d02,s3://cadcat/wrf/ucla/ec-earth3/ssp370/mon/effective_temp_index/d02/,check_catalog_row,catalog.variable.undocumented,WARN,20,"'effective_temp_index' at WRF/mon is not in variable_descriptions.csv at any resolution, so climakitae has no unit or display name for it.",,effective_temp_index,catalog,,
WRF,UCLA,EC-Earth3,ssp370,r1i1p1f1,mon,effective_temp_index,d03,s3://cadcat/wrf/ucla/ec-earth3/ssp370/mon/effective_temp_index/d03/,check_catalog_row,catalog.variable.undocumented,WARN,20,"'effective_temp_index' at WRF/mon is not in variable_descriptions.csv at any resolution, so climakitae has no unit or display name for it.",,effective_temp_index,catalog,,
WRF,UCLA,EC-Earth3-Veg,historical,r1i1p1f1,1hr,dew_point,d01,s3://cadcat/wrf/ucla/ec-earth3-veg/historical/1hr/dew_point/d01/,check_catalog_row,catalog.variable.undocumented,WARN,20,"'dew_point' at WRF/1hr is not in variable_descriptions.csv at any resolution, so climakitae has no unit or display name for it.",,dew_point,catalog,,
WRF,UCLA,EC-Earth3-Veg,historical,r1i1p1f1,1hr,dew_point,d02,s3://cadcat/wrf/ucla/ec-earth3-veg/historical/1hr/dew_point/d02/,check_catalog_row,catalog.variable.undocumented,WARN,20,"'dew_point' at WRF/1hr is not in variable_descriptions.csv at any resolution, so climakitae has no unit or display name for it.",,dew_point,catalog,,
WRF,UCLA,EC-Earth3-Veg,historical,r1i1p1f1,1hr,dew_point,d03,s3://cadcat/wrf/ucla/ec-earth3-veg/historical/1hr/dew_point/d03/,check_catalog_row,catalog.variable.undocumented,WARN,20,"'dew_point' at WRF/1hr is not in variable_descriptions.csv at any resolution, so climakitae has no unit or display name for it.",,dew_point,catalog,,
WRF,UCLA,EC-Earth3-Veg,historical,r1i1p1f1,1hr,effective_temp_index,d01,s3://cadcat/wrf/ucla/ec-earth3-veg/historical/1hr/effective_temp_index/d01/,check_catalog_row,catalog.variable.undocumented,WARN,20,"'effective_temp_index' at WRF/1hr is not in variable_descriptions.csv at any resolution, so climakitae has no unit or display name for it.",,effective_temp_index,catalog,,
WRF,UCLA,EC-Earth3-Veg,historical,r1i1p1f1,1hr,effective_temp_index,d02,s3://cadcat/wrf/ucla/ec-earth3-veg/historical/1hr/effective_temp_index/d02/,check_catalog_row,catalog.variable.undocumented,WARN,20,"'effective_temp_index' at WRF/1hr is not in variable_descriptions.csv at any resolution, so climakitae has no unit or display name for it.",,effective_temp_index,catalog,,
WRF,UCLA,EC-Earth3-Veg,historical,r1i1p1f1,1hr,effective_temp_index,d03,s3://cadcat/wrf/ucla/ec-earth3-veg/historical/1hr/effective_temp_index/d03/,check_catalog_row,catalog.variable.undocumented,WARN,20,"'effective_temp_index' at WRF/1hr is not in variable_descriptions.csv at any resolution, so climakitae has no unit or display name for it.",,effective_temp_index,catalog,,
WRF,UCLA,EC-Earth3-Veg,historical,r1i1p1f1,1hr,rh,d01,s3://cadcat/wrf/ucla/ec-earth3-veg/historical/1hr/rh/d01/,check_catalog_row,catalog.variable.timescale_mismatch,WARN,20,"'rh' is published at WRF/1hr but variable_descriptions.csv lists it only at ['day', 'mon'], so no unit or display name resolves at this resolution.","day, mon",1hr,catalog,,
WRF,UCLA,EC-Earth3-Veg,historical,r1i1p1f1,1hr,rh,d02,s3://cadcat/wrf/ucla/ec-earth3-veg/historical/1hr/rh/d02/,check_catalog_row,catalog.variable.timescale_mismatch,WARN,20,"'rh' is published at WRF/1hr but variable_descriptions.csv lists it only at ['day', 'mon'], so no unit or display name resolves at this resolution.","day, mon",1hr,catalog,,
WRF,UCLA,EC-Earth3-Veg,historical,r1i1p1f1,1hr,rh,d03,s3://cadcat/wrf/ucla/ec-earth3-veg/historical/1hr/rh/d03/,check_catalog_row,catalog.variable.timescale_mismatch,WARN,20,"'rh' is published at WRF/1hr but variable_descriptions.csv lists it only at ['day', 'mon'], so no unit or display name resolves at this resolution.","day, mon",1hr,catalog,,
WRF,UCLA,EC-Earth3-Veg,historical,r1i1p1f1,1hr,u10,d01,s3://cadcat/tmp/wrf/ucla/ec-earth3-veg/historical/1hr/u10_earth/d01/,check_catalog_row,catalog.path.staging_prefix,ERROR,30,"Store is served from a 'tmp' prefix rather than the canonical location. Data under a staging prefix carries no persistence guarantee, so anything pinned to this path can break without notice.",s3://cadcat/wrf/ucla/ec-earth3-veg/historical/1hr/u10/d01/,s3://cadcat/tmp/wrf/ucla/ec-earth3-veg/historical/1hr/u10_earth/d01/,catalog,,
WRF,UCLA,EC-Earth3-Veg,historical,r1i1p1f1,1hr,u10,d01,s3://cadcat/tmp/wrf/ucla/ec-earth3-veg/historical/1hr/u10_earth/d01/,check_catalog_row,catalog.path.variable_qualifier_dropped,ERROR,30,"The store holds 'u10_earth' but the catalog indexes it as 'u10'. The '_earth' qualifier means earth-relative rather than grid-relative; WRF's native u10/v10 are aligned to the projection axes, so the two are not interchangeable without rotation. Because the catalog drops it, these records pool silently with ordinary 'u10' and no metadata check will notice.",u10,u10_earth,catalog,,
WRF,UCLA,EC-Earth3-Veg,historical,r1i1p1f1,1hr,u10,d02,s3://cadcat/tmp/wrf/ucla/ec-earth3-veg/historical/1hr/u10_earth/d02/,check_catalog_row,catalog.path.staging_prefix,ERROR,30,"Store is served from a 'tmp' prefix rather than the canonical location. Data under a staging prefix carries no persistence guarantee, so anything pinned to this path can break without notice.",s3://cadcat/wrf/ucla/ec-earth3-veg/historical/1hr/u10/d02/,s3://cadcat/tmp/wrf/ucla/ec-earth3-veg/historical/1hr/u10_earth/d02/,catalog,,
WRF,UCLA,EC-Earth3-Veg,historical,r1i1p1f1,1hr,u10,d02,s3://cadcat/tmp/wrf/ucla/ec-earth3-veg/historical/1hr/u10_earth/d02/,check_catalog_row,catalog.path.variable_qualifier_dropped,ERROR,30,"The store holds 'u10_earth' but the catalog indexes it as 'u10'. The '_earth' qualifier means earth-relative rather than grid-relative; WRF's native u10/v10 are aligned to the projection axes, so the two are not interchangeable without rotation. Because the catalog drops it, these records pool silently with ordinary 'u10' and no metadata check will notice.",u10,u10_earth,catalog,,
WRF,UCLA,EC-Earth3-Veg,historical,r1i1p1f1,1hr,u10,d03,s3://cadcat/tmp/wrf/ucla/ec-earth3-veg/historical/1hr/u10_earth/d03/,check_catalog_row,catalog.path.staging_prefix,ERROR,30,"Store is served from a 'tmp' prefix rather than the canonical location. Data under a staging prefix carries no persistence guarantee, so anything pinned to this path can break without notice.",s3://cadcat/wrf/ucla/ec-earth3-veg/historical/1hr/u10/d03/,s3://cadcat/tmp/wrf/ucla/ec-earth3-veg/historical/1hr/u10_earth/d03/,catalog,,
WRF,UCLA,EC-Earth3-Veg,historical,r1i1p1f1,1hr,u10,d03,s3://cadcat/tmp/wrf/ucla/ec-earth3-veg/historical/1hr/u10_earth/d03/,check_catalog_row,catalog.path.variable_qualifier_dropped,ERROR,30,"The store holds 'u10_earth' but the catalog indexes it as 'u10'. The '_earth' qualifier means earth-relative rather than grid-relative; WRF's native u10/v10 are aligned to the projection axes, so the two are not interchangeable without rotation. Because the catalog drops it, these records pool silently with ordinary 'u10' and no metadata check will notice.",u10,u10_earth,catalog,,
WRF,UCLA,EC-Earth3-Veg,historical,r1i1p1f1,1hr,v10,d01,s3://cadcat/tmp/wrf/ucla/ec-earth3-veg/historical/1hr/v10_earth/d01/,check_catalog_row,catalog.path.staging_prefix,ERROR,30,"Store is served from a 'tmp' prefix rather than the canonical location. Data under a staging prefix carries no persistence guarantee, so anything pinned to this path can break without notice.",s3://cadcat/wrf/ucla/ec-earth3-veg/historical/1hr/v10/d01/,s3://cadcat/tmp/wrf/ucla/ec-earth3-veg/historical/1hr/v10_earth/d01/,catalog,,
WRF,UCLA,EC-Earth3-Veg,historical,r1i1p1f1,1hr,v10,d01,s3://cadcat/tmp/wrf/ucla/ec-earth3-veg/historical/1hr/v10_earth/d01/,check_catalog_row,catalog.path.variable_qualifier_dropped,ERROR,30,"The store holds 'v10_earth' but the catalog indexes it as 'v10'. The '_earth' qualifier means earth-relative rather than grid-relative; WRF's native u10/v10 are aligned to the projection axes, so the two are not interchangeable without rotation. Because the catalog drops it, these records pool silently with ordinary 'v10' and no metadata check will notice.",v10,v10_earth,catalog,,
WRF,UCLA,EC-Earth3-Veg,historical,r1i1p1f1,1hr,v10,d02,s3://cadcat/tmp/wrf/ucla/ec-earth3-veg/historical/1hr/v10_earth/d02/,check_catalog_row,catalog.path.staging_prefix,ERROR,30,"Store is served from a 'tmp' prefix rather than the canonical location. Data under a staging prefix carries no persistence guarantee, so anything pinned to this path can break without notice.",s3://cadcat/wrf/ucla/ec-earth3-veg/historical/1hr/v10/d02/,s3://cadcat/tmp/wrf/ucla/ec-earth3-veg/historical/1hr/v10_earth/d02/,catalog,,
WRF,UCLA,EC-Earth3-Veg,historical,r1i1p1f1,1hr,v10,d02,s3://cadcat/tmp/wrf/ucla/ec-earth3-veg/historical/1hr/v10_earth/d02/,check_catalog_row,catalog.path.variable_qualifier_dropped,ERROR,30,"The store holds 'v10_earth' but the catalog indexes it as 'v10'. The '_earth' qualifier means earth-relative rather than grid-relative; WRF's native u10/v10 are aligned to the projection axes, so the two are not interchangeable without rotation. Because the catalog drops it, these records pool silently with ordinary 'v10' and no metadata check will notice.",v10,v10_earth,catalog,,
WRF,UCLA,EC-Earth3-Veg,historical,r1i1p1f1,1hr,v10,d03,s3://cadcat/tmp/wrf/ucla/ec-earth3-veg/historical/1hr/v10_earth/d03/,check_catalog_row,catalog.path.staging_prefix,ERROR,30,"Store is served from a 'tmp' prefix rather than the canonical location. Data under a staging prefix carries no persistence guarantee, so anything pinned to this path can break without notice.",s3://cadcat/wrf/ucla/ec-earth3-veg/historical/1hr/v10/d03/,s3://cadcat/tmp/wrf/ucla/ec-earth3-veg/historical/1hr/v10_earth/d03/,catalog,,
WRF,UCLA,EC-Earth3-Veg,historical,r1i1p1f1,1hr,v10,d03,s3://cadcat/tmp/wrf/ucla/ec-earth3-veg/historical/1hr/v10_earth/d03/,check_catalog_row,catalog.path.variable_qualifier_dropped,ERROR,30,"The store holds 'v10_earth' but the catalog indexes it as 'v10'. The '_earth' qualifier means earth-relative rather than grid-relative; WRF's native u10/v10 are aligned to the projection axes, so the two are not interchangeable without rotation. Because the catalog drops it, these records pool silently with ordinary 'v10' and no metadata check will notice.",v10,v10_earth,catalog,,
WRF,UCLA,EC-Earth3-Veg,historical,r1i1p1f1,day,dew_point,d01,s3://cadcat/wrf/ucla/ec-earth3-veg/historical/day/dew_point/d01/,check_catalog_row,catalog.variable.undocumented,WARN,20,"'dew_point' at WRF/day is not in variable_descriptions.csv at any resolution, so climakitae has no unit or display name for it.",,dew_point,catalog,,
WRF,UCLA,EC-Earth3-Veg,historical,r1i1p1f1,day,dew_point,d02,s3://cadcat/wrf/ucla/ec-earth3-veg/historical/day/dew_point/d02/,check_catalog_row,catalog.variable.undocumented,WARN,20,"'dew_point' at WRF/day is not in variable_descriptions.csv at any resolution, so climakitae has no unit or display name for it.",,dew_point,catalog,,
WRF,UCLA,EC-Earth3-Veg,historical,r1i1p1f1,day,dew_point,d03,s3://cadcat/wrf/ucla/ec-earth3-veg/historical/day/dew_point/d03/,check_catalog_row,catalog.variable.undocumented,WARN,20,"'dew_point' at WRF/day is not in variable_descriptions.csv at any resolution, so climakitae has no unit or display name for it.",,dew_point,catalog,,
WRF,UCLA,EC-Earth3-Veg,historical,r1i1p1f1,day,effective_temp_index,d01,s3://cadcat/wrf/ucla/ec-earth3-veg/historical/day/effective_temp_index/d01/,check_catalog_row,catalog.variable.undocumented,WARN,20,"'effective_temp_index' at WRF/day is not in variable_descriptions.csv at any resolution, so climakitae has no unit or display name for it.",,effective_temp_index,catalog,,
WRF,UCLA,EC-Earth3-Veg,historical,r1i1p1f1,day,effective_temp_index,d02,s3://cadcat/wrf/ucla/ec-earth3-veg/historical/day/effective_temp_index/d02/,check_catalog_row,catalog.variable.undocumented,WARN,20,"'effective_temp_index' at WRF/day is not in variable_descriptions.csv at any resolution, so climakitae has no unit or display name for it.",,effective_temp_index,catalog,,
WRF,UCLA,EC-Earth3-Veg,historical,r1i1p1f1,day,effective_temp_index,d03,s3://cadcat/wrf/ucla/ec-earth3-veg/historical/day/effective_temp_index/d03/,check_catalog_row,catalog.variable.undocumented,WARN,20,"'effective_temp_index' at WRF/day is not in variable_descriptions.csv at any resolution, so climakitae has no unit or display name for it.",,effective_temp_index,catalog,,
WRF,UCLA,EC-Earth3-Veg,historical,r1i1p1f1,mon,dew_point,d01,s3://cadcat/wrf/ucla/ec-earth3-veg/historical/mon/dew_point/d01/,check_catalog_row,catalog.variable.undocumented,WARN,20,"'dew_point' at WRF/mon is not in variable_descriptions.csv at any resolution, so climakitae has no unit or display name for it.",,dew_point,catalog,,
WRF,UCLA,EC-Earth3-Veg,historical,r1i1p1f1,mon,dew_point,d02,s3://cadcat/wrf/ucla/ec-earth3-veg/historical/mon/dew_point/d02/,check_catalog_row,catalog.variable.undocumented,WARN,20,"'dew_point' at WRF/mon is not in variable_descriptions.csv at any resolution, so climakitae has no unit or display name for it.",,dew_point,catalog,,
WRF,UCLA,EC-Earth3-Veg,historical,r1i1p1f1,mon,dew_point,d03,s3://cadcat/wrf/ucla/ec-earth3-veg/historical/mon/dew_point/d03/,check_catalog_row,catalog.variable.undocumented,WARN,20,"'dew_point' at WRF/mon is not in variable_descriptions.csv at any resolution, so climakitae has no unit or display name for it.",,dew_point,catalog,,
WRF,UCLA,EC-Earth3-Veg,historical,r1i1p1f1,mon,effective_temp_index,d01,s3://cadcat/wrf/ucla/ec-earth3-veg/historical/mon/effective_temp_index/d01/,check_catalog_row,catalog.variable.undocumented,WARN,20,"'effective_temp_index' at WRF/mon is not in variable_descriptions.csv at any resolution, so climakitae has no unit or display name for it.",,effective_temp_index,catalog,,
WRF,UCLA,EC-Earth3-Veg,historical,r1i1p1f1,mon,effective_temp_index,d02,s3://cadcat/wrf/ucla/ec-earth3-veg/historical/mon/effective_temp_index/d02/,check_catalog_row,catalog.variable.undocumented,WARN,20,"'effective_temp_index' at WRF/mon is not in variable_descriptions.csv at any resolution, so climakitae has no unit or display name for it.",,effective_temp_index,catalog,,
WRF,UCLA,EC-Earth3-Veg,historical,r1i1p1f1,mon,effective_temp_index,d03,s3://cadcat/wrf/ucla/ec-earth3-veg/historical/mon/effective_temp_index/d03/,check_catalog_row,catalog.variable.undocumented,WARN,20,"'effective_temp_index' at WRF/mon is not in variable_descriptions.csv at any resolution, so climakitae has no unit or display name for it.",,effective_temp_index,catalog,,
WRF,UCLA,EC-Earth3-Veg,ssp370,r1i1p1f1,1hr,dew_point,d01,s3://cadcat/wrf/ucla/ec-earth3-veg/ssp370/1hr/dew_point/d01/,check_catalog_row,catalog.variable.undocumented,WARN,20,"'dew_point' at WRF/1hr is not in variable_descriptions.csv at any resolution, so climakitae has no unit or display name for it.",,dew_point,catalog,,
WRF,UCLA,EC-Earth3-Veg,ssp370,r1i1p1f1,1hr,dew_point,d02,s3://cadcat/wrf/ucla/ec-earth3-veg/ssp370/1hr/dew_point/d02/,check_catalog_row,catalog.variable.undocumented,WARN,20,"'dew_point' at WRF/1hr is not in variable_descriptions.csv at any resolution, so climakitae has no unit or display name for it.",,dew_point,catalog,,
WRF,UCLA,EC-Earth3-Veg,ssp370,r1i1p1f1,1hr,dew_point,d03,s3://cadcat/wrf/ucla/ec-earth3-veg/ssp370/1hr/dew_point/d03/,check_catalog_row,catalog.variable.undocumented,WARN,20,"'dew_point' at WRF/1hr is not in variable_descriptions.csv at any resolution, so climakitae has no unit or display name for it.",,dew_point,catalog,,
WRF,UCLA,EC-Earth3-Veg,ssp370,r1i1p1f1,1hr,effective_temp_index,d01,s3://cadcat/wrf/ucla/ec-earth3-veg/ssp370/1hr/effective_temp_index/d01/,check_catalog_row,catalog.variable.undocumented,WARN,20,"'effective_temp_index' at WRF/1hr is not in variable_descriptions.csv at any resolution, so climakitae has no unit or display name for it.",,effective_temp_index,catalog,,
WRF,UCLA,EC-Earth3-Veg,ssp370,r1i1p1f1,1hr,effective_temp_index,d02,s3://cadcat/wrf/ucla/ec-earth3-veg/ssp370/1hr/effective_temp_index/d02/,check_catalog_row,catalog.variable.undocumented,WARN,20,"'effective_temp_index' at WRF/1hr is not in variable_descriptions.csv at any resolution, so climakitae has no unit or display name for it.",,effective_temp_index,catalog,,
WRF,UCLA,EC-Earth3-Veg,ssp370,r1i1p1f1,1hr,effective_temp_index,d03,s3://cadcat/wrf/ucla/ec-earth3-veg/ssp370/1hr/effective_temp_index/d03/,check_catalog_row,catalog.variable.undocumented,WARN,20,"'effective_temp_index' at WRF/1hr is not in variable_descriptions.csv at any resolution, so climakitae has no unit or display name for it.",,effective_temp_index,catalog,,
WRF,UCLA,EC-Earth3-Veg,ssp370,r1i1p1f1,1hr,rh,d01,s3://cadcat/wrf/ucla/ec-earth3-veg/ssp370/1hr/rh/d01/,check_catalog_row,catalog.variable.timescale_mismatch,WARN,20,"'rh' is published at WRF/1hr but variable_descriptions.csv lists it only at ['day', 'mon'], so no unit or display name resolves at this resolution.","day, mon",1hr,catalog,,
WRF,UCLA,EC-Earth3-Veg,ssp370,r1i1p1f1,1hr,rh,d02,s3://cadcat/wrf/ucla/ec-earth3-veg/ssp370/1hr/rh/d02/,check_catalog_row,catalog.variable.timescale_mismatch,WARN,20,"'rh' is published at WRF/1hr but variable_descriptions.csv lists it only at ['day', 'mon'], so no unit or display name resolves at this resolution.","day, mon",1hr,catalog,,
WRF,UCLA,EC-Earth3-Veg,ssp370,r1i1p1f1,1hr,rh,d03,s3://cadcat/wrf/ucla/ec-earth3-veg/ssp370/1hr/rh/d03/,check_catalog_row,catalog.variable.timescale_mismatch,WARN,20,"'rh' is published at WRF/1hr but variable_descriptions.csv lists it only at ['day', 'mon'], so no unit or display name resolves at this resolution.","day, mon",1hr,catalog,,
WRF,UCLA,EC-Earth3-Veg,ssp370,r1i1p1f1,1hr,u10,d01,s3://cadcat/tmp/wrf/ucla/ec-earth3-veg/ssp370/1hr/u10_earth/d01/,check_catalog_row,catalog.path.staging_prefix,ERROR,30,"Store is served from a 'tmp' prefix rather than the canonical location. Data under a staging prefix carries no persistence guarantee, so anything pinned to this path can break without notice.",s3://cadcat/wrf/ucla/ec-earth3-veg/ssp370/1hr/u10/d01/,s3://cadcat/tmp/wrf/ucla/ec-earth3-veg/ssp370/1hr/u10_earth/d01/,catalog,,
WRF,UCLA,EC-Earth3-Veg,ssp370,r1i1p1f1,1hr,u10,d01,s3://cadcat/tmp/wrf/ucla/ec-earth3-veg/ssp370/1hr/u10_earth/d01/,check_catalog_row,catalog.path.variable_qualifier_dropped,ERROR,30,"The store holds 'u10_earth' but the catalog indexes it as 'u10'. The '_earth' qualifier means earth-relative rather than grid-relative; WRF's native u10/v10 are aligned to the projection axes, so the two are not interchangeable without rotation. Because the catalog drops it, these records pool silently with ordinary 'u10' and no metadata check will notice.",u10,u10_earth,catalog,,
WRF,UCLA,EC-Earth3-Veg,ssp370,r1i1p1f1,1hr,u10,d02,s3://cadcat/tmp/wrf/ucla/ec-earth3-veg/ssp370/1hr/u10_earth/d02/,check_catalog_row,catalog.path.staging_prefix,ERROR,30,"Store is served from a 'tmp' prefix rather than the canonical location. Data under a staging prefix carries no persistence guarantee, so anything pinned to this path can break without notice.",s3://cadcat/wrf/ucla/ec-earth3-veg/ssp370/1hr/u10/d02/,s3://cadcat/tmp/wrf/ucla/ec-earth3-veg/ssp370/1hr/u10_earth/d02/,catalog,,
WRF,UCLA,EC-Earth3-Veg,ssp370,r1i1p1f1,1hr,u10,d02,s3://cadcat/tmp/wrf/ucla/ec-earth3-veg/ssp370/1hr/u10_earth/d02/,check_catalog_row,catalog.path.variable_qualifier_dropped,ERROR,30,"The store holds 'u10_earth' but the catalog indexes it as 'u10'. The '_earth' qualifier means earth-relative rather than grid-relative; WRF's native u10/v10 are aligned to the projection axes, so the two are not interchangeable without rotation. Because the catalog drops it, these records pool silently with ordinary 'u10' and no metadata check will notice.",u10,u10_earth,catalog,,
WRF,UCLA,EC-Earth3-Veg,ssp370,r1i1p1f1,1hr,u10,d03,s3://cadcat/tmp/wrf/ucla/ec-earth3-veg/ssp370/1hr/u10_earth/d03/,check_catalog_row,catalog.path.staging_prefix,ERROR,30,"Store is served from a 'tmp' prefix rather than the canonical location. Data under a staging prefix carries no persistence guarantee, so anything pinned to this path can break without notice.",s3://cadcat/wrf/ucla/ec-earth3-veg/ssp370/1hr/u10/d03/,s3://cadcat/tmp/wrf/ucla/ec-earth3-veg/ssp370/1hr/u10_earth/d03/,catalog,,
WRF,UCLA,EC-Earth3-Veg,ssp370,r1i1p1f1,1hr,u10,d03,s3://cadcat/tmp/wrf/ucla/ec-earth3-veg/ssp370/1hr/u10_earth/d03/,check_catalog_row,catalog.path.variable_qualifier_dropped,ERROR,30,"The store holds 'u10_earth' but the catalog indexes it as 'u10'. The '_earth' qualifier means earth-relative rather than grid-relative; WRF's native u10/v10 are aligned to the projection axes, so the two are not interchangeable without rotation. Because the catalog drops it, these records pool silently with ordinary 'u10' and no metadata check will notice.",u10,u10_earth,catalog,,
WRF,UCLA,EC-Earth3-Veg,ssp370,r1i1p1f1,1hr,v10,d01,s3://cadcat/tmp/wrf/ucla/ec-earth3-veg/ssp370/1hr/v10_earth/d01/,check_catalog_row,catalog.path.staging_prefix,ERROR,30,"Store is served from a 'tmp' prefix rather than the canonical location. Data under a staging prefix carries no persistence guarantee, so anything pinned to this path can break without notice.",s3://cadcat/wrf/ucla/ec-earth3-veg/ssp370/1hr/v10/d01/,s3://cadcat/tmp/wrf/ucla/ec-earth3-veg/ssp370/1hr/v10_earth/d01/,catalog,,
WRF,UCLA,EC-Earth3-Veg,ssp370,r1i1p1f1,1hr,v10,d01,s3://cadcat/tmp/wrf/ucla/ec-earth3-veg/ssp370/1hr/v10_earth/d01/,check_catalog_row,catalog.path.variable_qualifier_dropped,ERROR,30,"The store holds 'v10_earth' but the catalog indexes it as 'v10'. The '_earth' qualifier means earth-relative rather than grid-relative; WRF's native u10/v10 are aligned to the projection axes, so the two are not interchangeable without rotation. Because the catalog drops it, these records pool silently with ordinary 'v10' and no metadata check will notice.",v10,v10_earth,catalog,,
WRF,UCLA,EC-Earth3-Veg,ssp370,r1i1p1f1,1hr,v10,d02,s3://cadcat/tmp/wrf/ucla/ec-earth3-veg/ssp370/1hr/v10_earth/d02/,check_catalog_row,catalog.path.staging_prefix,ERROR,30,"Store is served from a 'tmp' prefix rather than the canonical location. Data under a staging prefix carries no persistence guarantee, so anything pinned to this path can break without notice.",s3://cadcat/wrf/ucla/ec-earth3-veg/ssp370/1hr/v10/d02/,s3://cadcat/tmp/wrf/ucla/ec-earth3-veg/ssp370/1hr/v10_earth/d02/,catalog,,
WRF,UCLA,EC-Earth3-Veg,ssp370,r1i1p1f1,1hr,v10,d02,s3://cadcat/tmp/wrf/ucla/ec-earth3-veg/ssp370/1hr/v10_earth/d02/,check_catalog_row,catalog.path.variable_qualifier_dropped,ERROR,30,"The store holds 'v10_earth' but the catalog indexes it as 'v10'. The '_earth' qualifier means earth-relative rather than grid-relative; WRF's native u10/v10 are aligned to the projection axes, so the two are not interchangeable without rotation. Because the catalog drops it, these records pool silently with ordinary 'v10' and no metadata check will notice.",v10,v10_earth,catalog,,
WRF,UCLA,EC-Earth3-Veg,ssp370,r1i1p1f1,1hr,v10,d03,s3://cadcat/tmp/wrf/ucla/ec-earth3-veg/ssp370/1hr/v10_earth/d03/,check_catalog_row,catalog.path.staging_prefix,ERROR,30,"Store is served from a 'tmp' prefix rather than the canonical location. Data under a staging prefix carries no persistence guarantee, so anything pinned to this path can break without notice.",s3://cadcat/wrf/ucla/ec-earth3-veg/ssp370/1hr/v10/d03/,s3://cadcat/tmp/wrf/ucla/ec-earth3-veg/ssp370/1hr/v10_earth/d03/,catalog,,
WRF,UCLA,EC-Earth3-Veg,ssp370,r1i1p1f1,1hr,v10,d03,s3://cadcat/tmp/wrf/ucla/ec-earth3-veg/ssp370/1hr/v10_earth/d03/,check_catalog_row,catalog.path.variable_qualifier_dropped,ERROR,30,"The store holds 'v10_earth' but the catalog indexes it as 'v10'. The '_earth' qualifier means earth-relative rather than grid-relative; WRF's native u10/v10 are aligned to the projection axes, so the two are not interchangeable without rotation. Because the catalog drops it, these records pool silently with ordinary 'v10' and no metadata check will notice.",v10,v10_earth,catalog,,
WRF,UCLA,EC-Earth3-Veg,ssp370,r1i1p1f1,day,dew_point,d01,s3://cadcat/wrf/ucla/ec-earth3-veg/ssp370/day/dew_point/d01/,check_catalog_row,catalog.variable.undocumented,WARN,20,"'dew_point' at WRF/day is not in variable_descriptions.csv at any resolution, so climakitae has no unit or display name for it.",,dew_point,catalog,,
WRF,UCLA,EC-Earth3-Veg,ssp370,r1i1p1f1,day,dew_point,d02,s3://cadcat/wrf/ucla/ec-earth3-veg/ssp370/day/dew_point/d02/,check_catalog_row,catalog.variable.undocumented,WARN,20,"'dew_point' at WRF/day is not in variable_descriptions.csv at any resolution, so climakitae has no unit or display name for it.",,dew_point,catalog,,
WRF,UCLA,EC-Earth3-Veg,ssp370,r1i1p1f1,day,dew_point,d03,s3://cadcat/wrf/ucla/ec-earth3-veg/ssp370/day/dew_point/d03/,check_catalog_row,catalog.variable.undocumented,WARN,20,"'dew_point' at WRF/day is not in variable_descriptions.csv at any resolution, so climakitae has no unit or display name for it.",,dew_point,catalog,,
WRF,UCLA,EC-Earth3-Veg,ssp370,r1i1p1f1,day,effective_temp_index,d01,s3://cadcat/wrf/ucla/ec-earth3-veg/ssp370/day/effective_temp_index/d01/,check_catalog_row,catalog.variable.undocumented,WARN,20,"'effective_temp_index' at WRF/day is not in variable_descriptions.csv at any resolution, so climakitae has no unit or display name for it.",,effective_temp_index,catalog,,
WRF,UCLA,EC-Earth3-Veg,ssp370,r1i1p1f1,day,effective_temp_index,d02,s3://cadcat/wrf/ucla/ec-earth3-veg/ssp370/day/effective_temp_index/d02/,check_catalog_row,catalog.variable.undocumented,WARN,20,"'effective_temp_index' at WRF/day is not in variable_descriptions.csv at any resolution, so climakitae has no unit or display name for it.",,effective_temp_index,catalog,,
WRF,UCLA,EC-Earth3-Veg,ssp370,r1i1p1f1,day,effective_temp_index,d03,s3://cadcat/wrf/ucla/ec-earth3-veg/ssp370/day/effective_temp_index/d03/,check_catalog_row,catalog.variable.undocumented,WARN,20,"'effective_temp_index' at WRF/day is not in variable_descriptions.csv at any resolution, so climakitae has no unit or display name for it.",,effective_temp_index,catalog,,
WRF,UCLA,EC-Earth3-Veg,ssp370,r1i1p1f1,mon,dew_point,d01,s3://cadcat/wrf/ucla/ec-earth3-veg/ssp370/mon/dew_point/d01/,check_catalog_row,catalog.variable.undocumented,WARN,20,"'dew_point' at WRF/mon is not in variable_descriptions.csv at any resolution, so climakitae has no unit or display name for it.",,dew_point,catalog,,
WRF,UCLA,EC-Earth3-Veg,ssp370,r1i1p1f1,mon,dew_point,d02,s3://cadcat/wrf/ucla/ec-earth3-veg/ssp370/mon/dew_point/d02/,check_catalog_row,catalog.variable.undocumented,WARN,20,"'dew_point' at WRF/mon is not in variable_descriptions.csv at any resolution, so climakitae has no unit or display name for it.",,dew_point,catalog,,
WRF,UCLA,EC-Earth3-Veg,ssp370,r1i1p1f1,mon,dew_point,d03,s3://cadcat/wrf/ucla/ec-earth3-veg/ssp370/mon/dew_point/d03/,check_catalog_row,catalog.variable.undocumented,WARN,20,"'dew_point' at WRF/mon is not in variable_descriptions.csv at any resolution, so climakitae has no unit or display name for it.",,dew_point,catalog,,
WRF,UCLA,EC-Earth3-Veg,ssp370,r1i1p1f1,mon,effective_temp_index,d01,s3://cadcat/wrf/ucla/ec-earth3-veg/ssp370/mon/effective_temp_index/d01/,check_catalog_row,catalog.variable.undocumented,WARN,20,"'effective_temp_index' at WRF/mon is not in variable_descriptions.csv at any resolution, so climakitae has no unit or display name for it.",,effective_temp_index,catalog,,
WRF,UCLA,EC-Earth3-Veg,ssp370,r1i1p1f1,mon,effective_temp_index,d02,s3://cadcat/wrf/ucla/ec-earth3-veg/ssp370/mon/effective_temp_index/d02/,check_catalog_row,catalog.variable.undocumented,WARN,20,"'effective_temp_index' at WRF/mon is not in variable_descriptions.csv at any resolution, so climakitae has no unit or display name for it.",,effective_temp_index,catalog,,
WRF,UCLA,EC-Earth3-Veg,ssp370,r1i1p1f1,mon,effective_temp_index,d03,s3://cadcat/wrf/ucla/ec-earth3-veg/ssp370/mon/effective_temp_index/d03/,check_catalog_row,catalog.variable.undocumented,WARN,20,"'effective_temp_index' at WRF/mon is not in variable_descriptions.csv at any resolution, so climakitae has no unit or display name for it.",,effective_temp_index,catalog,,
WRF,UCLA,ERA5,reanalysis,,1hr,dew_point,d01,s3://cadcat/wrf/ucla/era5/reanalysis/1hr/dew_point/d01/,check_catalog_row,catalog.variable.undocumented,WARN,20,"'dew_point' at WRF/1hr is not in variable_descriptions.csv at any resolution, so climakitae has no unit or display name for it.",,dew_point,catalog,,
WRF,UCLA,ERA5,reanalysis,,1hr,dew_point,d02,s3://cadcat/wrf/ucla/era5/reanalysis/1hr/dew_point/d02/,check_catalog_row,catalog.variable.undocumented,WARN,20,"'dew_point' at WRF/1hr is not in variable_descriptions.csv at any resolution, so climakitae has no unit or display name for it.",,dew_point,catalog,,
WRF,UCLA,ERA5,reanalysis,,1hr,dew_point,d03,s3://cadcat/wrf/ucla/era5/reanalysis/1hr/dew_point/d03/,check_catalog_row,catalog.variable.undocumented,WARN,20,"'dew_point' at WRF/1hr is not in variable_descriptions.csv at any resolution, so climakitae has no unit or display name for it.",,dew_point,catalog,,
WRF,UCLA,ERA5,reanalysis,,1hr,rh,d01,s3://cadcat/wrf/ucla/era5/reanalysis/1hr/rh/d01/,check_catalog_row,catalog.variable.timescale_mismatch,WARN,20,"'rh' is published at WRF/1hr but variable_descriptions.csv lists it only at ['day', 'mon'], so no unit or display name resolves at this resolution.","day, mon",1hr,catalog,,
WRF,UCLA,ERA5,reanalysis,,1hr,rh,d02,s3://cadcat/wrf/ucla/era5/reanalysis/1hr/rh/d02/,check_catalog_row,catalog.variable.timescale_mismatch,WARN,20,"'rh' is published at WRF/1hr but variable_descriptions.csv lists it only at ['day', 'mon'], so no unit or display name resolves at this resolution.","day, mon",1hr,catalog,,
WRF,UCLA,ERA5,reanalysis,,1hr,rh,d03,s3://cadcat/wrf/ucla/era5/reanalysis/1hr/rh/d03/,check_catalog_row,catalog.variable.timescale_mismatch,WARN,20,"'rh' is published at WRF/1hr but variable_descriptions.csv lists it only at ['day', 'mon'], so no unit or display name resolves at this resolution.","day, mon",1hr,catalog,,
WRF,UCLA,ERA5,reanalysis,,day,dew_point,d01,s3://cadcat/wrf/ucla/era5/reanalysis/day/dew_point/d01/,check_catalog_row,catalog.variable.undocumented,WARN,20,"'dew_point' at WRF/day is not in variable_descriptions.csv at any resolution, so climakitae has no unit or display name for it.",,dew_point,catalog,,
WRF,UCLA,ERA5,reanalysis,,day,dew_point,d02,s3://cadcat/wrf/ucla/era5/reanalysis/day/dew_point/d02/,check_catalog_row,catalog.variable.undocumented,WARN,20,"'dew_point' at WRF/day is not in variable_descriptions.csv at any resolution, so climakitae has no unit or display name for it.",,dew_point,catalog,,
WRF,UCLA,ERA5,reanalysis,,day,dew_point,d03,s3://cadcat/wrf/ucla/era5/reanalysis/day/dew_point/d03/,check_catalog_row,catalog.variable.undocumented,WARN,20,"'dew_point' at WRF/day is not in variable_descriptions.csv at any resolution, so climakitae has no unit or display name for it.",,dew_point,catalog,,
WRF,UCLA,ERA5,reanalysis,,mon,dew_point,d01,s3://cadcat/wrf/ucla/era5/reanalysis/mon/dew_point/d01/,check_catalog_row,catalog.variable.undocumented,WARN,20,"'dew_point' at WRF/mon is not in variable_descriptions.csv at any resolution, so climakitae has no unit or display name for it.",,dew_point,catalog,,
WRF,UCLA,ERA5,reanalysis,,mon,dew_point,d02,s3://cadcat/wrf/ucla/era5/reanalysis/mon/dew_point/d02/,check_catalog_row,catalog.variable.undocumented,WARN,20,"'dew_point' at WRF/mon is not in variable_descriptions.csv at any resolution, so climakitae has no unit or display name for it.",,dew_point,catalog,,
WRF,UCLA,ERA5,reanalysis,,mon,dew_point,d03,s3://cadcat/wrf/ucla/era5/reanalysis/mon/dew_point/d03/,check_catalog_row,catalog.variable.undocumented,WARN,20,"'dew_point' at WRF/mon is not in variable_descriptions.csv at any resolution, so climakitae has no unit or display name for it.",,dew_point,catalog,,
WRF,UCLA,FGOALS-g3,historical,r1i1p1f1,1hr,dew_point,d01,s3://cadcat/wrf/ucla/fgoals-g3/historical/1hr/dew_point/d01/,check_catalog_row,catalog.variable.undocumented,WARN,20,"'dew_point' at WRF/1hr is not in variable_descriptions.csv at any resolution, so climakitae has no unit or display name for it.",,dew_point,catalog,,
WRF,UCLA,FGOALS-g3,historical,r1i1p1f1,1hr,dew_point,d02,s3://cadcat/wrf/ucla/fgoals-g3/historical/1hr/dew_point/d02/,check_catalog_row,catalog.variable.undocumented,WARN,20,"'dew_point' at WRF/1hr is not in variable_descriptions.csv at any resolution, so climakitae has no unit or display name for it.",,dew_point,catalog,,
WRF,UCLA,FGOALS-g3,historical,r1i1p1f1,1hr,dew_point,d03,s3://cadcat/wrf/ucla/fgoals-g3/historical/1hr/dew_point/d03/,check_catalog_row,catalog.variable.undocumented,WARN,20,"'dew_point' at WRF/1hr is not in variable_descriptions.csv at any resolution, so climakitae has no unit or display name for it.",,dew_point,catalog,,
WRF,UCLA,FGOALS-g3,historical,r1i1p1f1,1hr,effective_temp_index,d01,s3://cadcat/wrf/ucla/fgoals-g3/historical/1hr/effective_temp_index/d01/,check_catalog_row,catalog.variable.undocumented,WARN,20,"'effective_temp_index' at WRF/1hr is not in variable_descriptions.csv at any resolution, so climakitae has no unit or display name for it.",,effective_temp_index,catalog,,
WRF,UCLA,FGOALS-g3,historical,r1i1p1f1,1hr,effective_temp_index,d02,s3://cadcat/wrf/ucla/fgoals-g3/historical/1hr/effective_temp_index/d02/,check_catalog_row,catalog.variable.undocumented,WARN,20,"'effective_temp_index' at WRF/1hr is not in variable_descriptions.csv at any resolution, so climakitae has no unit or display name for it.",,effective_temp_index,catalog,,
WRF,UCLA,FGOALS-g3,historical,r1i1p1f1,1hr,effective_temp_index,d03,s3://cadcat/wrf/ucla/fgoals-g3/historical/1hr/effective_temp_index/d03/,check_catalog_row,catalog.variable.undocumented,WARN,20,"'effective_temp_index' at WRF/1hr is not in variable_descriptions.csv at any resolution, so climakitae has no unit or display name for it.",,effective_temp_index,catalog,,
WRF,UCLA,FGOALS-g3,historical,r1i1p1f1,1hr,rh,d01,s3://cadcat/wrf/ucla/fgoals-g3/historical/1hr/rh/d01/,check_catalog_row,catalog.variable.timescale_mismatch,WARN,20,"'rh' is published at WRF/1hr but variable_descriptions.csv lists it only at ['day', 'mon'], so no unit or display name resolves at this resolution.","day, mon",1hr,catalog,,
WRF,UCLA,FGOALS-g3,historical,r1i1p1f1,1hr,rh,d02,s3://cadcat/wrf/ucla/fgoals-g3/historical/1hr/rh/d02/,check_catalog_row,catalog.variable.timescale_mismatch,WARN,20,"'rh' is published at WRF/1hr but variable_descriptions.csv lists it only at ['day', 'mon'], so no unit or display name resolves at this resolution.","day, mon",1hr,catalog,,
WRF,UCLA,FGOALS-g3,historical,r1i1p1f1,1hr,rh,d03,s3://cadcat/wrf/ucla/fgoals-g3/historical/1hr/rh/d03/,check_catalog_row,catalog.variable.timescale_mismatch,WARN,20,"'rh' is published at WRF/1hr but variable_descriptions.csv lists it only at ['day', 'mon'], so no unit or display name resolves at this resolution.","day, mon",1hr,catalog,,
WRF,UCLA,FGOALS-g3,historical,r1i1p1f1,1hr,u10,d01,s3://cadcat/tmp/wrf/ucla/fgoals-g3/historical/1hr/u10_earth/d01/,check_catalog_row,catalog.path.staging_prefix,ERROR,30,"Store is served from a 'tmp' prefix rather than the canonical location. Data under a staging prefix carries no persistence guarantee, so anything pinned to this path can break without notice.",s3://cadcat/wrf/ucla/fgoals-g3/historical/1hr/u10/d01/,s3://cadcat/tmp/wrf/ucla/fgoals-g3/historical/1hr/u10_earth/d01/,catalog,,
WRF,UCLA,FGOALS-g3,historical,r1i1p1f1,1hr,u10,d01,s3://cadcat/tmp/wrf/ucla/fgoals-g3/historical/1hr/u10_earth/d01/,check_catalog_row,catalog.path.variable_qualifier_dropped,ERROR,30,"The store holds 'u10_earth' but the catalog indexes it as 'u10'. The '_earth' qualifier means earth-relative rather than grid-relative; WRF's native u10/v10 are aligned to the projection axes, so the two are not interchangeable without rotation. Because the catalog drops it, these records pool silently with ordinary 'u10' and no metadata check will notice.",u10,u10_earth,catalog,,
WRF,UCLA,FGOALS-g3,historical,r1i1p1f1,1hr,u10,d02,s3://cadcat/tmp/wrf/ucla/fgoals-g3/historical/1hr/u10_earth/d02/,check_catalog_row,catalog.path.staging_prefix,ERROR,30,"Store is served from a 'tmp' prefix rather than the canonical location. Data under a staging prefix carries no persistence guarantee, so anything pinned to this path can break without notice.",s3://cadcat/wrf/ucla/fgoals-g3/historical/1hr/u10/d02/,s3://cadcat/tmp/wrf/ucla/fgoals-g3/historical/1hr/u10_earth/d02/,catalog,,
WRF,UCLA,FGOALS-g3,historical,r1i1p1f1,1hr,u10,d02,s3://cadcat/tmp/wrf/ucla/fgoals-g3/historical/1hr/u10_earth/d02/,check_catalog_row,catalog.path.variable_qualifier_dropped,ERROR,30,"The store holds 'u10_earth' but the catalog indexes it as 'u10'. The '_earth' qualifier means earth-relative rather than grid-relative; WRF's native u10/v10 are aligned to the projection axes, so the two are not interchangeable without rotation. Because the catalog drops it, these records pool silently with ordinary 'u10' and no metadata check will notice.",u10,u10_earth,catalog,,
WRF,UCLA,FGOALS-g3,historical,r1i1p1f1,1hr,u10,d03,s3://cadcat/tmp/wrf/ucla/fgoals-g3/historical/1hr/u10_earth/d03/,check_catalog_row,catalog.path.staging_prefix,ERROR,30,"Store is served from a 'tmp' prefix rather than the canonical location. Data under a staging prefix carries no persistence guarantee, so anything pinned to this path can break without notice.",s3://cadcat/wrf/ucla/fgoals-g3/historical/1hr/u10/d03/,s3://cadcat/tmp/wrf/ucla/fgoals-g3/historical/1hr/u10_earth/d03/,catalog,,
WRF,UCLA,FGOALS-g3,historical,r1i1p1f1,1hr,u10,d03,s3://cadcat/tmp/wrf/ucla/fgoals-g3/historical/1hr/u10_earth/d03/,check_catalog_row,catalog.path.variable_qualifier_dropped,ERROR,30,"The store holds 'u10_earth' but the catalog indexes it as 'u10'. The '_earth' qualifier means earth-relative rather than grid-relative; WRF's native u10/v10 are aligned to the projection axes, so the two are not interchangeable without rotation. Because the catalog drops it, these records pool silently with ordinary 'u10' and no metadata check will notice.",u10,u10_earth,catalog,,
WRF,UCLA,FGOALS-g3,historical,r1i1p1f1,1hr,v10,d01,s3://cadcat/tmp/wrf/ucla/fgoals-g3/historical/1hr/v10_earth/d01/,check_catalog_row,catalog.path.staging_prefix,ERROR,30,"Store is served from a 'tmp' prefix rather than the canonical location. Data under a staging prefix carries no persistence guarantee, so anything pinned to this path can break without notice.",s3://cadcat/wrf/ucla/fgoals-g3/historical/1hr/v10/d01/,s3://cadcat/tmp/wrf/ucla/fgoals-g3/historical/1hr/v10_earth/d01/,catalog,,
WRF,UCLA,FGOALS-g3,historical,r1i1p1f1,1hr,v10,d01,s3://cadcat/tmp/wrf/ucla/fgoals-g3/historical/1hr/v10_earth/d01/,check_catalog_row,catalog.path.variable_qualifier_dropped,ERROR,30,"The store holds 'v10_earth' but the catalog indexes it as 'v10'. The '_earth' qualifier means earth-relative rather than grid-relative; WRF's native u10/v10 are aligned to the projection axes, so the two are not interchangeable without rotation. Because the catalog drops it, these records pool silently with ordinary 'v10' and no metadata check will notice.",v10,v10_earth,catalog,,
WRF,UCLA,FGOALS-g3,historical,r1i1p1f1,1hr,v10,d02,s3://cadcat/tmp/wrf/ucla/fgoals-g3/historical/1hr/v10_earth/d02/,check_catalog_row,catalog.path.staging_prefix,ERROR,30,"Store is served from a 'tmp' prefix rather than the canonical location. Data under a staging prefix carries no persistence guarantee, so anything pinned to this path can break without notice.",s3://cadcat/wrf/ucla/fgoals-g3/historical/1hr/v10/d02/,s3://cadcat/tmp/wrf/ucla/fgoals-g3/historical/1hr/v10_earth/d02/,catalog,,
WRF,UCLA,FGOALS-g3,historical,r1i1p1f1,1hr,v10,d02,s3://cadcat/tmp/wrf/ucla/fgoals-g3/historical/1hr/v10_earth/d02/,check_catalog_row,catalog.path.variable_qualifier_dropped,ERROR,30,"The store holds 'v10_earth' but the catalog indexes it as 'v10'. The '_earth' qualifier means earth-relative rather than grid-relative; WRF's native u10/v10 are aligned to the projection axes, so the two are not interchangeable without rotation. Because the catalog drops it, these records pool silently with ordinary 'v10' and no metadata check will notice.",v10,v10_earth,catalog,,
WRF,UCLA,FGOALS-g3,historical,r1i1p1f1,1hr,v10,d03,s3://cadcat/tmp/wrf/ucla/fgoals-g3/historical/1hr/v10_earth/d03/,check_catalog_row,catalog.path.staging_prefix,ERROR,30,"Store is served from a 'tmp' prefix rather than the canonical location. Data under a staging prefix carries no persistence guarantee, so anything pinned to this path can break without notice.",s3://cadcat/wrf/ucla/fgoals-g3/historical/1hr/v10/d03/,s3://cadcat/tmp/wrf/ucla/fgoals-g3/historical/1hr/v10_earth/d03/,catalog,,
WRF,UCLA,FGOALS-g3,historical,r1i1p1f1,1hr,v10,d03,s3://cadcat/tmp/wrf/ucla/fgoals-g3/historical/1hr/v10_earth/d03/,check_catalog_row,catalog.path.variable_qualifier_dropped,ERROR,30,"The store holds 'v10_earth' but the catalog indexes it as 'v10'. The '_earth' qualifier means earth-relative rather than grid-relative; WRF's native u10/v10 are aligned to the projection axes, so the two are not interchangeable without rotation. Because the catalog drops it, these records pool silently with ordinary 'v10' and no metadata check will notice.",v10,v10_earth,catalog,,
WRF,UCLA,FGOALS-g3,historical,r1i1p1f1,day,dew_point,d01,s3://cadcat/wrf/ucla/fgoals-g3/historical/day/dew_point/d01/,check_catalog_row,catalog.variable.undocumented,WARN,20,"'dew_point' at WRF/day is not in variable_descriptions.csv at any resolution, so climakitae has no unit or display name for it.",,dew_point,catalog,,
WRF,UCLA,FGOALS-g3,historical,r1i1p1f1,day,dew_point,d02,s3://cadcat/wrf/ucla/fgoals-g3/historical/day/dew_point/d02/,check_catalog_row,catalog.variable.undocumented,WARN,20,"'dew_point' at WRF/day is not in variable_descriptions.csv at any resolution, so climakitae has no unit or display name for it.",,dew_point,catalog,,
WRF,UCLA,FGOALS-g3,historical,r1i1p1f1,day,dew_point,d03,s3://cadcat/wrf/ucla/fgoals-g3/historical/day/dew_point/d03/,check_catalog_row,catalog.variable.undocumented,WARN,20,"'dew_point' at WRF/day is not in variable_descriptions.csv at any resolution, so climakitae has no unit or display name for it.",,dew_point,catalog,,
WRF,UCLA,FGOALS-g3,historical,r1i1p1f1,day,effective_temp_index,d01,s3://cadcat/wrf/ucla/fgoals-g3/historical/day/effective_temp_index/d01/,check_catalog_row,catalog.variable.undocumented,WARN,20,"'effective_temp_index' at WRF/day is not in variable_descriptions.csv at any resolution, so climakitae has no unit or display name for it.",,effective_temp_index,catalog,,
WRF,UCLA,FGOALS-g3,historical,r1i1p1f1,day,effective_temp_index,d02,s3://cadcat/wrf/ucla/fgoals-g3/historical/day/effective_temp_index/d02/,check_catalog_row,catalog.variable.undocumented,WARN,20,"'effective_temp_index' at WRF/day is not in variable_descriptions.csv at any resolution, so climakitae has no unit or display name for it.",,effective_temp_index,catalog,,
WRF,UCLA,FGOALS-g3,historical,r1i1p1f1,day,effective_temp_index,d03,s3://cadcat/wrf/ucla/fgoals-g3/historical/day/effective_temp_index/d03/,check_catalog_row,catalog.variable.undocumented,WARN,20,"'effective_temp_index' at WRF/day is not in variable_descriptions.csv at any resolution, so climakitae has no unit or display name for it.",,effective_temp_index,catalog,,
WRF,UCLA,FGOALS-g3,historical,r1i1p1f1,mon,dew_point,d01,s3://cadcat/wrf/ucla/fgoals-g3/historical/mon/dew_point/d01/,check_catalog_row,catalog.variable.undocumented,WARN,20,"'dew_point' at WRF/mon is not in variable_descriptions.csv at any resolution, so climakitae has no unit or display name for it.",,dew_point,catalog,,
WRF,UCLA,FGOALS-g3,historical,r1i1p1f1,mon,dew_point,d02,s3://cadcat/wrf/ucla/fgoals-g3/historical/mon/dew_point/d02/,check_catalog_row,catalog.variable.undocumented,WARN,20,"'dew_point' at WRF/mon is not in variable_descriptions.csv at any resolution, so climakitae has no unit or display name for it.",,dew_point,catalog,,
WRF,UCLA,FGOALS-g3,historical,r1i1p1f1,mon,dew_point,d03,s3://cadcat/wrf/ucla/fgoals-g3/historical/mon/dew_point/d03/,check_catalog_row,catalog.variable.undocumented,WARN,20,"'dew_point' at WRF/mon is not in variable_descriptions.csv at any resolution, so climakitae has no unit or display name for it.",,dew_point,catalog,,
WRF,UCLA,FGOALS-g3,historical,r1i1p1f1,mon,effective_temp_index,d01,s3://cadcat/wrf/ucla/fgoals-g3/historical/mon/effective_temp_index/d01/,check_catalog_row,catalog.variable.undocumented,WARN,20,"'effective_temp_index' at WRF/mon is not in variable_descriptions.csv at any resolution, so climakitae has no unit or display name for it.",,effective_temp_index,catalog,,
WRF,UCLA,FGOALS-g3,historical,r1i1p1f1,mon,effective_temp_index,d02,s3://cadcat/wrf/ucla/fgoals-g3/historical/mon/effective_temp_index/d02/,check_catalog_row,catalog.variable.undocumented,WARN,20,"'effective_temp_index' at WRF/mon is not in variable_descriptions.csv at any resolution, so climakitae has no unit or display name for it.",,effective_temp_index,catalog,,
WRF,UCLA,FGOALS-g3,historical,r1i1p1f1,mon,effective_temp_index,d03,s3://cadcat/wrf/ucla/fgoals-g3/historical/mon/effective_temp_index/d03/,check_catalog_row,catalog.variable.undocumented,WARN,20,"'effective_temp_index' at WRF/mon is not in variable_descriptions.csv at any resolution, so climakitae has no unit or display name for it.",,effective_temp_index,catalog,,
WRF,UCLA,FGOALS-g3,ssp370,r1i1p1f1,1hr,dew_point,d01,s3://cadcat/wrf/ucla/fgoals-g3/ssp370/1hr/dew_point/d01/,check_catalog_row,catalog.variable.undocumented,WARN,20,"'dew_point' at WRF/1hr is not in variable_descriptions.csv at any resolution, so climakitae has no unit or display name for it.",,dew_point,catalog,,
WRF,UCLA,FGOALS-g3,ssp370,r1i1p1f1,1hr,dew_point,d02,s3://cadcat/wrf/ucla/fgoals-g3/ssp370/1hr/dew_point/d02/,check_catalog_row,catalog.variable.undocumented,WARN,20,"'dew_point' at WRF/1hr is not in variable_descriptions.csv at any resolution, so climakitae has no unit or display name for it.",,dew_point,catalog,,
WRF,UCLA,FGOALS-g3,ssp370,r1i1p1f1,1hr,dew_point,d03,s3://cadcat/wrf/ucla/fgoals-g3/ssp370/1hr/dew_point/d03/,check_catalog_row,catalog.variable.undocumented,WARN,20,"'dew_point' at WRF/1hr is not in variable_descriptions.csv at any resolution, so climakitae has no unit or display name for it.",,dew_point,catalog,,
WRF,UCLA,FGOALS-g3,ssp370,r1i1p1f1,1hr,effective_temp_index,d01,s3://cadcat/wrf/ucla/fgoals-g3/ssp370/1hr/effective_temp_index/d01/,check_catalog_row,catalog.variable.undocumented,WARN,20,"'effective_temp_index' at WRF/1hr is not in variable_descriptions.csv at any resolution, so climakitae has no unit or display name for it.",,effective_temp_index,catalog,,
WRF,UCLA,FGOALS-g3,ssp370,r1i1p1f1,1hr,effective_temp_index,d02,s3://cadcat/wrf/ucla/fgoals-g3/ssp370/1hr/effective_temp_index/d02/,check_catalog_row,catalog.variable.undocumented,WARN,20,"'effective_temp_index' at WRF/1hr is not in variable_descriptions.csv at any resolution, so climakitae has no unit or display name for it.",,effective_temp_index,catalog,,
WRF,UCLA,FGOALS-g3,ssp370,r1i1p1f1,1hr,effective_temp_index,d03,s3://cadcat/wrf/ucla/fgoals-g3/ssp370/1hr/effective_temp_index/d03/,check_catalog_row,catalog.variable.undocumented,WARN,20,"'effective_temp_index' at WRF/1hr is not in variable_descriptions.csv at any resolution, so climakitae has no unit or display name for it.",,effective_temp_index,catalog,,
WRF,UCLA,FGOALS-g3,ssp370,r1i1p1f1,1hr,rh,d01,s3://cadcat/wrf/ucla/fgoals-g3/ssp370/1hr/rh/d01/,check_catalog_row,catalog.variable.timescale_mismatch,WARN,20,"'rh' is published at WRF/1hr but variable_descriptions.csv lists it only at ['day', 'mon'], so no unit or display name resolves at this resolution.","day, mon",1hr,catalog,,
WRF,UCLA,FGOALS-g3,ssp370,r1i1p1f1,1hr,rh,d02,s3://cadcat/wrf/ucla/fgoals-g3/ssp370/1hr/rh/d02/,check_catalog_row,catalog.variable.timescale_mismatch,WARN,20,"'rh' is published at WRF/1hr but variable_descriptions.csv lists it only at ['day', 'mon'], so no unit or display name resolves at this resolution.","day, mon",1hr,catalog,,
WRF,UCLA,FGOALS-g3,ssp370,r1i1p1f1,1hr,rh,d03,s3://cadcat/wrf/ucla/fgoals-g3/ssp370/1hr/rh/d03/,check_catalog_row,catalog.variable.timescale_mismatch,WARN,20,"'rh' is published at WRF/1hr but variable_descriptions.csv lists it only at ['day', 'mon'], so no unit or display name resolves at this resolution.","day, mon",1hr,catalog,,
WRF,UCLA,FGOALS-g3,ssp370,r1i1p1f1,1hr,u10,d01,s3://cadcat/tmp/wrf/ucla/fgoals-g3/ssp370/1hr/u10_earth/d01/,check_catalog_row,catalog.path.staging_prefix,ERROR,30,"Store is served from a 'tmp' prefix rather than the canonical location. Data under a staging prefix carries no persistence guarantee, so anything pinned to this path can break without notice.",s3://cadcat/wrf/ucla/fgoals-g3/ssp370/1hr/u10/d01/,s3://cadcat/tmp/wrf/ucla/fgoals-g3/ssp370/1hr/u10_earth/d01/,catalog,,
WRF,UCLA,FGOALS-g3,ssp370,r1i1p1f1,1hr,u10,d01,s3://cadcat/tmp/wrf/ucla/fgoals-g3/ssp370/1hr/u10_earth/d01/,check_catalog_row,catalog.path.variable_qualifier_dropped,ERROR,30,"The store holds 'u10_earth' but the catalog indexes it as 'u10'. The '_earth' qualifier means earth-relative rather than grid-relative; WRF's native u10/v10 are aligned to the projection axes, so the two are not interchangeable without rotation. Because the catalog drops it, these records pool silently with ordinary 'u10' and no metadata check will notice.",u10,u10_earth,catalog,,
WRF,UCLA,FGOALS-g3,ssp370,r1i1p1f1,1hr,u10,d02,s3://cadcat/tmp/wrf/ucla/fgoals-g3/ssp370/1hr/u10_earth/d02/,check_catalog_row,catalog.path.staging_prefix,ERROR,30,"Store is served from a 'tmp' prefix rather than the canonical location. Data under a staging prefix carries no persistence guarantee, so anything pinned to this path can break without notice.",s3://cadcat/wrf/ucla/fgoals-g3/ssp370/1hr/u10/d02/,s3://cadcat/tmp/wrf/ucla/fgoals-g3/ssp370/1hr/u10_earth/d02/,catalog,,
WRF,UCLA,FGOALS-g3,ssp370,r1i1p1f1,1hr,u10,d02,s3://cadcat/tmp/wrf/ucla/fgoals-g3/ssp370/1hr/u10_earth/d02/,check_catalog_row,catalog.path.variable_qualifier_dropped,ERROR,30,"The store holds 'u10_earth' but the catalog indexes it as 'u10'. The '_earth' qualifier means earth-relative rather than grid-relative; WRF's native u10/v10 are aligned to the projection axes, so the two are not interchangeable without rotation. Because the catalog drops it, these records pool silently with ordinary 'u10' and no metadata check will notice.",u10,u10_earth,catalog,,
WRF,UCLA,FGOALS-g3,ssp370,r1i1p1f1,1hr,u10,d03,s3://cadcat/tmp/wrf/ucla/fgoals-g3/ssp370/1hr/u10_earth/d03/,check_catalog_row,catalog.path.staging_prefix,ERROR,30,"Store is served from a 'tmp' prefix rather than the canonical location. Data under a staging prefix carries no persistence guarantee, so anything pinned to this path can break without notice.",s3://cadcat/wrf/ucla/fgoals-g3/ssp370/1hr/u10/d03/,s3://cadcat/tmp/wrf/ucla/fgoals-g3/ssp370/1hr/u10_earth/d03/,catalog,,
WRF,UCLA,FGOALS-g3,ssp370,r1i1p1f1,1hr,u10,d03,s3://cadcat/tmp/wrf/ucla/fgoals-g3/ssp370/1hr/u10_earth/d03/,check_catalog_row,catalog.path.variable_qualifier_dropped,ERROR,30,"The store holds 'u10_earth' but the catalog indexes it as 'u10'. The '_earth' qualifier means earth-relative rather than grid-relative; WRF's native u10/v10 are aligned to the projection axes, so the two are not interchangeable without rotation. Because the catalog drops it, these records pool silently with ordinary 'u10' and no metadata check will notice.",u10,u10_earth,catalog,,
WRF,UCLA,FGOALS-g3,ssp370,r1i1p1f1,1hr,v10,d01,s3://cadcat/tmp/wrf/ucla/fgoals-g3/ssp370/1hr/v10_earth/d01/,check_catalog_row,catalog.path.staging_prefix,ERROR,30,"Store is served from a 'tmp' prefix rather than the canonical location. Data under a staging prefix carries no persistence guarantee, so anything pinned to this path can break without notice.",s3://cadcat/wrf/ucla/fgoals-g3/ssp370/1hr/v10/d01/,s3://cadcat/tmp/wrf/ucla/fgoals-g3/ssp370/1hr/v10_earth/d01/,catalog,,
WRF,UCLA,FGOALS-g3,ssp370,r1i1p1f1,1hr,v10,d01,s3://cadcat/tmp/wrf/ucla/fgoals-g3/ssp370/1hr/v10_earth/d01/,check_catalog_row,catalog.path.variable_qualifier_dropped,ERROR,30,"The store holds 'v10_earth' but the catalog indexes it as 'v10'. The '_earth' qualifier means earth-relative rather than grid-relative; WRF's native u10/v10 are aligned to the projection axes, so the two are not interchangeable without rotation. Because the catalog drops it, these records pool silently with ordinary 'v10' and no metadata check will notice.",v10,v10_earth,catalog,,
WRF,UCLA,FGOALS-g3,ssp370,r1i1p1f1,1hr,v10,d02,s3://cadcat/tmp/wrf/ucla/fgoals-g3/ssp370/1hr/v10_earth/d02/,check_catalog_row,catalog.path.staging_prefix,ERROR,30,"Store is served from a 'tmp' prefix rather than the canonical location. Data under a staging prefix carries no persistence guarantee, so anything pinned to this path can break without notice.",s3://cadcat/wrf/ucla/fgoals-g3/ssp370/1hr/v10/d02/,s3://cadcat/tmp/wrf/ucla/fgoals-g3/ssp370/1hr/v10_earth/d02/,catalog,,
WRF,UCLA,FGOALS-g3,ssp370,r1i1p1f1,1hr,v10,d02,s3://cadcat/tmp/wrf/ucla/fgoals-g3/ssp370/1hr/v10_earth/d02/,check_catalog_row,catalog.path.variable_qualifier_dropped,ERROR,30,"The store holds 'v10_earth' but the catalog indexes it as 'v10'. The '_earth' qualifier means earth-relative rather than grid-relative; WRF's native u10/v10 are aligned to the projection axes, so the two are not interchangeable without rotation. Because the catalog drops it, these records pool silently with ordinary 'v10' and no metadata check will notice.",v10,v10_earth,catalog,,
WRF,UCLA,FGOALS-g3,ssp370,r1i1p1f1,1hr,v10,d03,s3://cadcat/tmp/wrf/ucla/fgoals-g3/ssp370/1hr/v10_earth/d03/,check_catalog_row,catalog.path.staging_prefix,ERROR,30,"Store is served from a 'tmp' prefix rather than the canonical location. Data under a staging prefix carries no persistence guarantee, so anything pinned to this path can break without notice.",s3://cadcat/wrf/ucla/fgoals-g3/ssp370/1hr/v10/d03/,s3://cadcat/tmp/wrf/ucla/fgoals-g3/ssp370/1hr/v10_earth/d03/,catalog,,
WRF,UCLA,FGOALS-g3,ssp370,r1i1p1f1,1hr,v10,d03,s3://cadcat/tmp/wrf/ucla/fgoals-g3/ssp370/1hr/v10_earth/d03/,check_catalog_row,catalog.path.variable_qualifier_dropped,ERROR,30,"The store holds 'v10_earth' but the catalog indexes it as 'v10'. The '_earth' qualifier means earth-relative rather than grid-relative; WRF's native u10/v10 are aligned to the projection axes, so the two are not interchangeable without rotation. Because the catalog drops it, these records pool silently with ordinary 'v10' and no metadata check will notice.",v10,v10_earth,catalog,,
WRF,UCLA,FGOALS-g3,ssp370,r1i1p1f1,day,dew_point,d01,s3://cadcat/wrf/ucla/fgoals-g3/ssp370/day/dew_point/d01/,check_catalog_row,catalog.variable.undocumented,WARN,20,"'dew_point' at WRF/day is not in variable_descriptions.csv at any resolution, so climakitae has no unit or display name for it.",,dew_point,catalog,,
WRF,UCLA,FGOALS-g3,ssp370,r1i1p1f1,day,dew_point,d02,s3://cadcat/wrf/ucla/fgoals-g3/ssp370/day/dew_point/d02/,check_catalog_row,catalog.variable.undocumented,WARN,20,"'dew_point' at WRF/day is not in variable_descriptions.csv at any resolution, so climakitae has no unit or display name for it.",,dew_point,catalog,,
WRF,UCLA,FGOALS-g3,ssp370,r1i1p1f1,day,dew_point,d03,s3://cadcat/wrf/ucla/fgoals-g3/ssp370/day/dew_point/d03/,check_catalog_row,catalog.variable.undocumented,WARN,20,"'dew_point' at WRF/day is not in variable_descriptions.csv at any resolution, so climakitae has no unit or display name for it.",,dew_point,catalog,,
WRF,UCLA,FGOALS-g3,ssp370,r1i1p1f1,day,effective_temp_index,d01,s3://cadcat/wrf/ucla/fgoals-g3/ssp370/day/effective_temp_index/d01/,check_catalog_row,catalog.variable.undocumented,WARN,20,"'effective_temp_index' at WRF/day is not in variable_descriptions.csv at any resolution, so climakitae has no unit or display name for it.",,effective_temp_index,catalog,,
WRF,UCLA,FGOALS-g3,ssp370,r1i1p1f1,day,effective_temp_index,d02,s3://cadcat/wrf/ucla/fgoals-g3/ssp370/day/effective_temp_index/d02/,check_catalog_row,catalog.variable.undocumented,WARN,20,"'effective_temp_index' at WRF/day is not in variable_descriptions.csv at any resolution, so climakitae has no unit or display name for it.",,effective_temp_index,catalog,,
WRF,UCLA,FGOALS-g3,ssp370,r1i1p1f1,day,effective_temp_index,d03,s3://cadcat/wrf/ucla/fgoals-g3/ssp370/day/effective_temp_index/d03/,check_catalog_row,catalog.variable.undocumented,WARN,20,"'effective_temp_index' at WRF/day is not in variable_descriptions.csv at any resolution, so climakitae has no unit or display name for it.",,effective_temp_index,catalog,,
WRF,UCLA,FGOALS-g3,ssp370,r1i1p1f1,mon,dew_point,d01,s3://cadcat/wrf/ucla/fgoals-g3/ssp370/mon/dew_point/d01/,check_catalog_row,catalog.variable.undocumented,WARN,20,"'dew_point' at WRF/mon is not in variable_descriptions.csv at any resolution, so climakitae has no unit or display name for it.",,dew_point,catalog,,
WRF,UCLA,FGOALS-g3,ssp370,r1i1p1f1,mon,dew_point,d02,s3://cadcat/wrf/ucla/fgoals-g3/ssp370/mon/dew_point/d02/,check_catalog_row,catalog.variable.undocumented,WARN,20,"'dew_point' at WRF/mon is not in variable_descriptions.csv at any resolution, so climakitae has no unit or display name for it.",,dew_point,catalog,,
WRF,UCLA,FGOALS-g3,ssp370,r1i1p1f1,mon,dew_point,d03,s3://cadcat/wrf/ucla/fgoals-g3/ssp370/mon/dew_point/d03/,check_catalog_row,catalog.variable.undocumented,WARN,20,"'dew_point' at WRF/mon is not in variable_descriptions.csv at any resolution, so climakitae has no unit or display name for it.",,dew_point,catalog,,
WRF,UCLA,FGOALS-g3,ssp370,r1i1p1f1,mon,effective_temp_index,d01,s3://cadcat/wrf/ucla/fgoals-g3/ssp370/mon/effective_temp_index/d01/,check_catalog_row,catalog.variable.undocumented,WARN,20,"'effective_temp_index' at WRF/mon is not in variable_descriptions.csv at any resolution, so climakitae has no unit or display name for it.",,effective_temp_index,catalog,,
WRF,UCLA,FGOALS-g3,ssp370,r1i1p1f1,mon,effective_temp_index,d02,s3://cadcat/wrf/ucla/fgoals-g3/ssp370/mon/effective_temp_index/d02/,check_catalog_row,catalog.variable.undocumented,WARN,20,"'effective_temp_index' at WRF/mon is not in variable_descriptions.csv at any resolution, so climakitae has no unit or display name for it.",,effective_temp_index,catalog,,
WRF,UCLA,FGOALS-g3,ssp370,r1i1p1f1,mon,effective_temp_index,d03,s3://cadcat/wrf/ucla/fgoals-g3/ssp370/mon/effective_temp_index/d03/,check_catalog_row,catalog.variable.undocumented,WARN,20,"'effective_temp_index' at WRF/mon is not in variable_descriptions.csv at any resolution, so climakitae has no unit or display name for it.",,effective_temp_index,catalog,,
WRF,UCLA,MIROC6,historical,r1i1p1f1,1hr,dew_point,d01,s3://cadcat/wrf/ucla/miroc6/historical/1hr/dew_point/d01/,check_catalog_row,catalog.variable.undocumented,WARN,20,"'dew_point' at WRF/1hr is not in variable_descriptions.csv at any resolution, so climakitae has no unit or display name for it.",,dew_point,catalog,,
WRF,UCLA,MIROC6,historical,r1i1p1f1,1hr,dew_point,d02,s3://cadcat/wrf/ucla/miroc6/historical/1hr/dew_point/d02/,check_catalog_row,catalog.variable.undocumented,WARN,20,"'dew_point' at WRF/1hr is not in variable_descriptions.csv at any resolution, so climakitae has no unit or display name for it.",,dew_point,catalog,,
WRF,UCLA,MIROC6,historical,r1i1p1f1,1hr,dew_point,d03,s3://cadcat/wrf/ucla/miroc6/historical/1hr/dew_point/d03/,check_catalog_row,catalog.variable.undocumented,WARN,20,"'dew_point' at WRF/1hr is not in variable_descriptions.csv at any resolution, so climakitae has no unit or display name for it.",,dew_point,catalog,,
WRF,UCLA,MIROC6,historical,r1i1p1f1,1hr,effective_temp_index,d01,s3://cadcat/wrf/ucla/miroc6/historical/1hr/effective_temp_index/d01/,check_catalog_row,catalog.variable.undocumented,WARN,20,"'effective_temp_index' at WRF/1hr is not in variable_descriptions.csv at any resolution, so climakitae has no unit or display name for it.",,effective_temp_index,catalog,,
WRF,UCLA,MIROC6,historical,r1i1p1f1,1hr,effective_temp_index,d02,s3://cadcat/wrf/ucla/miroc6/historical/1hr/effective_temp_index/d02/,check_catalog_row,catalog.variable.undocumented,WARN,20,"'effective_temp_index' at WRF/1hr is not in variable_descriptions.csv at any resolution, so climakitae has no unit or display name for it.",,effective_temp_index,catalog,,
WRF,UCLA,MIROC6,historical,r1i1p1f1,1hr,effective_temp_index,d03,s3://cadcat/wrf/ucla/miroc6/historical/1hr/effective_temp_index/d03/,check_catalog_row,catalog.variable.undocumented,WARN,20,"'effective_temp_index' at WRF/1hr is not in variable_descriptions.csv at any resolution, so climakitae has no unit or display name for it.",,effective_temp_index,catalog,,
WRF,UCLA,MIROC6,historical,r1i1p1f1,1hr,rh,d01,s3://cadcat/wrf/ucla/miroc6/historical/1hr/rh/d01/,check_catalog_row,catalog.variable.timescale_mismatch,WARN,20,"'rh' is published at WRF/1hr but variable_descriptions.csv lists it only at ['day', 'mon'], so no unit or display name resolves at this resolution.","day, mon",1hr,catalog,,
WRF,UCLA,MIROC6,historical,r1i1p1f1,1hr,rh,d02,s3://cadcat/wrf/ucla/miroc6/historical/1hr/rh/d02/,check_catalog_row,catalog.variable.timescale_mismatch,WARN,20,"'rh' is published at WRF/1hr but variable_descriptions.csv lists it only at ['day', 'mon'], so no unit or display name resolves at this resolution.","day, mon",1hr,catalog,,
WRF,UCLA,MIROC6,historical,r1i1p1f1,1hr,rh,d03,s3://cadcat/wrf/ucla/miroc6/historical/1hr/rh/d03/,check_catalog_row,catalog.variable.timescale_mismatch,WARN,20,"'rh' is published at WRF/1hr but variable_descriptions.csv lists it only at ['day', 'mon'], so no unit or display name resolves at this resolution.","day, mon",1hr,catalog,,
WRF,UCLA,MIROC6,historical,r1i1p1f1,1hr,u10,d01,s3://cadcat/tmp/wrf/ucla/miroc6/historical/1hr/u10_earth/d01/,check_catalog_row,catalog.path.staging_prefix,ERROR,30,"Store is served from a 'tmp' prefix rather than the canonical location. Data under a staging prefix carries no persistence guarantee, so anything pinned to this path can break without notice.",s3://cadcat/wrf/ucla/miroc6/historical/1hr/u10/d01/,s3://cadcat/tmp/wrf/ucla/miroc6/historical/1hr/u10_earth/d01/,catalog,,
WRF,UCLA,MIROC6,historical,r1i1p1f1,1hr,u10,d01,s3://cadcat/tmp/wrf/ucla/miroc6/historical/1hr/u10_earth/d01/,check_catalog_row,catalog.path.variable_qualifier_dropped,ERROR,30,"The store holds 'u10_earth' but the catalog indexes it as 'u10'. The '_earth' qualifier means earth-relative rather than grid-relative; WRF's native u10/v10 are aligned to the projection axes, so the two are not interchangeable without rotation. Because the catalog drops it, these records pool silently with ordinary 'u10' and no metadata check will notice.",u10,u10_earth,catalog,,
WRF,UCLA,MIROC6,historical,r1i1p1f1,1hr,u10,d02,s3://cadcat/tmp/wrf/ucla/miroc6/historical/1hr/u10_earth/d02/,check_catalog_row,catalog.path.staging_prefix,ERROR,30,"Store is served from a 'tmp' prefix rather than the canonical location. Data under a staging prefix carries no persistence guarantee, so anything pinned to this path can break without notice.",s3://cadcat/wrf/ucla/miroc6/historical/1hr/u10/d02/,s3://cadcat/tmp/wrf/ucla/miroc6/historical/1hr/u10_earth/d02/,catalog,,
WRF,UCLA,MIROC6,historical,r1i1p1f1,1hr,u10,d02,s3://cadcat/tmp/wrf/ucla/miroc6/historical/1hr/u10_earth/d02/,check_catalog_row,catalog.path.variable_qualifier_dropped,ERROR,30,"The store holds 'u10_earth' but the catalog indexes it as 'u10'. The '_earth' qualifier means earth-relative rather than grid-relative; WRF's native u10/v10 are aligned to the projection axes, so the two are not interchangeable without rotation. Because the catalog drops it, these records pool silently with ordinary 'u10' and no metadata check will notice.",u10,u10_earth,catalog,,
WRF,UCLA,MIROC6,historical,r1i1p1f1,1hr,u10,d03,s3://cadcat/tmp/wrf/ucla/miroc6/historical/1hr/u10_earth/d03/,check_catalog_row,catalog.path.staging_prefix,ERROR,30,"Store is served from a 'tmp' prefix rather than the canonical location. Data under a staging prefix carries no persistence guarantee, so anything pinned to this path can break without notice.",s3://cadcat/wrf/ucla/miroc6/historical/1hr/u10/d03/,s3://cadcat/tmp/wrf/ucla/miroc6/historical/1hr/u10_earth/d03/,catalog,,
WRF,UCLA,MIROC6,historical,r1i1p1f1,1hr,u10,d03,s3://cadcat/tmp/wrf/ucla/miroc6/historical/1hr/u10_earth/d03/,check_catalog_row,catalog.path.variable_qualifier_dropped,ERROR,30,"The store holds 'u10_earth' but the catalog indexes it as 'u10'. The '_earth' qualifier means earth-relative rather than grid-relative; WRF's native u10/v10 are aligned to the projection axes, so the two are not interchangeable without rotation. Because the catalog drops it, these records pool silently with ordinary 'u10' and no metadata check will notice.",u10,u10_earth,catalog,,
WRF,UCLA,MIROC6,historical,r1i1p1f1,1hr,v10,d01,s3://cadcat/tmp/wrf/ucla/miroc6/historical/1hr/v10_earth/d01/,check_catalog_row,catalog.path.staging_prefix,ERROR,30,"Store is served from a 'tmp' prefix rather than the canonical location. Data under a staging prefix carries no persistence guarantee, so anything pinned to this path can break without notice.",s3://cadcat/wrf/ucla/miroc6/historical/1hr/v10/d01/,s3://cadcat/tmp/wrf/ucla/miroc6/historical/1hr/v10_earth/d01/,catalog,,
WRF,UCLA,MIROC6,historical,r1i1p1f1,1hr,v10,d01,s3://cadcat/tmp/wrf/ucla/miroc6/historical/1hr/v10_earth/d01/,check_catalog_row,catalog.path.variable_qualifier_dropped,ERROR,30,"The store holds 'v10_earth' but the catalog indexes it as 'v10'. The '_earth' qualifier means earth-relative rather than grid-relative; WRF's native u10/v10 are aligned to the projection axes, so the two are not interchangeable without rotation. Because the catalog drops it, these records pool silently with ordinary 'v10' and no metadata check will notice.",v10,v10_earth,catalog,,
WRF,UCLA,MIROC6,historical,r1i1p1f1,1hr,v10,d02,s3://cadcat/tmp/wrf/ucla/miroc6/historical/1hr/v10_earth/d02/,check_catalog_row,catalog.path.staging_prefix,ERROR,30,"Store is served from a 'tmp' prefix rather than the canonical location. Data under a staging prefix carries no persistence guarantee, so anything pinned to this path can break without notice.",s3://cadcat/wrf/ucla/miroc6/historical/1hr/v10/d02/,s3://cadcat/tmp/wrf/ucla/miroc6/historical/1hr/v10_earth/d02/,catalog,,
WRF,UCLA,MIROC6,historical,r1i1p1f1,1hr,v10,d02,s3://cadcat/tmp/wrf/ucla/miroc6/historical/1hr/v10_earth/d02/,check_catalog_row,catalog.path.variable_qualifier_dropped,ERROR,30,"The store holds 'v10_earth' but the catalog indexes it as 'v10'. The '_earth' qualifier means earth-relative rather than grid-relative; WRF's native u10/v10 are aligned to the projection axes, so the two are not interchangeable without rotation. Because the catalog drops it, these records pool silently with ordinary 'v10' and no metadata check will notice.",v10,v10_earth,catalog,,
WRF,UCLA,MIROC6,historical,r1i1p1f1,1hr,v10,d03,s3://cadcat/tmp/wrf/ucla/miroc6/historical/1hr/v10_earth/d03/,check_catalog_row,catalog.path.staging_prefix,ERROR,30,"Store is served from a 'tmp' prefix rather than the canonical location. Data under a staging prefix carries no persistence guarantee, so anything pinned to this path can break without notice.",s3://cadcat/wrf/ucla/miroc6/historical/1hr/v10/d03/,s3://cadcat/tmp/wrf/ucla/miroc6/historical/1hr/v10_earth/d03/,catalog,,
WRF,UCLA,MIROC6,historical,r1i1p1f1,1hr,v10,d03,s3://cadcat/tmp/wrf/ucla/miroc6/historical/1hr/v10_earth/d03/,check_catalog_row,catalog.path.variable_qualifier_dropped,ERROR,30,"The store holds 'v10_earth' but the catalog indexes it as 'v10'. The '_earth' qualifier means earth-relative rather than grid-relative; WRF's native u10/v10 are aligned to the projection axes, so the two are not interchangeable without rotation. Because the catalog drops it, these records pool silently with ordinary 'v10' and no metadata check will notice.",v10,v10_earth,catalog,,
WRF,UCLA,MIROC6,historical,r1i1p1f1,day,dew_point,d01,s3://cadcat/wrf/ucla/miroc6/historical/day/dew_point/d01/,check_catalog_row,catalog.variable.undocumented,WARN,20,"'dew_point' at WRF/day is not in variable_descriptions.csv at any resolution, so climakitae has no unit or display name for it.",,dew_point,catalog,,
WRF,UCLA,MIROC6,historical,r1i1p1f1,day,dew_point,d02,s3://cadcat/wrf/ucla/miroc6/historical/day/dew_point/d02/,check_catalog_row,catalog.variable.undocumented,WARN,20,"'dew_point' at WRF/day is not in variable_descriptions.csv at any resolution, so climakitae has no unit or display name for it.",,dew_point,catalog,,
WRF,UCLA,MIROC6,historical,r1i1p1f1,day,dew_point,d03,s3://cadcat/wrf/ucla/miroc6/historical/day/dew_point/d03/,check_catalog_row,catalog.variable.undocumented,WARN,20,"'dew_point' at WRF/day is not in variable_descriptions.csv at any resolution, so climakitae has no unit or display name for it.",,dew_point,catalog,,
WRF,UCLA,MIROC6,historical,r1i1p1f1,day,effective_temp_index,d01,s3://cadcat/wrf/ucla/miroc6/historical/day/effective_temp_index/d01/,check_catalog_row,catalog.variable.undocumented,WARN,20,"'effective_temp_index' at WRF/day is not in variable_descriptions.csv at any resolution, so climakitae has no unit or display name for it.",,effective_temp_index,catalog,,
WRF,UCLA,MIROC6,historical,r1i1p1f1,day,effective_temp_index,d02,s3://cadcat/wrf/ucla/miroc6/historical/day/effective_temp_index/d02/,check_catalog_row,catalog.variable.undocumented,WARN,20,"'effective_temp_index' at WRF/day is not in variable_descriptions.csv at any resolution, so climakitae has no unit or display name for it.",,effective_temp_index,catalog,,
WRF,UCLA,MIROC6,historical,r1i1p1f1,day,effective_temp_index,d03,s3://cadcat/wrf/ucla/miroc6/historical/day/effective_temp_index/d03/,check_catalog_row,catalog.variable.undocumented,WARN,20,"'effective_temp_index' at WRF/day is not in variable_descriptions.csv at any resolution, so climakitae has no unit or display name for it.",,effective_temp_index,catalog,,
WRF,UCLA,MIROC6,historical,r1i1p1f1,mon,dew_point,d01,s3://cadcat/wrf/ucla/miroc6/historical/mon/dew_point/d01/,check_catalog_row,catalog.variable.undocumented,WARN,20,"'dew_point' at WRF/mon is not in variable_descriptions.csv at any resolution, so climakitae has no unit or display name for it.",,dew_point,catalog,,
WRF,UCLA,MIROC6,historical,r1i1p1f1,mon,dew_point,d02,s3://cadcat/wrf/ucla/miroc6/historical/mon/dew_point/d02/,check_catalog_row,catalog.variable.undocumented,WARN,20,"'dew_point' at WRF/mon is not in variable_descriptions.csv at any resolution, so climakitae has no unit or display name for it.",,dew_point,catalog,,
WRF,UCLA,MIROC6,historical,r1i1p1f1,mon,dew_point,d03,s3://cadcat/wrf/ucla/miroc6/historical/mon/dew_point/d03/,check_catalog_row,catalog.variable.undocumented,WARN,20,"'dew_point' at WRF/mon is not in variable_descriptions.csv at any resolution, so climakitae has no unit or display name for it.",,dew_point,catalog,,
WRF,UCLA,MIROC6,historical,r1i1p1f1,mon,effective_temp_index,d01,s3://cadcat/wrf/ucla/miroc6/historical/mon/effective_temp_index/d01/,check_catalog_row,catalog.variable.undocumented,WARN,20,"'effective_temp_index' at WRF/mon is not in variable_descriptions.csv at any resolution, so climakitae has no unit or display name for it.",,effective_temp_index,catalog,,
WRF,UCLA,MIROC6,historical,r1i1p1f1,mon,effective_temp_index,d02,s3://cadcat/wrf/ucla/miroc6/historical/mon/effective_temp_index/d02/,check_catalog_row,catalog.variable.undocumented,WARN,20,"'effective_temp_index' at WRF/mon is not in variable_descriptions.csv at any resolution, so climakitae has no unit or display name for it.",,effective_temp_index,catalog,,
WRF,UCLA,MIROC6,historical,r1i1p1f1,mon,effective_temp_index,d03,s3://cadcat/wrf/ucla/miroc6/historical/mon/effective_temp_index/d03/,check_catalog_row,catalog.variable.undocumented,WARN,20,"'effective_temp_index' at WRF/mon is not in variable_descriptions.csv at any resolution, so climakitae has no unit or display name for it.",,effective_temp_index,catalog,,
WRF,UCLA,MIROC6,ssp370,r1i1p1f1,1hr,dew_point,d01,s3://cadcat/wrf/ucla/miroc6/ssp370/1hr/dew_point/d01/,check_catalog_row,catalog.variable.undocumented,WARN,20,"'dew_point' at WRF/1hr is not in variable_descriptions.csv at any resolution, so climakitae has no unit or display name for it.",,dew_point,catalog,,
WRF,UCLA,MIROC6,ssp370,r1i1p1f1,1hr,dew_point,d02,s3://cadcat/wrf/ucla/miroc6/ssp370/1hr/dew_point/d02/,check_catalog_row,catalog.variable.undocumented,WARN,20,"'dew_point' at WRF/1hr is not in variable_descriptions.csv at any resolution, so climakitae has no unit or display name for it.",,dew_point,catalog,,
WRF,UCLA,MIROC6,ssp370,r1i1p1f1,1hr,dew_point,d03,s3://cadcat/wrf/ucla/miroc6/ssp370/1hr/dew_point/d03/,check_catalog_row,catalog.variable.undocumented,WARN,20,"'dew_point' at WRF/1hr is not in variable_descriptions.csv at any resolution, so climakitae has no unit or display name for it.",,dew_point,catalog,,
WRF,UCLA,MIROC6,ssp370,r1i1p1f1,1hr,effective_temp_index,d01,s3://cadcat/wrf/ucla/miroc6/ssp370/1hr/effective_temp_index/d01/,check_catalog_row,catalog.variable.undocumented,WARN,20,"'effective_temp_index' at WRF/1hr is not in variable_descriptions.csv at any resolution, so climakitae has no unit or display name for it.",,effective_temp_index,catalog,,
WRF,UCLA,MIROC6,ssp370,r1i1p1f1,1hr,effective_temp_index,d02,s3://cadcat/wrf/ucla/miroc6/ssp370/1hr/effective_temp_index/d02/,check_catalog_row,catalog.variable.undocumented,WARN,20,"'effective_temp_index' at WRF/1hr is not in variable_descriptions.csv at any resolution, so climakitae has no unit or display name for it.",,effective_temp_index,catalog,,
WRF,UCLA,MIROC6,ssp370,r1i1p1f1,1hr,effective_temp_index,d03,s3://cadcat/wrf/ucla/miroc6/ssp370/1hr/effective_temp_index/d03/,check_catalog_row,catalog.variable.undocumented,WARN,20,"'effective_temp_index' at WRF/1hr is not in variable_descriptions.csv at any resolution, so climakitae has no unit or display name for it.",,effective_temp_index,catalog,,
WRF,UCLA,MIROC6,ssp370,r1i1p1f1,1hr,rh,d01,s3://cadcat/wrf/ucla/miroc6/ssp370/1hr/rh/d01/,check_catalog_row,catalog.variable.timescale_mismatch,WARN,20,"'rh' is published at WRF/1hr but variable_descriptions.csv lists it only at ['day', 'mon'], so no unit or display name resolves at this resolution.","day, mon",1hr,catalog,,
WRF,UCLA,MIROC6,ssp370,r1i1p1f1,1hr,rh,d02,s3://cadcat/wrf/ucla/miroc6/ssp370/1hr/rh/d02/,check_catalog_row,catalog.variable.timescale_mismatch,WARN,20,"'rh' is published at WRF/1hr but variable_descriptions.csv lists it only at ['day', 'mon'], so no unit or display name resolves at this resolution.","day, mon",1hr,catalog,,
WRF,UCLA,MIROC6,ssp370,r1i1p1f1,1hr,rh,d03,s3://cadcat/wrf/ucla/miroc6/ssp370/1hr/rh/d03/,check_catalog_row,catalog.variable.timescale_mismatch,WARN,20,"'rh' is published at WRF/1hr but variable_descriptions.csv lists it only at ['day', 'mon'], so no unit or display name resolves at this resolution.","day, mon",1hr,catalog,,
WRF,UCLA,MIROC6,ssp370,r1i1p1f1,1hr,u10,d01,s3://cadcat/tmp/wrf/ucla/miroc6/ssp370/1hr/u10_earth/d01/,check_catalog_row,catalog.path.staging_prefix,ERROR,30,"Store is served from a 'tmp' prefix rather than the canonical location. Data under a staging prefix carries no persistence guarantee, so anything pinned to this path can break without notice.",s3://cadcat/wrf/ucla/miroc6/ssp370/1hr/u10/d01/,s3://cadcat/tmp/wrf/ucla/miroc6/ssp370/1hr/u10_earth/d01/,catalog,,
WRF,UCLA,MIROC6,ssp370,r1i1p1f1,1hr,u10,d01,s3://cadcat/tmp/wrf/ucla/miroc6/ssp370/1hr/u10_earth/d01/,check_catalog_row,catalog.path.variable_qualifier_dropped,ERROR,30,"The store holds 'u10_earth' but the catalog indexes it as 'u10'. The '_earth' qualifier means earth-relative rather than grid-relative; WRF's native u10/v10 are aligned to the projection axes, so the two are not interchangeable without rotation. Because the catalog drops it, these records pool silently with ordinary 'u10' and no metadata check will notice.",u10,u10_earth,catalog,,
WRF,UCLA,MIROC6,ssp370,r1i1p1f1,1hr,u10,d02,s3://cadcat/tmp/wrf/ucla/miroc6/ssp370/1hr/u10_earth/d02/,check_catalog_row,catalog.path.staging_prefix,ERROR,30,"Store is served from a 'tmp' prefix rather than the canonical location. Data under a staging prefix carries no persistence guarantee, so anything pinned to this path can break without notice.",s3://cadcat/wrf/ucla/miroc6/ssp370/1hr/u10/d02/,s3://cadcat/tmp/wrf/ucla/miroc6/ssp370/1hr/u10_earth/d02/,catalog,,
WRF,UCLA,MIROC6,ssp370,r1i1p1f1,1hr,u10,d02,s3://cadcat/tmp/wrf/ucla/miroc6/ssp370/1hr/u10_earth/d02/,check_catalog_row,catalog.path.variable_qualifier_dropped,ERROR,30,"The store holds 'u10_earth' but the catalog indexes it as 'u10'. The '_earth' qualifier means earth-relative rather than grid-relative; WRF's native u10/v10 are aligned to the projection axes, so the two are not interchangeable without rotation. Because the catalog drops it, these records pool silently with ordinary 'u10' and no metadata check will notice.",u10,u10_earth,catalog,,
WRF,UCLA,MIROC6,ssp370,r1i1p1f1,1hr,u10,d03,s3://cadcat/tmp/wrf/ucla/miroc6/ssp370/1hr/u10_earth/d03/,check_catalog_row,catalog.path.staging_prefix,ERROR,30,"Store is served from a 'tmp' prefix rather than the canonical location. Data under a staging prefix carries no persistence guarantee, so anything pinned to this path can break without notice.",s3://cadcat/wrf/ucla/miroc6/ssp370/1hr/u10/d03/,s3://cadcat/tmp/wrf/ucla/miroc6/ssp370/1hr/u10_earth/d03/,catalog,,
WRF,UCLA,MIROC6,ssp370,r1i1p1f1,1hr,u10,d03,s3://cadcat/tmp/wrf/ucla/miroc6/ssp370/1hr/u10_earth/d03/,check_catalog_row,catalog.path.variable_qualifier_dropped,ERROR,30,"The store holds 'u10_earth' but the catalog indexes it as 'u10'. The '_earth' qualifier means earth-relative rather than grid-relative; WRF's native u10/v10 are aligned to the projection axes, so the two are not interchangeable without rotation. Because the catalog drops it, these records pool silently with ordinary 'u10' and no metadata check will notice.",u10,u10_earth,catalog,,
WRF,UCLA,MIROC6,ssp370,r1i1p1f1,1hr,v10,d01,s3://cadcat/tmp/wrf/ucla/miroc6/ssp370/1hr/v10_earth/d01/,check_catalog_row,catalog.path.staging_prefix,ERROR,30,"Store is served from a 'tmp' prefix rather than the canonical location. Data under a staging prefix carries no persistence guarantee, so anything pinned to this path can break without notice.",s3://cadcat/wrf/ucla/miroc6/ssp370/1hr/v10/d01/,s3://cadcat/tmp/wrf/ucla/miroc6/ssp370/1hr/v10_earth/d01/,catalog,,
WRF,UCLA,MIROC6,ssp370,r1i1p1f1,1hr,v10,d01,s3://cadcat/tmp/wrf/ucla/miroc6/ssp370/1hr/v10_earth/d01/,check_catalog_row,catalog.path.variable_qualifier_dropped,ERROR,30,"The store holds 'v10_earth' but the catalog indexes it as 'v10'. The '_earth' qualifier means earth-relative rather than grid-relative; WRF's native u10/v10 are aligned to the projection axes, so the two are not interchangeable without rotation. Because the catalog drops it, these records pool silently with ordinary 'v10' and no metadata check will notice.",v10,v10_earth,catalog,,
WRF,UCLA,MIROC6,ssp370,r1i1p1f1,1hr,v10,d02,s3://cadcat/tmp/wrf/ucla/miroc6/ssp370/1hr/v10_earth/d02/,check_catalog_row,catalog.path.staging_prefix,ERROR,30,"Store is served from a 'tmp' prefix rather than the canonical location. Data under a staging prefix carries no persistence guarantee, so anything pinned to this path can break without notice.",s3://cadcat/wrf/ucla/miroc6/ssp370/1hr/v10/d02/,s3://cadcat/tmp/wrf/ucla/miroc6/ssp370/1hr/v10_earth/d02/,catalog,,
WRF,UCLA,MIROC6,ssp370,r1i1p1f1,1hr,v10,d02,s3://cadcat/tmp/wrf/ucla/miroc6/ssp370/1hr/v10_earth/d02/,check_catalog_row,catalog.path.variable_qualifier_dropped,ERROR,30,"The store holds 'v10_earth' but the catalog indexes it as 'v10'. The '_earth' qualifier means earth-relative rather than grid-relative; WRF's native u10/v10 are aligned to the projection axes, so the two are not interchangeable without rotation. Because the catalog drops it, these records pool silently with ordinary 'v10' and no metadata check will notice.",v10,v10_earth,catalog,,
WRF,UCLA,MIROC6,ssp370,r1i1p1f1,1hr,v10,d03,s3://cadcat/tmp/wrf/ucla/miroc6/ssp370/1hr/v10_earth/d03/,check_catalog_row,catalog.path.staging_prefix,ERROR,30,"Store is served from a 'tmp' prefix rather than the canonical location. Data under a staging prefix carries no persistence guarantee, so anything pinned to this path can break without notice.",s3://cadcat/wrf/ucla/miroc6/ssp370/1hr/v10/d03/,s3://cadcat/tmp/wrf/ucla/miroc6/ssp370/1hr/v10_earth/d03/,catalog,,
WRF,UCLA,MIROC6,ssp370,r1i1p1f1,1hr,v10,d03,s3://cadcat/tmp/wrf/ucla/miroc6/ssp370/1hr/v10_earth/d03/,check_catalog_row,catalog.path.variable_qualifier_dropped,ERROR,30,"The store holds 'v10_earth' but the catalog indexes it as 'v10'. The '_earth' qualifier means earth-relative rather than grid-relative; WRF's native u10/v10 are aligned to the projection axes, so the two are not interchangeable without rotation. Because the catalog drops it, these records pool silently with ordinary 'v10' and no metadata check will notice.",v10,v10_earth,catalog,,
WRF,UCLA,MIROC6,ssp370,r1i1p1f1,day,dew_point,d01,s3://cadcat/wrf/ucla/miroc6/ssp370/day/dew_point/d01/,check_catalog_row,catalog.variable.undocumented,WARN,20,"'dew_point' at WRF/day is not in variable_descriptions.csv at any resolution, so climakitae has no unit or display name for it.",,dew_point,catalog,,
WRF,UCLA,MIROC6,ssp370,r1i1p1f1,day,dew_point,d02,s3://cadcat/wrf/ucla/miroc6/ssp370/day/dew_point/d02/,check_catalog_row,catalog.variable.undocumented,WARN,20,"'dew_point' at WRF/day is not in variable_descriptions.csv at any resolution, so climakitae has no unit or display name for it.",,dew_point,catalog,,
WRF,UCLA,MIROC6,ssp370,r1i1p1f1,day,dew_point,d03,s3://cadcat/wrf/ucla/miroc6/ssp370/day/dew_point/d03/,check_catalog_row,catalog.variable.undocumented,WARN,20,"'dew_point' at WRF/day is not in variable_descriptions.csv at any resolution, so climakitae has no unit or display name for it.",,dew_point,catalog,,
WRF,UCLA,MIROC6,ssp370,r1i1p1f1,day,effective_temp_index,d01,s3://cadcat/wrf/ucla/miroc6/ssp370/day/effective_temp_index/d01/,check_catalog_row,catalog.variable.undocumented,WARN,20,"'effective_temp_index' at WRF/day is not in variable_descriptions.csv at any resolution, so climakitae has no unit or display name for it.",,effective_temp_index,catalog,,
WRF,UCLA,MIROC6,ssp370,r1i1p1f1,day,effective_temp_index,d02,s3://cadcat/wrf/ucla/miroc6/ssp370/day/effective_temp_index/d02/,check_catalog_row,catalog.variable.undocumented,WARN,20,"'effective_temp_index' at WRF/day is not in variable_descriptions.csv at any resolution, so climakitae has no unit or display name for it.",,effective_temp_index,catalog,,
WRF,UCLA,MIROC6,ssp370,r1i1p1f1,day,effective_temp_index,d03,s3://cadcat/wrf/ucla/miroc6/ssp370/day/effective_temp_index/d03/,check_catalog_row,catalog.variable.undocumented,WARN,20,"'effective_temp_index' at WRF/day is not in variable_descriptions.csv at any resolution, so climakitae has no unit or display name for it.",,effective_temp_index,catalog,,
WRF,UCLA,MIROC6,ssp370,r1i1p1f1,mon,dew_point,d01,s3://cadcat/wrf/ucla/miroc6/ssp370/mon/dew_point/d01/,check_catalog_row,catalog.variable.undocumented,WARN,20,"'dew_point' at WRF/mon is not in variable_descriptions.csv at any resolution, so climakitae has no unit or display name for it.",,dew_point,catalog,,
WRF,UCLA,MIROC6,ssp370,r1i1p1f1,mon,dew_point,d02,s3://cadcat/wrf/ucla/miroc6/ssp370/mon/dew_point/d02/,check_catalog_row,catalog.variable.undocumented,WARN,20,"'dew_point' at WRF/mon is not in variable_descriptions.csv at any resolution, so climakitae has no unit or display name for it.",,dew_point,catalog,,
WRF,UCLA,MIROC6,ssp370,r1i1p1f1,mon,dew_point,d03,s3://cadcat/wrf/ucla/miroc6/ssp370/mon/dew_point/d03/,check_catalog_row,catalog.variable.undocumented,WARN,20,"'dew_point' at WRF/mon is not in variable_descriptions.csv at any resolution, so climakitae has no unit or display name for it.",,dew_point,catalog,,
WRF,UCLA,MIROC6,ssp370,r1i1p1f1,mon,effective_temp_index,d01,s3://cadcat/wrf/ucla/miroc6/ssp370/mon/effective_temp_index/d01/,check_catalog_row,catalog.variable.undocumented,WARN,20,"'effective_temp_index' at WRF/mon is not in variable_descriptions.csv at any resolution, so climakitae has no unit or display name for it.",,effective_temp_index,catalog,,
WRF,UCLA,MIROC6,ssp370,r1i1p1f1,mon,effective_temp_index,d02,s3://cadcat/wrf/ucla/miroc6/ssp370/mon/effective_temp_index/d02/,check_catalog_row,catalog.variable.undocumented,WARN,20,"'effective_temp_index' at WRF/mon is not in variable_descriptions.csv at any resolution, so climakitae has no unit or display name for it.",,effective_temp_index,catalog,,
WRF,UCLA,MIROC6,ssp370,r1i1p1f1,mon,effective_temp_index,d03,s3://cadcat/wrf/ucla/miroc6/ssp370/mon/effective_temp_index/d03/,check_catalog_row,catalog.variable.undocumented,WARN,20,"'effective_temp_index' at WRF/mon is not in variable_descriptions.csv at any resolution, so climakitae has no unit or display name for it.",,effective_temp_index,catalog,,
WRF,UCLA,MPI-ESM1-2-HR,historical,r3i1p1f1,1hr,dew_point,d01,s3://cadcat/wrf/ucla/mpi-esm1-2-hr/historical/1hr/dew_point/d01/,check_catalog_row,catalog.variable.undocumented,WARN,20,"'dew_point' at WRF/1hr is not in variable_descriptions.csv at any resolution, so climakitae has no unit or display name for it.",,dew_point,catalog,,
WRF,UCLA,MPI-ESM1-2-HR,historical,r3i1p1f1,1hr,dew_point,d02,s3://cadcat/wrf/ucla/mpi-esm1-2-hr/historical/1hr/dew_point/d02/,check_catalog_row,catalog.variable.undocumented,WARN,20,"'dew_point' at WRF/1hr is not in variable_descriptions.csv at any resolution, so climakitae has no unit or display name for it.",,dew_point,catalog,,
WRF,UCLA,MPI-ESM1-2-HR,historical,r3i1p1f1,1hr,dew_point,d03,s3://cadcat/wrf/ucla/mpi-esm1-2-hr/historical/1hr/dew_point/d03/,check_catalog_row,catalog.variable.undocumented,WARN,20,"'dew_point' at WRF/1hr is not in variable_descriptions.csv at any resolution, so climakitae has no unit or display name for it.",,dew_point,catalog,,
WRF,UCLA,MPI-ESM1-2-HR,historical,r3i1p1f1,1hr,effective_temp_index,d01,s3://cadcat/wrf/ucla/mpi-esm1-2-hr/historical/1hr/effective_temp_index/d01/,check_catalog_row,catalog.variable.undocumented,WARN,20,"'effective_temp_index' at WRF/1hr is not in variable_descriptions.csv at any resolution, so climakitae has no unit or display name for it.",,effective_temp_index,catalog,,
WRF,UCLA,MPI-ESM1-2-HR,historical,r3i1p1f1,1hr,effective_temp_index,d02,s3://cadcat/wrf/ucla/mpi-esm1-2-hr/historical/1hr/effective_temp_index/d02/,check_catalog_row,catalog.variable.undocumented,WARN,20,"'effective_temp_index' at WRF/1hr is not in variable_descriptions.csv at any resolution, so climakitae has no unit or display name for it.",,effective_temp_index,catalog,,
WRF,UCLA,MPI-ESM1-2-HR,historical,r3i1p1f1,1hr,effective_temp_index,d03,s3://cadcat/wrf/ucla/mpi-esm1-2-hr/historical/1hr/effective_temp_index/d03/,check_catalog_row,catalog.variable.undocumented,WARN,20,"'effective_temp_index' at WRF/1hr is not in variable_descriptions.csv at any resolution, so climakitae has no unit or display name for it.",,effective_temp_index,catalog,,
WRF,UCLA,MPI-ESM1-2-HR,historical,r3i1p1f1,1hr,rh,d01,s3://cadcat/wrf/ucla/mpi-esm1-2-hr/historical/1hr/rh/d01/,check_catalog_row,catalog.variable.timescale_mismatch,WARN,20,"'rh' is published at WRF/1hr but variable_descriptions.csv lists it only at ['day', 'mon'], so no unit or display name resolves at this resolution.","day, mon",1hr,catalog,,
WRF,UCLA,MPI-ESM1-2-HR,historical,r3i1p1f1,1hr,rh,d02,s3://cadcat/wrf/ucla/mpi-esm1-2-hr/historical/1hr/rh/d02/,check_catalog_row,catalog.variable.timescale_mismatch,WARN,20,"'rh' is published at WRF/1hr but variable_descriptions.csv lists it only at ['day', 'mon'], so no unit or display name resolves at this resolution.","day, mon",1hr,catalog,,
WRF,UCLA,MPI-ESM1-2-HR,historical,r3i1p1f1,1hr,rh,d03,s3://cadcat/wrf/ucla/mpi-esm1-2-hr/historical/1hr/rh/d03/,check_catalog_row,catalog.variable.timescale_mismatch,WARN,20,"'rh' is published at WRF/1hr but variable_descriptions.csv lists it only at ['day', 'mon'], so no unit or display name resolves at this resolution.","day, mon",1hr,catalog,,
WRF,UCLA,MPI-ESM1-2-HR,historical,r3i1p1f1,1hr,u10,d01,s3://cadcat/tmp/wrf/ucla/mpi-esm1-2-hr/historical/1hr/u10_earth/d01/,check_catalog_row,catalog.path.staging_prefix,ERROR,30,"Store is served from a 'tmp' prefix rather than the canonical location. Data under a staging prefix carries no persistence guarantee, so anything pinned to this path can break without notice.",s3://cadcat/wrf/ucla/mpi-esm1-2-hr/historical/1hr/u10/d01/,s3://cadcat/tmp/wrf/ucla/mpi-esm1-2-hr/historical/1hr/u10_earth/d01/,catalog,,
WRF,UCLA,MPI-ESM1-2-HR,historical,r3i1p1f1,1hr,u10,d01,s3://cadcat/tmp/wrf/ucla/mpi-esm1-2-hr/historical/1hr/u10_earth/d01/,check_catalog_row,catalog.path.variable_qualifier_dropped,ERROR,30,"The store holds 'u10_earth' but the catalog indexes it as 'u10'. The '_earth' qualifier means earth-relative rather than grid-relative; WRF's native u10/v10 are aligned to the projection axes, so the two are not interchangeable without rotation. Because the catalog drops it, these records pool silently with ordinary 'u10' and no metadata check will notice.",u10,u10_earth,catalog,,
WRF,UCLA,MPI-ESM1-2-HR,historical,r3i1p1f1,1hr,u10,d02,s3://cadcat/tmp/wrf/ucla/mpi-esm1-2-hr/historical/1hr/u10_earth/d02/,check_catalog_row,catalog.path.staging_prefix,ERROR,30,"Store is served from a 'tmp' prefix rather than the canonical location. Data under a staging prefix carries no persistence guarantee, so anything pinned to this path can break without notice.",s3://cadcat/wrf/ucla/mpi-esm1-2-hr/historical/1hr/u10/d02/,s3://cadcat/tmp/wrf/ucla/mpi-esm1-2-hr/historical/1hr/u10_earth/d02/,catalog,,
WRF,UCLA,MPI-ESM1-2-HR,historical,r3i1p1f1,1hr,u10,d02,s3://cadcat/tmp/wrf/ucla/mpi-esm1-2-hr/historical/1hr/u10_earth/d02/,check_catalog_row,catalog.path.variable_qualifier_dropped,ERROR,30,"The store holds 'u10_earth' but the catalog indexes it as 'u10'. The '_earth' qualifier means earth-relative rather than grid-relative; WRF's native u10/v10 are aligned to the projection axes, so the two are not interchangeable without rotation. Because the catalog drops it, these records pool silently with ordinary 'u10' and no metadata check will notice.",u10,u10_earth,catalog,,
WRF,UCLA,MPI-ESM1-2-HR,historical,r3i1p1f1,1hr,u10,d03,s3://cadcat/tmp/wrf/ucla/mpi-esm1-2-hr/historical/1hr/u10_earth/d03/,check_catalog_row,catalog.path.staging_prefix,ERROR,30,"Store is served from a 'tmp' prefix rather than the canonical location. Data under a staging prefix carries no persistence guarantee, so anything pinned to this path can break without notice.",s3://cadcat/wrf/ucla/mpi-esm1-2-hr/historical/1hr/u10/d03/,s3://cadcat/tmp/wrf/ucla/mpi-esm1-2-hr/historical/1hr/u10_earth/d03/,catalog,,
WRF,UCLA,MPI-ESM1-2-HR,historical,r3i1p1f1,1hr,u10,d03,s3://cadcat/tmp/wrf/ucla/mpi-esm1-2-hr/historical/1hr/u10_earth/d03/,check_catalog_row,catalog.path.variable_qualifier_dropped,ERROR,30,"The store holds 'u10_earth' but the catalog indexes it as 'u10'. The '_earth' qualifier means earth-relative rather than grid-relative; WRF's native u10/v10 are aligned to the projection axes, so the two are not interchangeable without rotation. Because the catalog drops it, these records pool silently with ordinary 'u10' and no metadata check will notice.",u10,u10_earth,catalog,,
WRF,UCLA,MPI-ESM1-2-HR,historical,r3i1p1f1,1hr,v10,d01,s3://cadcat/tmp/wrf/ucla/mpi-esm1-2-hr/historical/1hr/v10_earth/d01/,check_catalog_row,catalog.path.staging_prefix,ERROR,30,"Store is served from a 'tmp' prefix rather than the canonical location. Data under a staging prefix carries no persistence guarantee, so anything pinned to this path can break without notice.",s3://cadcat/wrf/ucla/mpi-esm1-2-hr/historical/1hr/v10/d01/,s3://cadcat/tmp/wrf/ucla/mpi-esm1-2-hr/historical/1hr/v10_earth/d01/,catalog,,
WRF,UCLA,MPI-ESM1-2-HR,historical,r3i1p1f1,1hr,v10,d01,s3://cadcat/tmp/wrf/ucla/mpi-esm1-2-hr/historical/1hr/v10_earth/d01/,check_catalog_row,catalog.path.variable_qualifier_dropped,ERROR,30,"The store holds 'v10_earth' but the catalog indexes it as 'v10'. The '_earth' qualifier means earth-relative rather than grid-relative; WRF's native u10/v10 are aligned to the projection axes, so the two are not interchangeable without rotation. Because the catalog drops it, these records pool silently with ordinary 'v10' and no metadata check will notice.",v10,v10_earth,catalog,,
WRF,UCLA,MPI-ESM1-2-HR,historical,r3i1p1f1,1hr,v10,d02,s3://cadcat/tmp/wrf/ucla/mpi-esm1-2-hr/historical/1hr/v10_earth/d02/,check_catalog_row,catalog.path.staging_prefix,ERROR,30,"Store is served from a 'tmp' prefix rather than the canonical location. Data under a staging prefix carries no persistence guarantee, so anything pinned to this path can break without notice.",s3://cadcat/wrf/ucla/mpi-esm1-2-hr/historical/1hr/v10/d02/,s3://cadcat/tmp/wrf/ucla/mpi-esm1-2-hr/historical/1hr/v10_earth/d02/,catalog,,
WRF,UCLA,MPI-ESM1-2-HR,historical,r3i1p1f1,1hr,v10,d02,s3://cadcat/tmp/wrf/ucla/mpi-esm1-2-hr/historical/1hr/v10_earth/d02/,check_catalog_row,catalog.path.variable_qualifier_dropped,ERROR,30,"The store holds 'v10_earth' but the catalog indexes it as 'v10'. The '_earth' qualifier means earth-relative rather than grid-relative; WRF's native u10/v10 are aligned to the projection axes, so the two are not interchangeable without rotation. Because the catalog drops it, these records pool silently with ordinary 'v10' and no metadata check will notice.",v10,v10_earth,catalog,,
WRF,UCLA,MPI-ESM1-2-HR,historical,r3i1p1f1,1hr,v10,d03,s3://cadcat/tmp/wrf/ucla/mpi-esm1-2-hr/historical/1hr/v10_earth/d03/,check_catalog_row,catalog.path.staging_prefix,ERROR,30,"Store is served from a 'tmp' prefix rather than the canonical location. Data under a staging prefix carries no persistence guarantee, so anything pinned to this path can break without notice.",s3://cadcat/wrf/ucla/mpi-esm1-2-hr/historical/1hr/v10/d03/,s3://cadcat/tmp/wrf/ucla/mpi-esm1-2-hr/historical/1hr/v10_earth/d03/,catalog,,
WRF,UCLA,MPI-ESM1-2-HR,historical,r3i1p1f1,1hr,v10,d03,s3://cadcat/tmp/wrf/ucla/mpi-esm1-2-hr/historical/1hr/v10_earth/d03/,check_catalog_row,catalog.path.variable_qualifier_dropped,ERROR,30,"The store holds 'v10_earth' but the catalog indexes it as 'v10'. The '_earth' qualifier means earth-relative rather than grid-relative; WRF's native u10/v10 are aligned to the projection axes, so the two are not interchangeable without rotation. Because the catalog drops it, these records pool silently with ordinary 'v10' and no metadata check will notice.",v10,v10_earth,catalog,,
WRF,UCLA,MPI-ESM1-2-HR,historical,r3i1p1f1,day,dew_point,d01,s3://cadcat/wrf/ucla/mpi-esm1-2-hr/historical/day/dew_point/d01/,check_catalog_row,catalog.variable.undocumented,WARN,20,"'dew_point' at WRF/day is not in variable_descriptions.csv at any resolution, so climakitae has no unit or display name for it.",,dew_point,catalog,,
WRF,UCLA,MPI-ESM1-2-HR,historical,r3i1p1f1,day,dew_point,d02,s3://cadcat/wrf/ucla/mpi-esm1-2-hr/historical/day/dew_point/d02/,check_catalog_row,catalog.variable.undocumented,WARN,20,"'dew_point' at WRF/day is not in variable_descriptions.csv at any resolution, so climakitae has no unit or display name for it.",,dew_point,catalog,,
WRF,UCLA,MPI-ESM1-2-HR,historical,r3i1p1f1,day,dew_point,d03,s3://cadcat/wrf/ucla/mpi-esm1-2-hr/historical/day/dew_point/d03/,check_catalog_row,catalog.variable.undocumented,WARN,20,"'dew_point' at WRF/day is not in variable_descriptions.csv at any resolution, so climakitae has no unit or display name for it.",,dew_point,catalog,,
WRF,UCLA,MPI-ESM1-2-HR,historical,r3i1p1f1,day,effective_temp_index,d01,s3://cadcat/wrf/ucla/mpi-esm1-2-hr/historical/day/effective_temp_index/d01/,check_catalog_row,catalog.variable.undocumented,WARN,20,"'effective_temp_index' at WRF/day is not in variable_descriptions.csv at any resolution, so climakitae has no unit or display name for it.",,effective_temp_index,catalog,,
WRF,UCLA,MPI-ESM1-2-HR,historical,r3i1p1f1,day,effective_temp_index,d02,s3://cadcat/wrf/ucla/mpi-esm1-2-hr/historical/day/effective_temp_index/d02/,check_catalog_row,catalog.variable.undocumented,WARN,20,"'effective_temp_index' at WRF/day is not in variable_descriptions.csv at any resolution, so climakitae has no unit or display name for it.",,effective_temp_index,catalog,,
WRF,UCLA,MPI-ESM1-2-HR,historical,r3i1p1f1,day,effective_temp_index,d03,s3://cadcat/wrf/ucla/mpi-esm1-2-hr/historical/day/effective_temp_index/d03/,check_catalog_row,catalog.variable.undocumented,WARN,20,"'effective_temp_index' at WRF/day is not in variable_descriptions.csv at any resolution, so climakitae has no unit or display name for it.",,effective_temp_index,catalog,,
WRF,UCLA,MPI-ESM1-2-HR,historical,r3i1p1f1,mon,dew_point,d01,s3://cadcat/wrf/ucla/mpi-esm1-2-hr/historical/mon/dew_point/d01/,check_catalog_row,catalog.variable.undocumented,WARN,20,"'dew_point' at WRF/mon is not in variable_descriptions.csv at any resolution, so climakitae has no unit or display name for it.",,dew_point,catalog,,
WRF,UCLA,MPI-ESM1-2-HR,historical,r3i1p1f1,mon,dew_point,d02,s3://cadcat/wrf/ucla/mpi-esm1-2-hr/historical/mon/dew_point/d02/,check_catalog_row,catalog.variable.undocumented,WARN,20,"'dew_point' at WRF/mon is not in variable_descriptions.csv at any resolution, so climakitae has no unit or display name for it.",,dew_point,catalog,,
WRF,UCLA,MPI-ESM1-2-HR,historical,r3i1p1f1,mon,dew_point,d03,s3://cadcat/wrf/ucla/mpi-esm1-2-hr/historical/mon/dew_point/d03/,check_catalog_row,catalog.variable.undocumented,WARN,20,"'dew_point' at WRF/mon is not in variable_descriptions.csv at any resolution, so climakitae has no unit or display name for it.",,dew_point,catalog,,
WRF,UCLA,MPI-ESM1-2-HR,historical,r3i1p1f1,mon,effective_temp_index,d01,s3://cadcat/wrf/ucla/mpi-esm1-2-hr/historical/mon/effective_temp_index/d01/,check_catalog_row,catalog.variable.undocumented,WARN,20,"'effective_temp_index' at WRF/mon is not in variable_descriptions.csv at any resolution, so climakitae has no unit or display name for it.",,effective_temp_index,catalog,,
WRF,UCLA,MPI-ESM1-2-HR,historical,r3i1p1f1,mon,effective_temp_index,d02,s3://cadcat/wrf/ucla/mpi-esm1-2-hr/historical/mon/effective_temp_index/d02/,check_catalog_row,catalog.variable.undocumented,WARN,20,"'effective_temp_index' at WRF/mon is not in variable_descriptions.csv at any resolution, so climakitae has no unit or display name for it.",,effective_temp_index,catalog,,
WRF,UCLA,MPI-ESM1-2-HR,historical,r3i1p1f1,mon,effective_temp_index,d03,s3://cadcat/wrf/ucla/mpi-esm1-2-hr/historical/mon/effective_temp_index/d03/,check_catalog_row,catalog.variable.undocumented,WARN,20,"'effective_temp_index' at WRF/mon is not in variable_descriptions.csv at any resolution, so climakitae has no unit or display name for it.",,effective_temp_index,catalog,,
WRF,UCLA,MPI-ESM1-2-HR,ssp370,r3i1p1f1,1hr,dew_point,d01,s3://cadcat/wrf/ucla/mpi-esm1-2-hr/ssp370/1hr/dew_point/d01/,check_catalog_row,catalog.variable.undocumented,WARN,20,"'dew_point' at WRF/1hr is not in variable_descriptions.csv at any resolution, so climakitae has no unit or display name for it.",,dew_point,catalog,,
WRF,UCLA,MPI-ESM1-2-HR,ssp370,r3i1p1f1,1hr,dew_point,d02,s3://cadcat/wrf/ucla/mpi-esm1-2-hr/ssp370/1hr/dew_point/d02/,check_catalog_row,catalog.variable.undocumented,WARN,20,"'dew_point' at WRF/1hr is not in variable_descriptions.csv at any resolution, so climakitae has no unit or display name for it.",,dew_point,catalog,,
WRF,UCLA,MPI-ESM1-2-HR,ssp370,r3i1p1f1,1hr,dew_point,d03,s3://cadcat/wrf/ucla/mpi-esm1-2-hr/ssp370/1hr/dew_point/d03/,check_catalog_row,catalog.variable.undocumented,WARN,20,"'dew_point' at WRF/1hr is not in variable_descriptions.csv at any resolution, so climakitae has no unit or display name for it.",,dew_point,catalog,,
WRF,UCLA,MPI-ESM1-2-HR,ssp370,r3i1p1f1,1hr,effective_temp_index,d01,s3://cadcat/wrf/ucla/mpi-esm1-2-hr/ssp370/1hr/effective_temp_index/d01/,check_catalog_row,catalog.variable.undocumented,WARN,20,"'effective_temp_index' at WRF/1hr is not in variable_descriptions.csv at any resolution, so climakitae has no unit or display name for it.",,effective_temp_index,catalog,,
WRF,UCLA,MPI-ESM1-2-HR,ssp370,r3i1p1f1,1hr,effective_temp_index,d02,s3://cadcat/wrf/ucla/mpi-esm1-2-hr/ssp370/1hr/effective_temp_index/d02/,check_catalog_row,catalog.variable.undocumented,WARN,20,"'effective_temp_index' at WRF/1hr is not in variable_descriptions.csv at any resolution, so climakitae has no unit or display name for it.",,effective_temp_index,catalog,,
WRF,UCLA,MPI-ESM1-2-HR,ssp370,r3i1p1f1,1hr,effective_temp_index,d03,s3://cadcat/wrf/ucla/mpi-esm1-2-hr/ssp370/1hr/effective_temp_index/d03/,check_catalog_row,catalog.variable.undocumented,WARN,20,"'effective_temp_index' at WRF/1hr is not in variable_descriptions.csv at any resolution, so climakitae has no unit or display name for it.",,effective_temp_index,catalog,,
WRF,UCLA,MPI-ESM1-2-HR,ssp370,r3i1p1f1,1hr,rh,d01,s3://cadcat/wrf/ucla/mpi-esm1-2-hr/ssp370/1hr/rh/d01/,check_catalog_row,catalog.variable.timescale_mismatch,WARN,20,"'rh' is published at WRF/1hr but variable_descriptions.csv lists it only at ['day', 'mon'], so no unit or display name resolves at this resolution.","day, mon",1hr,catalog,,
WRF,UCLA,MPI-ESM1-2-HR,ssp370,r3i1p1f1,1hr,rh,d02,s3://cadcat/wrf/ucla/mpi-esm1-2-hr/ssp370/1hr/rh/d02/,check_catalog_row,catalog.variable.timescale_mismatch,WARN,20,"'rh' is published at WRF/1hr but variable_descriptions.csv lists it only at ['day', 'mon'], so no unit or display name resolves at this resolution.","day, mon",1hr,catalog,,
WRF,UCLA,MPI-ESM1-2-HR,ssp370,r3i1p1f1,1hr,rh,d03,s3://cadcat/wrf/ucla/mpi-esm1-2-hr/ssp370/1hr/rh/d03/,check_catalog_row,catalog.variable.timescale_mismatch,WARN,20,"'rh' is published at WRF/1hr but variable_descriptions.csv lists it only at ['day', 'mon'], so no unit or display name resolves at this resolution.","day, mon",1hr,catalog,,
WRF,UCLA,MPI-ESM1-2-HR,ssp370,r3i1p1f1,1hr,u10,d01,s3://cadcat/tmp/wrf/ucla/mpi-esm1-2-hr/ssp370/1hr/u10_earth/d01/,check_catalog_row,catalog.path.staging_prefix,ERROR,30,"Store is served from a 'tmp' prefix rather than the canonical location. Data under a staging prefix carries no persistence guarantee, so anything pinned to this path can break without notice.",s3://cadcat/wrf/ucla/mpi-esm1-2-hr/ssp370/1hr/u10/d01/,s3://cadcat/tmp/wrf/ucla/mpi-esm1-2-hr/ssp370/1hr/u10_earth/d01/,catalog,,
WRF,UCLA,MPI-ESM1-2-HR,ssp370,r3i1p1f1,1hr,u10,d01,s3://cadcat/tmp/wrf/ucla/mpi-esm1-2-hr/ssp370/1hr/u10_earth/d01/,check_catalog_row,catalog.path.variable_qualifier_dropped,ERROR,30,"The store holds 'u10_earth' but the catalog indexes it as 'u10'. The '_earth' qualifier means earth-relative rather than grid-relative; WRF's native u10/v10 are aligned to the projection axes, so the two are not interchangeable without rotation. Because the catalog drops it, these records pool silently with ordinary 'u10' and no metadata check will notice.",u10,u10_earth,catalog,,
WRF,UCLA,MPI-ESM1-2-HR,ssp370,r3i1p1f1,1hr,u10,d02,s3://cadcat/tmp/wrf/ucla/mpi-esm1-2-hr/ssp370/1hr/u10_earth/d02/,check_catalog_row,catalog.path.staging_prefix,ERROR,30,"Store is served from a 'tmp' prefix rather than the canonical location. Data under a staging prefix carries no persistence guarantee, so anything pinned to this path can break without notice.",s3://cadcat/wrf/ucla/mpi-esm1-2-hr/ssp370/1hr/u10/d02/,s3://cadcat/tmp/wrf/ucla/mpi-esm1-2-hr/ssp370/1hr/u10_earth/d02/,catalog,,
WRF,UCLA,MPI-ESM1-2-HR,ssp370,r3i1p1f1,1hr,u10,d02,s3://cadcat/tmp/wrf/ucla/mpi-esm1-2-hr/ssp370/1hr/u10_earth/d02/,check_catalog_row,catalog.path.variable_qualifier_dropped,ERROR,30,"The store holds 'u10_earth' but the catalog indexes it as 'u10'. The '_earth' qualifier means earth-relative rather than grid-relative; WRF's native u10/v10 are aligned to the projection axes, so the two are not interchangeable without rotation. Because the catalog drops it, these records pool silently with ordinary 'u10' and no metadata check will notice.",u10,u10_earth,catalog,,
WRF,UCLA,MPI-ESM1-2-HR,ssp370,r3i1p1f1,1hr,u10,d03,s3://cadcat/tmp/wrf/ucla/mpi-esm1-2-hr/ssp370/1hr/u10_earth/d03/,check_catalog_row,catalog.path.staging_prefix,ERROR,30,"Store is served from a 'tmp' prefix rather than the canonical location. Data under a staging prefix carries no persistence guarantee, so anything pinned to this path can break without notice.",s3://cadcat/wrf/ucla/mpi-esm1-2-hr/ssp370/1hr/u10/d03/,s3://cadcat/tmp/wrf/ucla/mpi-esm1-2-hr/ssp370/1hr/u10_earth/d03/,catalog,,
WRF,UCLA,MPI-ESM1-2-HR,ssp370,r3i1p1f1,1hr,u10,d03,s3://cadcat/tmp/wrf/ucla/mpi-esm1-2-hr/ssp370/1hr/u10_earth/d03/,check_catalog_row,catalog.path.variable_qualifier_dropped,ERROR,30,"The store holds 'u10_earth' but the catalog indexes it as 'u10'. The '_earth' qualifier means earth-relative rather than grid-relative; WRF's native u10/v10 are aligned to the projection axes, so the two are not interchangeable without rotation. Because the catalog drops it, these records pool silently with ordinary 'u10' and no metadata check will notice.",u10,u10_earth,catalog,,
WRF,UCLA,MPI-ESM1-2-HR,ssp370,r3i1p1f1,1hr,v10,d01,s3://cadcat/tmp/wrf/ucla/mpi-esm1-2-hr/ssp370/1hr/v10_earth/d01/,check_catalog_row,catalog.path.staging_prefix,ERROR,30,"Store is served from a 'tmp' prefix rather than the canonical location. Data under a staging prefix carries no persistence guarantee, so anything pinned to this path can break without notice.",s3://cadcat/wrf/ucla/mpi-esm1-2-hr/ssp370/1hr/v10/d01/,s3://cadcat/tmp/wrf/ucla/mpi-esm1-2-hr/ssp370/1hr/v10_earth/d01/,catalog,,
WRF,UCLA,MPI-ESM1-2-HR,ssp370,r3i1p1f1,1hr,v10,d01,s3://cadcat/tmp/wrf/ucla/mpi-esm1-2-hr/ssp370/1hr/v10_earth/d01/,check_catalog_row,catalog.path.variable_qualifier_dropped,ERROR,30,"The store holds 'v10_earth' but the catalog indexes it as 'v10'. The '_earth' qualifier means earth-relative rather than grid-relative; WRF's native u10/v10 are aligned to the projection axes, so the two are not interchangeable without rotation. Because the catalog drops it, these records pool silently with ordinary 'v10' and no metadata check will notice.",v10,v10_earth,catalog,,
WRF,UCLA,MPI-ESM1-2-HR,ssp370,r3i1p1f1,1hr,v10,d02,s3://cadcat/tmp/wrf/ucla/mpi-esm1-2-hr/ssp370/1hr/v10_earth/d02/,check_catalog_row,catalog.path.staging_prefix,ERROR,30,"Store is served from a 'tmp' prefix rather than the canonical location. Data under a staging prefix carries no persistence guarantee, so anything pinned to this path can break without notice.",s3://cadcat/wrf/ucla/mpi-esm1-2-hr/ssp370/1hr/v10/d02/,s3://cadcat/tmp/wrf/ucla/mpi-esm1-2-hr/ssp370/1hr/v10_earth/d02/,catalog,,
WRF,UCLA,MPI-ESM1-2-HR,ssp370,r3i1p1f1,1hr,v10,d02,s3://cadcat/tmp/wrf/ucla/mpi-esm1-2-hr/ssp370/1hr/v10_earth/d02/,check_catalog_row,catalog.path.variable_qualifier_dropped,ERROR,30,"The store holds 'v10_earth' but the catalog indexes it as 'v10'. The '_earth' qualifier means earth-relative rather than grid-relative; WRF's native u10/v10 are aligned to the projection axes, so the two are not interchangeable without rotation. Because the catalog drops it, these records pool silently with ordinary 'v10' and no metadata check will notice.",v10,v10_earth,catalog,,
WRF,UCLA,MPI-ESM1-2-HR,ssp370,r3i1p1f1,1hr,v10,d03,s3://cadcat/tmp/wrf/ucla/mpi-esm1-2-hr/ssp370/1hr/v10_earth/d03/,check_catalog_row,catalog.path.staging_prefix,ERROR,30,"Store is served from a 'tmp' prefix rather than the canonical location. Data under a staging prefix carries no persistence guarantee, so anything pinned to this path can break without notice.",s3://cadcat/wrf/ucla/mpi-esm1-2-hr/ssp370/1hr/v10/d03/,s3://cadcat/tmp/wrf/ucla/mpi-esm1-2-hr/ssp370/1hr/v10_earth/d03/,catalog,,
WRF,UCLA,MPI-ESM1-2-HR,ssp370,r3i1p1f1,1hr,v10,d03,s3://cadcat/tmp/wrf/ucla/mpi-esm1-2-hr/ssp370/1hr/v10_earth/d03/,check_catalog_row,catalog.path.variable_qualifier_dropped,ERROR,30,"The store holds 'v10_earth' but the catalog indexes it as 'v10'. The '_earth' qualifier means earth-relative rather than grid-relative; WRF's native u10/v10 are aligned to the projection axes, so the two are not interchangeable without rotation. Because the catalog drops it, these records pool silently with ordinary 'v10' and no metadata check will notice.",v10,v10_earth,catalog,,
WRF,UCLA,MPI-ESM1-2-HR,ssp370,r3i1p1f1,day,dew_point,d01,s3://cadcat/wrf/ucla/mpi-esm1-2-hr/ssp370/day/dew_point/d01/,check_catalog_row,catalog.variable.undocumented,WARN,20,"'dew_point' at WRF/day is not in variable_descriptions.csv at any resolution, so climakitae has no unit or display name for it.",,dew_point,catalog,,
WRF,UCLA,MPI-ESM1-2-HR,ssp370,r3i1p1f1,day,dew_point,d02,s3://cadcat/wrf/ucla/mpi-esm1-2-hr/ssp370/day/dew_point/d02/,check_catalog_row,catalog.variable.undocumented,WARN,20,"'dew_point' at WRF/day is not in variable_descriptions.csv at any resolution, so climakitae has no unit or display name for it.",,dew_point,catalog,,
WRF,UCLA,MPI-ESM1-2-HR,ssp370,r3i1p1f1,day,dew_point,d03,s3://cadcat/wrf/ucla/mpi-esm1-2-hr/ssp370/day/dew_point/d03/,check_catalog_row,catalog.variable.undocumented,WARN,20,"'dew_point' at WRF/day is not in variable_descriptions.csv at any resolution, so climakitae has no unit or display name for it.",,dew_point,catalog,,
WRF,UCLA,MPI-ESM1-2-HR,ssp370,r3i1p1f1,day,effective_temp_index,d01,s3://cadcat/wrf/ucla/mpi-esm1-2-hr/ssp370/day/effective_temp_index/d01/,check_catalog_row,catalog.variable.undocumented,WARN,20,"'effective_temp_index' at WRF/day is not in variable_descriptions.csv at any resolution, so climakitae has no unit or display name for it.",,effective_temp_index,catalog,,
WRF,UCLA,MPI-ESM1-2-HR,ssp370,r3i1p1f1,day,effective_temp_index,d02,s3://cadcat/wrf/ucla/mpi-esm1-2-hr/ssp370/day/effective_temp_index/d02/,check_catalog_row,catalog.variable.undocumented,WARN,20,"'effective_temp_index' at WRF/day is not in variable_descriptions.csv at any resolution, so climakitae has no unit or display name for it.",,effective_temp_index,catalog,,
WRF,UCLA,MPI-ESM1-2-HR,ssp370,r3i1p1f1,day,effective_temp_index,d03,s3://cadcat/wrf/ucla/mpi-esm1-2-hr/ssp370/day/effective_temp_index/d03/,check_catalog_row,catalog.variable.undocumented,WARN,20,"'effective_temp_index' at WRF/day is not in variable_descriptions.csv at any resolution, so climakitae has no unit or display name for it.",,effective_temp_index,catalog,,
WRF,UCLA,MPI-ESM1-2-HR,ssp370,r3i1p1f1,mon,dew_point,d01,s3://cadcat/wrf/ucla/mpi-esm1-2-hr/ssp370/mon/dew_point/d01/,check_catalog_row,catalog.variable.undocumented,WARN,20,"'dew_point' at WRF/mon is not in variable_descriptions.csv at any resolution, so climakitae has no unit or display name for it.",,dew_point,catalog,,
WRF,UCLA,MPI-ESM1-2-HR,ssp370,r3i1p1f1,mon,dew_point,d02,s3://cadcat/wrf/ucla/mpi-esm1-2-hr/ssp370/mon/dew_point/d02/,check_catalog_row,catalog.variable.undocumented,WARN,20,"'dew_point' at WRF/mon is not in variable_descriptions.csv at any resolution, so climakitae has no unit or display name for it.",,dew_point,catalog,,
WRF,UCLA,MPI-ESM1-2-HR,ssp370,r3i1p1f1,mon,dew_point,d03,s3://cadcat/wrf/ucla/mpi-esm1-2-hr/ssp370/mon/dew_point/d03/,check_catalog_row,catalog.variable.undocumented,WARN,20,"'dew_point' at WRF/mon is not in variable_descriptions.csv at any resolution, so climakitae has no unit or display name for it.",,dew_point,catalog,,
WRF,UCLA,MPI-ESM1-2-HR,ssp370,r3i1p1f1,mon,effective_temp_index,d01,s3://cadcat/wrf/ucla/mpi-esm1-2-hr/ssp370/mon/effective_temp_index/d01/,check_catalog_row,catalog.variable.undocumented,WARN,20,"'effective_temp_index' at WRF/mon is not in variable_descriptions.csv at any resolution, so climakitae has no unit or display name for it.",,effective_temp_index,catalog,,
WRF,UCLA,MPI-ESM1-2-HR,ssp370,r3i1p1f1,mon,effective_temp_index,d02,s3://cadcat/wrf/ucla/mpi-esm1-2-hr/ssp370/mon/effective_temp_index/d02/,check_catalog_row,catalog.variable.undocumented,WARN,20,"'effective_temp_index' at WRF/mon is not in variable_descriptions.csv at any resolution, so climakitae has no unit or display name for it.",,effective_temp_index,catalog,,
WRF,UCLA,MPI-ESM1-2-HR,ssp370,r3i1p1f1,mon,effective_temp_index,d03,s3://cadcat/wrf/ucla/mpi-esm1-2-hr/ssp370/mon/effective_temp_index/d03/,check_catalog_row,catalog.variable.undocumented,WARN,20,"'effective_temp_index' at WRF/mon is not in variable_descriptions.csv at any resolution, so climakitae has no unit or display name for it.",,effective_temp_index,catalog,,
WRF,UCLA,TaiESM1,historical,r1i1p1f1,1hr,dew_point,d01,s3://cadcat/wrf/ucla/taiesm1/historical/1hr/dew_point/d01/,check_catalog_row,catalog.variable.undocumented,WARN,20,"'dew_point' at WRF/1hr is not in variable_descriptions.csv at any resolution, so climakitae has no unit or display name for it.",,dew_point,catalog,,
WRF,UCLA,TaiESM1,historical,r1i1p1f1,1hr,dew_point,d02,s3://cadcat/wrf/ucla/taiesm1/historical/1hr/dew_point/d02/,check_catalog_row,catalog.variable.undocumented,WARN,20,"'dew_point' at WRF/1hr is not in variable_descriptions.csv at any resolution, so climakitae has no unit or display name for it.",,dew_point,catalog,,
WRF,UCLA,TaiESM1,historical,r1i1p1f1,1hr,dew_point,d03,s3://cadcat/wrf/ucla/taiesm1/historical/1hr/dew_point/d03/,check_catalog_row,catalog.variable.undocumented,WARN,20,"'dew_point' at WRF/1hr is not in variable_descriptions.csv at any resolution, so climakitae has no unit or display name for it.",,dew_point,catalog,,
WRF,UCLA,TaiESM1,historical,r1i1p1f1,1hr,effective_temp_index,d01,s3://cadcat/wrf/ucla/taiesm1/historical/1hr/effective_temp_index/d01/,check_catalog_row,catalog.variable.undocumented,WARN,20,"'effective_temp_index' at WRF/1hr is not in variable_descriptions.csv at any resolution, so climakitae has no unit or display name for it.",,effective_temp_index,catalog,,
WRF,UCLA,TaiESM1,historical,r1i1p1f1,1hr,effective_temp_index,d02,s3://cadcat/wrf/ucla/taiesm1/historical/1hr/effective_temp_index/d02/,check_catalog_row,catalog.variable.undocumented,WARN,20,"'effective_temp_index' at WRF/1hr is not in variable_descriptions.csv at any resolution, so climakitae has no unit or display name for it.",,effective_temp_index,catalog,,
WRF,UCLA,TaiESM1,historical,r1i1p1f1,1hr,effective_temp_index,d03,s3://cadcat/wrf/ucla/taiesm1/historical/1hr/effective_temp_index/d03/,check_catalog_row,catalog.variable.undocumented,WARN,20,"'effective_temp_index' at WRF/1hr is not in variable_descriptions.csv at any resolution, so climakitae has no unit or display name for it.",,effective_temp_index,catalog,,
WRF,UCLA,TaiESM1,historical,r1i1p1f1,1hr,rh,d01,s3://cadcat/wrf/ucla/taiesm1/historical/1hr/rh/d01/,check_catalog_row,catalog.variable.timescale_mismatch,WARN,20,"'rh' is published at WRF/1hr but variable_descriptions.csv lists it only at ['day', 'mon'], so no unit or display name resolves at this resolution.","day, mon",1hr,catalog,,
WRF,UCLA,TaiESM1,historical,r1i1p1f1,1hr,rh,d02,s3://cadcat/wrf/ucla/taiesm1/historical/1hr/rh/d02/,check_catalog_row,catalog.variable.timescale_mismatch,WARN,20,"'rh' is published at WRF/1hr but variable_descriptions.csv lists it only at ['day', 'mon'], so no unit or display name resolves at this resolution.","day, mon",1hr,catalog,,
WRF,UCLA,TaiESM1,historical,r1i1p1f1,1hr,rh,d03,s3://cadcat/wrf/ucla/taiesm1/historical/1hr/rh/d03/,check_catalog_row,catalog.variable.timescale_mismatch,WARN,20,"'rh' is published at WRF/1hr but variable_descriptions.csv lists it only at ['day', 'mon'], so no unit or display name resolves at this resolution.","day, mon",1hr,catalog,,
WRF,UCLA,TaiESM1,historical,r1i1p1f1,1hr,u10,d01,s3://cadcat/tmp/wrf/ucla/taiesm1/historical/1hr/u10_earth/d01/,check_catalog_row,catalog.path.staging_prefix,ERROR,30,"Store is served from a 'tmp' prefix rather than the canonical location. Data under a staging prefix carries no persistence guarantee, so anything pinned to this path can break without notice.",s3://cadcat/wrf/ucla/taiesm1/historical/1hr/u10/d01/,s3://cadcat/tmp/wrf/ucla/taiesm1/historical/1hr/u10_earth/d01/,catalog,,
WRF,UCLA,TaiESM1,historical,r1i1p1f1,1hr,u10,d01,s3://cadcat/tmp/wrf/ucla/taiesm1/historical/1hr/u10_earth/d01/,check_catalog_row,catalog.path.variable_qualifier_dropped,ERROR,30,"The store holds 'u10_earth' but the catalog indexes it as 'u10'. The '_earth' qualifier means earth-relative rather than grid-relative; WRF's native u10/v10 are aligned to the projection axes, so the two are not interchangeable without rotation. Because the catalog drops it, these records pool silently with ordinary 'u10' and no metadata check will notice.",u10,u10_earth,catalog,,
WRF,UCLA,TaiESM1,historical,r1i1p1f1,1hr,u10,d02,s3://cadcat/tmp/wrf/ucla/taiesm1/historical/1hr/u10_earth/d02/,check_catalog_row,catalog.path.staging_prefix,ERROR,30,"Store is served from a 'tmp' prefix rather than the canonical location. Data under a staging prefix carries no persistence guarantee, so anything pinned to this path can break without notice.",s3://cadcat/wrf/ucla/taiesm1/historical/1hr/u10/d02/,s3://cadcat/tmp/wrf/ucla/taiesm1/historical/1hr/u10_earth/d02/,catalog,,
WRF,UCLA,TaiESM1,historical,r1i1p1f1,1hr,u10,d02,s3://cadcat/tmp/wrf/ucla/taiesm1/historical/1hr/u10_earth/d02/,check_catalog_row,catalog.path.variable_qualifier_dropped,ERROR,30,"The store holds 'u10_earth' but the catalog indexes it as 'u10'. The '_earth' qualifier means earth-relative rather than grid-relative; WRF's native u10/v10 are aligned to the projection axes, so the two are not interchangeable without rotation. Because the catalog drops it, these records pool silently with ordinary 'u10' and no metadata check will notice.",u10,u10_earth,catalog,,
WRF,UCLA,TaiESM1,historical,r1i1p1f1,1hr,u10,d03,s3://cadcat/tmp/wrf/ucla/taiesm1/historical/1hr/u10_earth/d03/,check_catalog_row,catalog.path.staging_prefix,ERROR,30,"Store is served from a 'tmp' prefix rather than the canonical location. Data under a staging prefix carries no persistence guarantee, so anything pinned to this path can break without notice.",s3://cadcat/wrf/ucla/taiesm1/historical/1hr/u10/d03/,s3://cadcat/tmp/wrf/ucla/taiesm1/historical/1hr/u10_earth/d03/,catalog,,
WRF,UCLA,TaiESM1,historical,r1i1p1f1,1hr,u10,d03,s3://cadcat/tmp/wrf/ucla/taiesm1/historical/1hr/u10_earth/d03/,check_catalog_row,catalog.path.variable_qualifier_dropped,ERROR,30,"The store holds 'u10_earth' but the catalog indexes it as 'u10'. The '_earth' qualifier means earth-relative rather than grid-relative; WRF's native u10/v10 are aligned to the projection axes, so the two are not interchangeable without rotation. Because the catalog drops it, these records pool silently with ordinary 'u10' and no metadata check will notice.",u10,u10_earth,catalog,,
WRF,UCLA,TaiESM1,historical,r1i1p1f1,1hr,v10,d01,s3://cadcat/tmp/wrf/ucla/taiesm1/historical/1hr/v10_earth/d01/,check_catalog_row,catalog.path.staging_prefix,ERROR,30,"Store is served from a 'tmp' prefix rather than the canonical location. Data under a staging prefix carries no persistence guarantee, so anything pinned to this path can break without notice.",s3://cadcat/wrf/ucla/taiesm1/historical/1hr/v10/d01/,s3://cadcat/tmp/wrf/ucla/taiesm1/historical/1hr/v10_earth/d01/,catalog,,
WRF,UCLA,TaiESM1,historical,r1i1p1f1,1hr,v10,d01,s3://cadcat/tmp/wrf/ucla/taiesm1/historical/1hr/v10_earth/d01/,check_catalog_row,catalog.path.variable_qualifier_dropped,ERROR,30,"The store holds 'v10_earth' but the catalog indexes it as 'v10'. The '_earth' qualifier means earth-relative rather than grid-relative; WRF's native u10/v10 are aligned to the projection axes, so the two are not interchangeable without rotation. Because the catalog drops it, these records pool silently with ordinary 'v10' and no metadata check will notice.",v10,v10_earth,catalog,,
WRF,UCLA,TaiESM1,historical,r1i1p1f1,1hr,v10,d02,s3://cadcat/tmp/wrf/ucla/taiesm1/historical/1hr/v10_earth/d02/,check_catalog_row,catalog.path.staging_prefix,ERROR,30,"Store is served from a 'tmp' prefix rather than the canonical location. Data under a staging prefix carries no persistence guarantee, so anything pinned to this path can break without notice.",s3://cadcat/wrf/ucla/taiesm1/historical/1hr/v10/d02/,s3://cadcat/tmp/wrf/ucla/taiesm1/historical/1hr/v10_earth/d02/,catalog,,
WRF,UCLA,TaiESM1,historical,r1i1p1f1,1hr,v10,d02,s3://cadcat/tmp/wrf/ucla/taiesm1/historical/1hr/v10_earth/d02/,check_catalog_row,catalog.path.variable_qualifier_dropped,ERROR,30,"The store holds 'v10_earth' but the catalog indexes it as 'v10'. The '_earth' qualifier means earth-relative rather than grid-relative; WRF's native u10/v10 are aligned to the projection axes, so the two are not interchangeable without rotation. Because the catalog drops it, these records pool silently with ordinary 'v10' and no metadata check will notice.",v10,v10_earth,catalog,,
WRF,UCLA,TaiESM1,historical,r1i1p1f1,1hr,v10,d03,s3://cadcat/tmp/wrf/ucla/taiesm1/historical/1hr/v10_earth/d03/,check_catalog_row,catalog.path.staging_prefix,ERROR,30,"Store is served from a 'tmp' prefix rather than the canonical location. Data under a staging prefix carries no persistence guarantee, so anything pinned to this path can break without notice.",s3://cadcat/wrf/ucla/taiesm1/historical/1hr/v10/d03/,s3://cadcat/tmp/wrf/ucla/taiesm1/historical/1hr/v10_earth/d03/,catalog,,
WRF,UCLA,TaiESM1,historical,r1i1p1f1,1hr,v10,d03,s3://cadcat/tmp/wrf/ucla/taiesm1/historical/1hr/v10_earth/d03/,check_catalog_row,catalog.path.variable_qualifier_dropped,ERROR,30,"The store holds 'v10_earth' but the catalog indexes it as 'v10'. The '_earth' qualifier means earth-relative rather than grid-relative; WRF's native u10/v10 are aligned to the projection axes, so the two are not interchangeable without rotation. Because the catalog drops it, these records pool silently with ordinary 'v10' and no metadata check will notice.",v10,v10_earth,catalog,,
WRF,UCLA,TaiESM1,historical,r1i1p1f1,day,dew_point,d01,s3://cadcat/wrf/ucla/taiesm1/historical/day/dew_point/d01/,check_catalog_row,catalog.variable.undocumented,WARN,20,"'dew_point' at WRF/day is not in variable_descriptions.csv at any resolution, so climakitae has no unit or display name for it.",,dew_point,catalog,,
WRF,UCLA,TaiESM1,historical,r1i1p1f1,day,dew_point,d02,s3://cadcat/wrf/ucla/taiesm1/historical/day/dew_point/d02/,check_catalog_row,catalog.variable.undocumented,WARN,20,"'dew_point' at WRF/day is not in variable_descriptions.csv at any resolution, so climakitae has no unit or display name for it.",,dew_point,catalog,,
WRF,UCLA,TaiESM1,historical,r1i1p1f1,day,dew_point,d03,s3://cadcat/wrf/ucla/taiesm1/historical/day/dew_point/d03/,check_catalog_row,catalog.variable.undocumented,WARN,20,"'dew_point' at WRF/day is not in variable_descriptions.csv at any resolution, so climakitae has no unit or display name for it.",,dew_point,catalog,,
WRF,UCLA,TaiESM1,historical,r1i1p1f1,day,effective_temp_index,d01,s3://cadcat/wrf/ucla/taiesm1/historical/day/effective_temp_index/d01/,check_catalog_row,catalog.variable.undocumented,WARN,20,"'effective_temp_index' at WRF/day is not in variable_descriptions.csv at any resolution, so climakitae has no unit or display name for it.",,effective_temp_index,catalog,,
WRF,UCLA,TaiESM1,historical,r1i1p1f1,day,effective_temp_index,d02,s3://cadcat/wrf/ucla/taiesm1/historical/day/effective_temp_index/d02/,check_catalog_row,catalog.variable.undocumented,WARN,20,"'effective_temp_index' at WRF/day is not in variable_descriptions.csv at any resolution, so climakitae has no unit or display name for it.",,effective_temp_index,catalog,,
WRF,UCLA,TaiESM1,historical,r1i1p1f1,day,effective_temp_index,d03,s3://cadcat/wrf/ucla/taiesm1/historical/day/effective_temp_index/d03/,check_catalog_row,catalog.variable.undocumented,WARN,20,"'effective_temp_index' at WRF/day is not in variable_descriptions.csv at any resolution, so climakitae has no unit or display name for it.",,effective_temp_index,catalog,,
WRF,UCLA,TaiESM1,historical,r1i1p1f1,mon,dew_point,d01,s3://cadcat/wrf/ucla/taiesm1/historical/mon/dew_point/d01/,check_catalog_row,catalog.variable.undocumented,WARN,20,"'dew_point' at WRF/mon is not in variable_descriptions.csv at any resolution, so climakitae has no unit or display name for it.",,dew_point,catalog,,
WRF,UCLA,TaiESM1,historical,r1i1p1f1,mon,dew_point,d02,s3://cadcat/wrf/ucla/taiesm1/historical/mon/dew_point/d02/,check_catalog_row,catalog.variable.undocumented,WARN,20,"'dew_point' at WRF/mon is not in variable_descriptions.csv at any resolution, so climakitae has no unit or display name for it.",,dew_point,catalog,,
WRF,UCLA,TaiESM1,historical,r1i1p1f1,mon,dew_point,d03,s3://cadcat/wrf/ucla/taiesm1/historical/mon/dew_point/d03/,check_catalog_row,catalog.variable.undocumented,WARN,20,"'dew_point' at WRF/mon is not in variable_descriptions.csv at any resolution, so climakitae has no unit or display name for it.",,dew_point,catalog,,
WRF,UCLA,TaiESM1,historical,r1i1p1f1,mon,effective_temp_index,d01,s3://cadcat/wrf/ucla/taiesm1/historical/mon/effective_temp_index/d01/,check_catalog_row,catalog.variable.undocumented,WARN,20,"'effective_temp_index' at WRF/mon is not in variable_descriptions.csv at any resolution, so climakitae has no unit or display name for it.",,effective_temp_index,catalog,,
WRF,UCLA,TaiESM1,historical,r1i1p1f1,mon,effective_temp_index,d02,s3://cadcat/wrf/ucla/taiesm1/historical/mon/effective_temp_index/d02/,check_catalog_row,catalog.variable.undocumented,WARN,20,"'effective_temp_index' at WRF/mon is not in variable_descriptions.csv at any resolution, so climakitae has no unit or display name for it.",,effective_temp_index,catalog,,
WRF,UCLA,TaiESM1,historical,r1i1p1f1,mon,effective_temp_index,d03,s3://cadcat/wrf/ucla/taiesm1/historical/mon/effective_temp_index/d03/,check_catalog_row,catalog.variable.undocumented,WARN,20,"'effective_temp_index' at WRF/mon is not in variable_descriptions.csv at any resolution, so climakitae has no unit or display name for it.",,effective_temp_index,catalog,,
WRF,UCLA,TaiESM1,ssp370,r1i1p1f1,1hr,dew_point,d01,s3://cadcat/wrf/ucla/taiesm1/ssp370/1hr/dew_point/d01/,check_catalog_row,catalog.variable.undocumented,WARN,20,"'dew_point' at WRF/1hr is not in variable_descriptions.csv at any resolution, so climakitae has no unit or display name for it.",,dew_point,catalog,,
WRF,UCLA,TaiESM1,ssp370,r1i1p1f1,1hr,dew_point,d02,s3://cadcat/wrf/ucla/taiesm1/ssp370/1hr/dew_point/d02/,check_catalog_row,catalog.variable.undocumented,WARN,20,"'dew_point' at WRF/1hr is not in variable_descriptions.csv at any resolution, so climakitae has no unit or display name for it.",,dew_point,catalog,,
WRF,UCLA,TaiESM1,ssp370,r1i1p1f1,1hr,dew_point,d03,s3://cadcat/wrf/ucla/taiesm1/ssp370/1hr/dew_point/d03/,check_catalog_row,catalog.variable.undocumented,WARN,20,"'dew_point' at WRF/1hr is not in variable_descriptions.csv at any resolution, so climakitae has no unit or display name for it.",,dew_point,catalog,,
WRF,UCLA,TaiESM1,ssp370,r1i1p1f1,1hr,effective_temp_index,d01,s3://cadcat/wrf/ucla/taiesm1/ssp370/1hr/effective_temp_index/d01/,check_catalog_row,catalog.variable.undocumented,WARN,20,"'effective_temp_index' at WRF/1hr is not in variable_descriptions.csv at any resolution, so climakitae has no unit or display name for it.",,effective_temp_index,catalog,,
WRF,UCLA,TaiESM1,ssp370,r1i1p1f1,1hr,effective_temp_index,d02,s3://cadcat/wrf/ucla/taiesm1/ssp370/1hr/effective_temp_index/d02/,check_catalog_row,catalog.variable.undocumented,WARN,20,"'effective_temp_index' at WRF/1hr is not in variable_descriptions.csv at any resolution, so climakitae has no unit or display name for it.",,effective_temp_index,catalog,,
WRF,UCLA,TaiESM1,ssp370,r1i1p1f1,1hr,effective_temp_index,d03,s3://cadcat/wrf/ucla/taiesm1/ssp370/1hr/effective_temp_index/d03/,check_catalog_row,catalog.variable.undocumented,WARN,20,"'effective_temp_index' at WRF/1hr is not in variable_descriptions.csv at any resolution, so climakitae has no unit or display name for it.",,effective_temp_index,catalog,,
WRF,UCLA,TaiESM1,ssp370,r1i1p1f1,1hr,rh,d01,s3://cadcat/wrf/ucla/taiesm1/ssp370/1hr/rh/d01/,check_catalog_row,catalog.variable.timescale_mismatch,WARN,20,"'rh' is published at WRF/1hr but variable_descriptions.csv lists it only at ['day', 'mon'], so no unit or display name resolves at this resolution.","day, mon",1hr,catalog,,
WRF,UCLA,TaiESM1,ssp370,r1i1p1f1,1hr,rh,d02,s3://cadcat/wrf/ucla/taiesm1/ssp370/1hr/rh/d02/,check_catalog_row,catalog.variable.timescale_mismatch,WARN,20,"'rh' is published at WRF/1hr but variable_descriptions.csv lists it only at ['day', 'mon'], so no unit or display name resolves at this resolution.","day, mon",1hr,catalog,,
WRF,UCLA,TaiESM1,ssp370,r1i1p1f1,1hr,rh,d03,s3://cadcat/wrf/ucla/taiesm1/ssp370/1hr/rh/d03/,check_catalog_row,catalog.variable.timescale_mismatch,WARN,20,"'rh' is published at WRF/1hr but variable_descriptions.csv lists it only at ['day', 'mon'], so no unit or display name resolves at this resolution.","day, mon",1hr,catalog,,
WRF,UCLA,TaiESM1,ssp370,r1i1p1f1,1hr,u10,d01,s3://cadcat/tmp/wrf/ucla/taiesm1/ssp370/1hr/u10_earth/d01/,check_catalog_row,catalog.path.staging_prefix,ERROR,30,"Store is served from a 'tmp' prefix rather than the canonical location. Data under a staging prefix carries no persistence guarantee, so anything pinned to this path can break without notice.",s3://cadcat/wrf/ucla/taiesm1/ssp370/1hr/u10/d01/,s3://cadcat/tmp/wrf/ucla/taiesm1/ssp370/1hr/u10_earth/d01/,catalog,,
WRF,UCLA,TaiESM1,ssp370,r1i1p1f1,1hr,u10,d01,s3://cadcat/tmp/wrf/ucla/taiesm1/ssp370/1hr/u10_earth/d01/,check_catalog_row,catalog.path.variable_qualifier_dropped,ERROR,30,"The store holds 'u10_earth' but the catalog indexes it as 'u10'. The '_earth' qualifier means earth-relative rather than grid-relative; WRF's native u10/v10 are aligned to the projection axes, so the two are not interchangeable without rotation. Because the catalog drops it, these records pool silently with ordinary 'u10' and no metadata check will notice.",u10,u10_earth,catalog,,
WRF,UCLA,TaiESM1,ssp370,r1i1p1f1,1hr,u10,d02,s3://cadcat/tmp/wrf/ucla/taiesm1/ssp370/1hr/u10_earth/d02/,check_catalog_row,catalog.path.staging_prefix,ERROR,30,"Store is served from a 'tmp' prefix rather than the canonical location. Data under a staging prefix carries no persistence guarantee, so anything pinned to this path can break without notice.",s3://cadcat/wrf/ucla/taiesm1/ssp370/1hr/u10/d02/,s3://cadcat/tmp/wrf/ucla/taiesm1/ssp370/1hr/u10_earth/d02/,catalog,,
WRF,UCLA,TaiESM1,ssp370,r1i1p1f1,1hr,u10,d02,s3://cadcat/tmp/wrf/ucla/taiesm1/ssp370/1hr/u10_earth/d02/,check_catalog_row,catalog.path.variable_qualifier_dropped,ERROR,30,"The store holds 'u10_earth' but the catalog indexes it as 'u10'. The '_earth' qualifier means earth-relative rather than grid-relative; WRF's native u10/v10 are aligned to the projection axes, so the two are not interchangeable without rotation. Because the catalog drops it, these records pool silently with ordinary 'u10' and no metadata check will notice.",u10,u10_earth,catalog,,
WRF,UCLA,TaiESM1,ssp370,r1i1p1f1,1hr,u10,d03,s3://cadcat/tmp/wrf/ucla/taiesm1/ssp370/1hr/u10_earth/d03/,check_catalog_row,catalog.path.staging_prefix,ERROR,30,"Store is served from a 'tmp' prefix rather than the canonical location. Data under a staging prefix carries no persistence guarantee, so anything pinned to this path can break without notice.",s3://cadcat/wrf/ucla/taiesm1/ssp370/1hr/u10/d03/,s3://cadcat/tmp/wrf/ucla/taiesm1/ssp370/1hr/u10_earth/d03/,catalog,,
WRF,UCLA,TaiESM1,ssp370,r1i1p1f1,1hr,u10,d03,s3://cadcat/tmp/wrf/ucla/taiesm1/ssp370/1hr/u10_earth/d03/,check_catalog_row,catalog.path.variable_qualifier_dropped,ERROR,30,"The store holds 'u10_earth' but the catalog indexes it as 'u10'. The '_earth' qualifier means earth-relative rather than grid-relative; WRF's native u10/v10 are aligned to the projection axes, so the two are not interchangeable without rotation. Because the catalog drops it, these records pool silently with ordinary 'u10' and no metadata check will notice.",u10,u10_earth,catalog,,
WRF,UCLA,TaiESM1,ssp370,r1i1p1f1,1hr,v10,d01,s3://cadcat/tmp/wrf/ucla/taiesm1/ssp370/1hr/v10_earth/d01/,check_catalog_row,catalog.path.staging_prefix,ERROR,30,"Store is served from a 'tmp' prefix rather than the canonical location. Data under a staging prefix carries no persistence guarantee, so anything pinned to this path can break without notice.",s3://cadcat/wrf/ucla/taiesm1/ssp370/1hr/v10/d01/,s3://cadcat/tmp/wrf/ucla/taiesm1/ssp370/1hr/v10_earth/d01/,catalog,,
WRF,UCLA,TaiESM1,ssp370,r1i1p1f1,1hr,v10,d01,s3://cadcat/tmp/wrf/ucla/taiesm1/ssp370/1hr/v10_earth/d01/,check_catalog_row,catalog.path.variable_qualifier_dropped,ERROR,30,"The store holds 'v10_earth' but the catalog indexes it as 'v10'. The '_earth' qualifier means earth-relative rather than grid-relative; WRF's native u10/v10 are aligned to the projection axes, so the two are not interchangeable without rotation. Because the catalog drops it, these records pool silently with ordinary 'v10' and no metadata check will notice.",v10,v10_earth,catalog,,
WRF,UCLA,TaiESM1,ssp370,r1i1p1f1,1hr,v10,d02,s3://cadcat/tmp/wrf/ucla/taiesm1/ssp370/1hr/v10_earth/d02/,check_catalog_row,catalog.path.staging_prefix,ERROR,30,"Store is served from a 'tmp' prefix rather than the canonical location. Data under a staging prefix carries no persistence guarantee, so anything pinned to this path can break without notice.",s3://cadcat/wrf/ucla/taiesm1/ssp370/1hr/v10/d02/,s3://cadcat/tmp/wrf/ucla/taiesm1/ssp370/1hr/v10_earth/d02/,catalog,,
WRF,UCLA,TaiESM1,ssp370,r1i1p1f1,1hr,v10,d02,s3://cadcat/tmp/wrf/ucla/taiesm1/ssp370/1hr/v10_earth/d02/,check_catalog_row,catalog.path.variable_qualifier_dropped,ERROR,30,"The store holds 'v10_earth' but the catalog indexes it as 'v10'. The '_earth' qualifier means earth-relative rather than grid-relative; WRF's native u10/v10 are aligned to the projection axes, so the two are not interchangeable without rotation. Because the catalog drops it, these records pool silently with ordinary 'v10' and no metadata check will notice.",v10,v10_earth,catalog,,
WRF,UCLA,TaiESM1,ssp370,r1i1p1f1,1hr,v10,d03,s3://cadcat/tmp/wrf/ucla/taiesm1/ssp370/1hr/v10_earth/d03/,check_catalog_row,catalog.path.staging_prefix,ERROR,30,"Store is served from a 'tmp' prefix rather than the canonical location. Data under a staging prefix carries no persistence guarantee, so anything pinned to this path can break without notice.",s3://cadcat/wrf/ucla/taiesm1/ssp370/1hr/v10/d03/,s3://cadcat/tmp/wrf/ucla/taiesm1/ssp370/1hr/v10_earth/d03/,catalog,,
WRF,UCLA,TaiESM1,ssp370,r1i1p1f1,1hr,v10,d03,s3://cadcat/tmp/wrf/ucla/taiesm1/ssp370/1hr/v10_earth/d03/,check_catalog_row,catalog.path.variable_qualifier_dropped,ERROR,30,"The store holds 'v10_earth' but the catalog indexes it as 'v10'. The '_earth' qualifier means earth-relative rather than grid-relative; WRF's native u10/v10 are aligned to the projection axes, so the two are not interchangeable without rotation. Because the catalog drops it, these records pool silently with ordinary 'v10' and no metadata check will notice.",v10,v10_earth,catalog,,
WRF,UCLA,TaiESM1,ssp370,r1i1p1f1,day,dew_point,d01,s3://cadcat/wrf/ucla/taiesm1/ssp370/day/dew_point/d01/,check_catalog_row,catalog.variable.undocumented,WARN,20,"'dew_point' at WRF/day is not in variable_descriptions.csv at any resolution, so climakitae has no unit or display name for it.",,dew_point,catalog,,
WRF,UCLA,TaiESM1,ssp370,r1i1p1f1,day,dew_point,d02,s3://cadcat/wrf/ucla/taiesm1/ssp370/day/dew_point/d02/,check_catalog_row,catalog.variable.undocumented,WARN,20,"'dew_point' at WRF/day is not in variable_descriptions.csv at any resolution, so climakitae has no unit or display name for it.",,dew_point,catalog,,
WRF,UCLA,TaiESM1,ssp370,r1i1p1f1,day,dew_point,d03,s3://cadcat/wrf/ucla/taiesm1/ssp370/day/dew_point/d03/,check_catalog_row,catalog.variable.undocumented,WARN,20,"'dew_point' at WRF/day is not in variable_descriptions.csv at any resolution, so climakitae has no unit or display name for it.",,dew_point,catalog,,
WRF,UCLA,TaiESM1,ssp370,r1i1p1f1,day,effective_temp_index,d01,s3://cadcat/wrf/ucla/taiesm1/ssp370/day/effective_temp_index/d01/,check_catalog_row,catalog.variable.undocumented,WARN,20,"'effective_temp_index' at WRF/day is not in variable_descriptions.csv at any resolution, so climakitae has no unit or display name for it.",,effective_temp_index,catalog,,
WRF,UCLA,TaiESM1,ssp370,r1i1p1f1,day,effective_temp_index,d02,s3://cadcat/wrf/ucla/taiesm1/ssp370/day/effective_temp_index/d02/,check_catalog_row,catalog.variable.undocumented,WARN,20,"'effective_temp_index' at WRF/day is not in variable_descriptions.csv at any resolution, so climakitae has no unit or display name for it.",,effective_temp_index,catalog,,
WRF,UCLA,TaiESM1,ssp370,r1i1p1f1,day,effective_temp_index,d03,s3://cadcat/wrf/ucla/taiesm1/ssp370/day/effective_temp_index/d03/,check_catalog_row,catalog.variable.undocumented,WARN,20,"'effective_temp_index' at WRF/day is not in variable_descriptions.csv at any resolution, so climakitae has no unit or display name for it.",,effective_temp_index,catalog,,
WRF,UCLA,TaiESM1,ssp370,r1i1p1f1,mon,dew_point,d01,s3://cadcat/wrf/ucla/taiesm1/ssp370/mon/dew_point/d01/,check_catalog_row,catalog.variable.undocumented,WARN,20,"'dew_point' at WRF/mon is not in variable_descriptions.csv at any resolution, so climakitae has no unit or display name for it.",,dew_point,catalog,,
WRF,UCLA,TaiESM1,ssp370,r1i1p1f1,mon,dew_point,d02,s3://cadcat/wrf/ucla/taiesm1/ssp370/mon/dew_point/d02/,check_catalog_row,catalog.variable.undocumented,WARN,20,"'dew_point' at WRF/mon is not in variable_descriptions.csv at any resolution, so climakitae has no unit or display name for it.",,dew_point,catalog,,
WRF,UCLA,TaiESM1,ssp370,r1i1p1f1,mon,dew_point,d03,s3://cadcat/wrf/ucla/taiesm1/ssp370/mon/dew_point/d03/,check_catalog_row,catalog.variable.undocumented,WARN,20,"'dew_point' at WRF/mon is not in variable_descriptions.csv at any resolution, so climakitae has no unit or display name for it.",,dew_point,catalog,,
WRF,UCLA,TaiESM1,ssp370,r1i1p1f1,mon,effective_temp_index,d01,s3://cadcat/wrf/ucla/taiesm1/ssp370/mon/effective_temp_index/d01/,check_catalog_row,catalog.variable.undocumented,WARN,20,"'effective_temp_index' at WRF/mon is not in variable_descriptions.csv at any resolution, so climakitae has no unit or display name for it.",,effective_temp_index,catalog,,
WRF,UCLA,TaiESM1,ssp370,r1i1p1f1,mon,effective_temp_index,d02,s3://cadcat/wrf/ucla/taiesm1/ssp370/mon/effective_temp_index/d02/,check_catalog_row,catalog.variable.undocumented,WARN,20,"'effective_temp_index' at WRF/mon is not in variable_descriptions.csv at any resolution, so climakitae has no unit or display name for it.",,effective_temp_index,catalog,,
WRF,UCLA,TaiESM1,ssp370,r1i1p1f1,mon,effective_temp_index,d03,s3://cadcat/wrf/ucla/taiesm1/ssp370/mon/effective_temp_index/d03/,check_catalog_row,catalog.variable.undocumented,WARN,20,"'effective_temp_index' at WRF/mon is not in variable_descriptions.csv at any resolution, so climakitae has no unit or display name for it.",,effective_temp_index,catalog,,
WRF,UCSD,CESM2,historical,r11i1p1f1,day,prec,d03,s3://cadcat/wrf/ucsd/cesm2/historical/r11i1p1f1/day/prec/d03/,check_catalog_row,catalog.path.member_level_differs,WARN,20,"WRF paths from UCSD carry a member_id level that the rest of the activity omits. The layout is not consistent within the activity, so anything rebuilding paths from facets has to special-case this institution.",s3://cadcat/wrf/ucsd/cesm2/historical/day/prec/d03/,s3://cadcat/wrf/ucsd/cesm2/historical/r11i1p1f1/day/prec/d03/,catalog,,
WRF,UCSD,CESM2,historical,r11i1p1f1,day,q2,d03,s3://cadcat/wrf/ucsd/cesm2/historical/r11i1p1f1/day/q2/d03/,check_catalog_row,catalog.path.member_level_differs,WARN,20,"WRF paths from UCSD carry a member_id level that the rest of the activity omits. The layout is not consistent within the activity, so anything rebuilding paths from facets has to special-case this institution.",s3://cadcat/wrf/ucsd/cesm2/historical/day/q2/d03/,s3://cadcat/wrf/ucsd/cesm2/historical/r11i1p1f1/day/q2/d03/,catalog,,
WRF,UCSD,CESM2,historical,r11i1p1f1,day,rh_max,d03,s3://cadcat/wrf/ucsd/cesm2/historical/r11i1p1f1/day/rh_max/d03/,check_catalog_row,catalog.path.member_level_differs,WARN,20,"WRF paths from UCSD carry a member_id level that the rest of the activity omits. The layout is not consistent within the activity, so anything rebuilding paths from facets has to special-case this institution.",s3://cadcat/wrf/ucsd/cesm2/historical/day/rh_max/d03/,s3://cadcat/wrf/ucsd/cesm2/historical/r11i1p1f1/day/rh_max/d03/,catalog,,
WRF,UCSD,CESM2,historical,r11i1p1f1,day,rh_min,d03,s3://cadcat/wrf/ucsd/cesm2/historical/r11i1p1f1/day/rh_min/d03/,check_catalog_row,catalog.path.member_level_differs,WARN,20,"WRF paths from UCSD carry a member_id level that the rest of the activity omits. The layout is not consistent within the activity, so anything rebuilding paths from facets has to special-case this institution.",s3://cadcat/wrf/ucsd/cesm2/historical/day/rh_min/d03/,s3://cadcat/wrf/ucsd/cesm2/historical/r11i1p1f1/day/rh_min/d03/,catalog,,
WRF,UCSD,CESM2,historical,r11i1p1f1,day,sw_dwn,d03,s3://cadcat/wrf/ucsd/cesm2/historical/r11i1p1f1/day/sw_dwn/d03/,check_catalog_row,catalog.path.member_level_differs,WARN,20,"WRF paths from UCSD carry a member_id level that the rest of the activity omits. The layout is not consistent within the activity, so anything rebuilding paths from facets has to special-case this institution.",s3://cadcat/wrf/ucsd/cesm2/historical/day/sw_dwn/d03/,s3://cadcat/wrf/ucsd/cesm2/historical/r11i1p1f1/day/sw_dwn/d03/,catalog,,
WRF,UCSD,CESM2,historical,r11i1p1f1,day,t2max,d03,s3://cadcat/wrf/ucsd/cesm2/historical/r11i1p1f1/day/t2max/d03/,check_catalog_row,catalog.path.member_level_differs,WARN,20,"WRF paths from UCSD carry a member_id level that the rest of the activity omits. The layout is not consistent within the activity, so anything rebuilding paths from facets has to special-case this institution.",s3://cadcat/wrf/ucsd/cesm2/historical/day/t2max/d03/,s3://cadcat/wrf/ucsd/cesm2/historical/r11i1p1f1/day/t2max/d03/,catalog,,
WRF,UCSD,CESM2,historical,r11i1p1f1,day,t2min,d03,s3://cadcat/wrf/ucsd/cesm2/historical/r11i1p1f1/day/t2min/d03/,check_catalog_row,catalog.path.member_level_differs,WARN,20,"WRF paths from UCSD carry a member_id level that the rest of the activity omits. The layout is not consistent within the activity, so anything rebuilding paths from facets has to special-case this institution.",s3://cadcat/wrf/ucsd/cesm2/historical/day/t2min/d03/,s3://cadcat/wrf/ucsd/cesm2/historical/r11i1p1f1/day/t2min/d03/,catalog,,
WRF,UCSD,CESM2,historical,r11i1p1f1,day,u10,d03,s3://cadcat/wrf/ucsd/cesm2/historical/r11i1p1f1/day/u10/d03/,check_catalog_row,catalog.variable.timescale_mismatch,WARN,20,"'u10' is published at WRF/day but variable_descriptions.csv lists it only at ['1hr'], so no unit or display name resolves at this resolution.",1hr,day,catalog,,
WRF,UCSD,CESM2,historical,r11i1p1f1,day,u10,d03,s3://cadcat/wrf/ucsd/cesm2/historical/r11i1p1f1/day/u10/d03/,check_catalog_row,catalog.path.member_level_differs,WARN,20,"WRF paths from UCSD carry a member_id level that the rest of the activity omits. The layout is not consistent within the activity, so anything rebuilding paths from facets has to special-case this institution.",s3://cadcat/wrf/ucsd/cesm2/historical/day/u10/d03/,s3://cadcat/wrf/ucsd/cesm2/historical/r11i1p1f1/day/u10/d03/,catalog,,
WRF,UCSD,CESM2,historical,r11i1p1f1,day,v10,d03,s3://cadcat/wrf/ucsd/cesm2/historical/r11i1p1f1/day/v10/d03/,check_catalog_row,catalog.variable.timescale_mismatch,WARN,20,"'v10' is published at WRF/day but variable_descriptions.csv lists it only at ['1hr'], so no unit or display name resolves at this resolution.",1hr,day,catalog,,
WRF,UCSD,CESM2,historical,r11i1p1f1,day,v10,d03,s3://cadcat/wrf/ucsd/cesm2/historical/r11i1p1f1/day/v10/d03/,check_catalog_row,catalog.path.member_level_differs,WARN,20,"WRF paths from UCSD carry a member_id level that the rest of the activity omits. The layout is not consistent within the activity, so anything rebuilding paths from facets has to special-case this institution.",s3://cadcat/wrf/ucsd/cesm2/historical/day/v10/d03/,s3://cadcat/wrf/ucsd/cesm2/historical/r11i1p1f1/day/v10/d03/,catalog,,
WRF,UCSD,CESM2,historical,r11i1p1f1,day,wspd10mean,d03,s3://cadcat/wrf/ucsd/cesm2/historical/r11i1p1f1/day/wspd10mean/d03/,check_catalog_row,catalog.path.member_level_differs,WARN,20,"WRF paths from UCSD carry a member_id level that the rest of the activity omits. The layout is not consistent within the activity, so anything rebuilding paths from facets has to special-case this institution.",s3://cadcat/wrf/ucsd/cesm2/historical/day/wspd10mean/d03/,s3://cadcat/wrf/ucsd/cesm2/historical/r11i1p1f1/day/wspd10mean/d03/,catalog,,
WRF,UCSD,CESM2,ssp370,r11i1p1f1,day,prec,d03,s3://cadcat/wrf/ucsd/cesm2/ssp370/r11i1p1f1/day/prec/d03/,check_catalog_row,catalog.path.member_level_differs,WARN,20,"WRF paths from UCSD carry a member_id level that the rest of the activity omits. The layout is not consistent within the activity, so anything rebuilding paths from facets has to special-case this institution.",s3://cadcat/wrf/ucsd/cesm2/ssp370/day/prec/d03/,s3://cadcat/wrf/ucsd/cesm2/ssp370/r11i1p1f1/day/prec/d03/,catalog,,
WRF,UCSD,CESM2,ssp370,r11i1p1f1,day,q2,d03,s3://cadcat/wrf/ucsd/cesm2/ssp370/r11i1p1f1/day/q2/d03/,check_catalog_row,catalog.path.member_level_differs,WARN,20,"WRF paths from UCSD carry a member_id level that the rest of the activity omits. The layout is not consistent within the activity, so anything rebuilding paths from facets has to special-case this institution.",s3://cadcat/wrf/ucsd/cesm2/ssp370/day/q2/d03/,s3://cadcat/wrf/ucsd/cesm2/ssp370/r11i1p1f1/day/q2/d03/,catalog,,
WRF,UCSD,CESM2,ssp370,r11i1p1f1,day,rh_max,d03,s3://cadcat/wrf/ucsd/cesm2/ssp370/r11i1p1f1/day/rh_max/d03/,check_catalog_row,catalog.path.member_level_differs,WARN,20,"WRF paths from UCSD carry a member_id level that the rest of the activity omits. The layout is not consistent within the activity, so anything rebuilding paths from facets has to special-case this institution.",s3://cadcat/wrf/ucsd/cesm2/ssp370/day/rh_max/d03/,s3://cadcat/wrf/ucsd/cesm2/ssp370/r11i1p1f1/day/rh_max/d03/,catalog,,
WRF,UCSD,CESM2,ssp370,r11i1p1f1,day,rh_min,d03,s3://cadcat/wrf/ucsd/cesm2/ssp370/r11i1p1f1/day/rh_min/d03/,check_catalog_row,catalog.path.member_level_differs,WARN,20,"WRF paths from UCSD carry a member_id level that the rest of the activity omits. The layout is not consistent within the activity, so anything rebuilding paths from facets has to special-case this institution.",s3://cadcat/wrf/ucsd/cesm2/ssp370/day/rh_min/d03/,s3://cadcat/wrf/ucsd/cesm2/ssp370/r11i1p1f1/day/rh_min/d03/,catalog,,
WRF,UCSD,CESM2,ssp370,r11i1p1f1,day,sw_dwn,d03,s3://cadcat/wrf/ucsd/cesm2/ssp370/r11i1p1f1/day/sw_dwn/d03/,check_catalog_row,catalog.path.member_level_differs,WARN,20,"WRF paths from UCSD carry a member_id level that the rest of the activity omits. The layout is not consistent within the activity, so anything rebuilding paths from facets has to special-case this institution.",s3://cadcat/wrf/ucsd/cesm2/ssp370/day/sw_dwn/d03/,s3://cadcat/wrf/ucsd/cesm2/ssp370/r11i1p1f1/day/sw_dwn/d03/,catalog,,
WRF,UCSD,CESM2,ssp370,r11i1p1f1,day,t2max,d03,s3://cadcat/wrf/ucsd/cesm2/ssp370/r11i1p1f1/day/t2max/d03/,check_catalog_row,catalog.path.member_level_differs,WARN,20,"WRF paths from UCSD carry a member_id level that the rest of the activity omits. The layout is not consistent within the activity, so anything rebuilding paths from facets has to special-case this institution.",s3://cadcat/wrf/ucsd/cesm2/ssp370/day/t2max/d03/,s3://cadcat/wrf/ucsd/cesm2/ssp370/r11i1p1f1/day/t2max/d03/,catalog,,
WRF,UCSD,CESM2,ssp370,r11i1p1f1,day,t2min,d03,s3://cadcat/wrf/ucsd/cesm2/ssp370/r11i1p1f1/day/t2min/d03/,check_catalog_row,catalog.path.member_level_differs,WARN,20,"WRF paths from UCSD carry a member_id level that the rest of the activity omits. The layout is not consistent within the activity, so anything rebuilding paths from facets has to special-case this institution.",s3://cadcat/wrf/ucsd/cesm2/ssp370/day/t2min/d03/,s3://cadcat/wrf/ucsd/cesm2/ssp370/r11i1p1f1/day/t2min/d03/,catalog,,
WRF,UCSD,CESM2,ssp370,r11i1p1f1,day,u10,d03,s3://cadcat/wrf/ucsd/cesm2/ssp370/r11i1p1f1/day/u10/d03/,check_catalog_row,catalog.variable.timescale_mismatch,WARN,20,"'u10' is published at WRF/day but variable_descriptions.csv lists it only at ['1hr'], so no unit or display name resolves at this resolution.",1hr,day,catalog,,
WRF,UCSD,CESM2,ssp370,r11i1p1f1,day,u10,d03,s3://cadcat/wrf/ucsd/cesm2/ssp370/r11i1p1f1/day/u10/d03/,check_catalog_row,catalog.path.member_level_differs,WARN,20,"WRF paths from UCSD carry a member_id level that the rest of the activity omits. The layout is not consistent within the activity, so anything rebuilding paths from facets has to special-case this institution.",s3://cadcat/wrf/ucsd/cesm2/ssp370/day/u10/d03/,s3://cadcat/wrf/ucsd/cesm2/ssp370/r11i1p1f1/day/u10/d03/,catalog,,
WRF,UCSD,CESM2,ssp370,r11i1p1f1,day,v10,d03,s3://cadcat/wrf/ucsd/cesm2/ssp370/r11i1p1f1/day/v10/d03/,check_catalog_row,catalog.variable.timescale_mismatch,WARN,20,"'v10' is published at WRF/day but variable_descriptions.csv lists it only at ['1hr'], so no unit or display name resolves at this resolution.",1hr,day,catalog,,
WRF,UCSD,CESM2,ssp370,r11i1p1f1,day,v10,d03,s3://cadcat/wrf/ucsd/cesm2/ssp370/r11i1p1f1/day/v10/d03/,check_catalog_row,catalog.path.member_level_differs,WARN,20,"WRF paths from UCSD carry a member_id level that the rest of the activity omits. The layout is not consistent within the activity, so anything rebuilding paths from facets has to special-case this institution.",s3://cadcat/wrf/ucsd/cesm2/ssp370/day/v10/d03/,s3://cadcat/wrf/ucsd/cesm2/ssp370/r11i1p1f1/day/v10/d03/,catalog,,
WRF,UCSD,CESM2,ssp370,r11i1p1f1,day,wspd10mean,d03,s3://cadcat/wrf/ucsd/cesm2/ssp370/r11i1p1f1/day/wspd10mean/d03/,check_catalog_row,catalog.path.member_level_differs,WARN,20,"WRF paths from UCSD carry a member_id level that the rest of the activity omits. The layout is not consistent within the activity, so anything rebuilding paths from facets has to special-case this institution.",s3://cadcat/wrf/ucsd/cesm2/ssp370/day/wspd10mean/d03/,s3://cadcat/wrf/ucsd/cesm2/ssp370/r11i1p1f1/day/wspd10mean/d03/,catalog,,
WRF,UCSD,CNRM-ESM2-1,historical,r1i1p1f2,day,prec,d03,s3://cadcat/wrf/ucsd/cnrm-esm2-1/historical/r1i1p1f2/day/prec/d03/,check_catalog_row,catalog.path.member_level_differs,WARN,20,"WRF paths from UCSD carry a member_id level that the rest of the activity omits. The layout is not consistent within the activity, so anything rebuilding paths from facets has to special-case this institution.",s3://cadcat/wrf/ucsd/cnrm-esm2-1/historical/day/prec/d03/,s3://cadcat/wrf/ucsd/cnrm-esm2-1/historical/r1i1p1f2/day/prec/d03/,catalog,,
WRF,UCSD,CNRM-ESM2-1,historical,r1i1p1f2,day,q2,d03,s3://cadcat/wrf/ucsd/cnrm-esm2-1/historical/r1i1p1f2/day/q2/d03/,check_catalog_row,catalog.path.member_level_differs,WARN,20,"WRF paths from UCSD carry a member_id level that the rest of the activity omits. The layout is not consistent within the activity, so anything rebuilding paths from facets has to special-case this institution.",s3://cadcat/wrf/ucsd/cnrm-esm2-1/historical/day/q2/d03/,s3://cadcat/wrf/ucsd/cnrm-esm2-1/historical/r1i1p1f2/day/q2/d03/,catalog,,
WRF,UCSD,CNRM-ESM2-1,historical,r1i1p1f2,day,rh_max,d03,s3://cadcat/wrf/ucsd/cnrm-esm2-1/historical/r1i1p1f2/day/rh_max/d03/,check_catalog_row,catalog.path.member_level_differs,WARN,20,"WRF paths from UCSD carry a member_id level that the rest of the activity omits. The layout is not consistent within the activity, so anything rebuilding paths from facets has to special-case this institution.",s3://cadcat/wrf/ucsd/cnrm-esm2-1/historical/day/rh_max/d03/,s3://cadcat/wrf/ucsd/cnrm-esm2-1/historical/r1i1p1f2/day/rh_max/d03/,catalog,,
WRF,UCSD,CNRM-ESM2-1,historical,r1i1p1f2,day,rh_min,d03,s3://cadcat/wrf/ucsd/cnrm-esm2-1/historical/r1i1p1f2/day/rh_min/d03/,check_catalog_row,catalog.path.member_level_differs,WARN,20,"WRF paths from UCSD carry a member_id level that the rest of the activity omits. The layout is not consistent within the activity, so anything rebuilding paths from facets has to special-case this institution.",s3://cadcat/wrf/ucsd/cnrm-esm2-1/historical/day/rh_min/d03/,s3://cadcat/wrf/ucsd/cnrm-esm2-1/historical/r1i1p1f2/day/rh_min/d03/,catalog,,
WRF,UCSD,CNRM-ESM2-1,historical,r1i1p1f2,day,sw_dwn,d03,s3://cadcat/wrf/ucsd/cnrm-esm2-1/historical/r1i1p1f2/day/sw_dwn/d03/,check_catalog_row,catalog.path.member_level_differs,WARN,20,"WRF paths from UCSD carry a member_id level that the rest of the activity omits. The layout is not consistent within the activity, so anything rebuilding paths from facets has to special-case this institution.",s3://cadcat/wrf/ucsd/cnrm-esm2-1/historical/day/sw_dwn/d03/,s3://cadcat/wrf/ucsd/cnrm-esm2-1/historical/r1i1p1f2/day/sw_dwn/d03/,catalog,,
WRF,UCSD,CNRM-ESM2-1,historical,r1i1p1f2,day,t2max,d03,s3://cadcat/wrf/ucsd/cnrm-esm2-1/historical/r1i1p1f2/day/t2max/d03/,check_catalog_row,catalog.path.member_level_differs,WARN,20,"WRF paths from UCSD carry a member_id level that the rest of the activity omits. The layout is not consistent within the activity, so anything rebuilding paths from facets has to special-case this institution.",s3://cadcat/wrf/ucsd/cnrm-esm2-1/historical/day/t2max/d03/,s3://cadcat/wrf/ucsd/cnrm-esm2-1/historical/r1i1p1f2/day/t2max/d03/,catalog,,
WRF,UCSD,CNRM-ESM2-1,historical,r1i1p1f2,day,t2min,d03,s3://cadcat/wrf/ucsd/cnrm-esm2-1/historical/r1i1p1f2/day/t2min/d03/,check_catalog_row,catalog.path.member_level_differs,WARN,20,"WRF paths from UCSD carry a member_id level that the rest of the activity omits. The layout is not consistent within the activity, so anything rebuilding paths from facets has to special-case this institution.",s3://cadcat/wrf/ucsd/cnrm-esm2-1/historical/day/t2min/d03/,s3://cadcat/wrf/ucsd/cnrm-esm2-1/historical/r1i1p1f2/day/t2min/d03/,catalog,,
WRF,UCSD,CNRM-ESM2-1,historical,r1i1p1f2,day,u10,d03,s3://cadcat/wrf/ucsd/cnrm-esm2-1/historical/r1i1p1f2/day/u10/d03/,check_catalog_row,catalog.variable.timescale_mismatch,WARN,20,"'u10' is published at WRF/day but variable_descriptions.csv lists it only at ['1hr'], so no unit or display name resolves at this resolution.",1hr,day,catalog,,
WRF,UCSD,CNRM-ESM2-1,historical,r1i1p1f2,day,u10,d03,s3://cadcat/wrf/ucsd/cnrm-esm2-1/historical/r1i1p1f2/day/u10/d03/,check_catalog_row,catalog.path.member_level_differs,WARN,20,"WRF paths from UCSD carry a member_id level that the rest of the activity omits. The layout is not consistent within the activity, so anything rebuilding paths from facets has to special-case this institution.",s3://cadcat/wrf/ucsd/cnrm-esm2-1/historical/day/u10/d03/,s3://cadcat/wrf/ucsd/cnrm-esm2-1/historical/r1i1p1f2/day/u10/d03/,catalog,,
WRF,UCSD,CNRM-ESM2-1,historical,r1i1p1f2,day,v10,d03,s3://cadcat/wrf/ucsd/cnrm-esm2-1/historical/r1i1p1f2/day/v10/d03/,check_catalog_row,catalog.variable.timescale_mismatch,WARN,20,"'v10' is published at WRF/day but variable_descriptions.csv lists it only at ['1hr'], so no unit or display name resolves at this resolution.",1hr,day,catalog,,
WRF,UCSD,CNRM-ESM2-1,historical,r1i1p1f2,day,v10,d03,s3://cadcat/wrf/ucsd/cnrm-esm2-1/historical/r1i1p1f2/day/v10/d03/,check_catalog_row,catalog.path.member_level_differs,WARN,20,"WRF paths from UCSD carry a member_id level that the rest of the activity omits. The layout is not consistent within the activity, so anything rebuilding paths from facets has to special-case this institution.",s3://cadcat/wrf/ucsd/cnrm-esm2-1/historical/day/v10/d03/,s3://cadcat/wrf/ucsd/cnrm-esm2-1/historical/r1i1p1f2/day/v10/d03/,catalog,,
WRF,UCSD,CNRM-ESM2-1,historical,r1i1p1f2,day,wspd10mean,d03,s3://cadcat/wrf/ucsd/cnrm-esm2-1/historical/r1i1p1f2/day/wspd10mean/d03/,check_catalog_row,catalog.path.member_level_differs,WARN,20,"WRF paths from UCSD carry a member_id level that the rest of the activity omits. The layout is not consistent within the activity, so anything rebuilding paths from facets has to special-case this institution.",s3://cadcat/wrf/ucsd/cnrm-esm2-1/historical/day/wspd10mean/d03/,s3://cadcat/wrf/ucsd/cnrm-esm2-1/historical/r1i1p1f2/day/wspd10mean/d03/,catalog,,
WRF,UCSD,CNRM-ESM2-1,ssp370,r1i1p1f2,day,prec,d03,s3://cadcat/wrf/ucsd/cnrm-esm2-1/ssp370/r1i1p1f2/day/prec/d03/,check_catalog_row,catalog.path.member_level_differs,WARN,20,"WRF paths from UCSD carry a member_id level that the rest of the activity omits. The layout is not consistent within the activity, so anything rebuilding paths from facets has to special-case this institution.",s3://cadcat/wrf/ucsd/cnrm-esm2-1/ssp370/day/prec/d03/,s3://cadcat/wrf/ucsd/cnrm-esm2-1/ssp370/r1i1p1f2/day/prec/d03/,catalog,,
WRF,UCSD,CNRM-ESM2-1,ssp370,r1i1p1f2,day,q2,d03,s3://cadcat/wrf/ucsd/cnrm-esm2-1/ssp370/r1i1p1f2/day/q2/d03/,check_catalog_row,catalog.path.member_level_differs,WARN,20,"WRF paths from UCSD carry a member_id level that the rest of the activity omits. The layout is not consistent within the activity, so anything rebuilding paths from facets has to special-case this institution.",s3://cadcat/wrf/ucsd/cnrm-esm2-1/ssp370/day/q2/d03/,s3://cadcat/wrf/ucsd/cnrm-esm2-1/ssp370/r1i1p1f2/day/q2/d03/,catalog,,
WRF,UCSD,CNRM-ESM2-1,ssp370,r1i1p1f2,day,rh_max,d03,s3://cadcat/wrf/ucsd/cnrm-esm2-1/ssp370/r1i1p1f2/day/rh_max/d03/,check_catalog_row,catalog.path.member_level_differs,WARN,20,"WRF paths from UCSD carry a member_id level that the rest of the activity omits. The layout is not consistent within the activity, so anything rebuilding paths from facets has to special-case this institution.",s3://cadcat/wrf/ucsd/cnrm-esm2-1/ssp370/day/rh_max/d03/,s3://cadcat/wrf/ucsd/cnrm-esm2-1/ssp370/r1i1p1f2/day/rh_max/d03/,catalog,,
WRF,UCSD,CNRM-ESM2-1,ssp370,r1i1p1f2,day,rh_min,d03,s3://cadcat/wrf/ucsd/cnrm-esm2-1/ssp370/r1i1p1f2/day/rh_min/d03/,check_catalog_row,catalog.path.member_level_differs,WARN,20,"WRF paths from UCSD carry a member_id level that the rest of the activity omits. The layout is not consistent within the activity, so anything rebuilding paths from facets has to special-case this institution.",s3://cadcat/wrf/ucsd/cnrm-esm2-1/ssp370/day/rh_min/d03/,s3://cadcat/wrf/ucsd/cnrm-esm2-1/ssp370/r1i1p1f2/day/rh_min/d03/,catalog,,
WRF,UCSD,CNRM-ESM2-1,ssp370,r1i1p1f2,day,sw_dwn,d03,s3://cadcat/wrf/ucsd/cnrm-esm2-1/ssp370/r1i1p1f2/day/sw_dwn/d03/,check_catalog_row,catalog.path.member_level_differs,WARN,20,"WRF paths from UCSD carry a member_id level that the rest of the activity omits. The layout is not consistent within the activity, so anything rebuilding paths from facets has to special-case this institution.",s3://cadcat/wrf/ucsd/cnrm-esm2-1/ssp370/day/sw_dwn/d03/,s3://cadcat/wrf/ucsd/cnrm-esm2-1/ssp370/r1i1p1f2/day/sw_dwn/d03/,catalog,,
WRF,UCSD,CNRM-ESM2-1,ssp370,r1i1p1f2,day,t2max,d03,s3://cadcat/wrf/ucsd/cnrm-esm2-1/ssp370/r1i1p1f2/day/t2max/d03/,check_catalog_row,catalog.path.member_level_differs,WARN,20,"WRF paths from UCSD carry a member_id level that the rest of the activity omits. The layout is not consistent within the activity, so anything rebuilding paths from facets has to special-case this institution.",s3://cadcat/wrf/ucsd/cnrm-esm2-1/ssp370/day/t2max/d03/,s3://cadcat/wrf/ucsd/cnrm-esm2-1/ssp370/r1i1p1f2/day/t2max/d03/,catalog,,
WRF,UCSD,CNRM-ESM2-1,ssp370,r1i1p1f2,day,t2min,d03,s3://cadcat/wrf/ucsd/cnrm-esm2-1/ssp370/r1i1p1f2/day/t2min/d03/,check_catalog_row,catalog.path.member_level_differs,WARN,20,"WRF paths from UCSD carry a member_id level that the rest of the activity omits. The layout is not consistent within the activity, so anything rebuilding paths from facets has to special-case this institution.",s3://cadcat/wrf/ucsd/cnrm-esm2-1/ssp370/day/t2min/d03/,s3://cadcat/wrf/ucsd/cnrm-esm2-1/ssp370/r1i1p1f2/day/t2min/d03/,catalog,,
WRF,UCSD,CNRM-ESM2-1,ssp370,r1i1p1f2,day,u10,d03,s3://cadcat/wrf/ucsd/cnrm-esm2-1/ssp370/r1i1p1f2/day/u10/d03/,check_catalog_row,catalog.variable.timescale_mismatch,WARN,20,"'u10' is published at WRF/day but variable_descriptions.csv lists it only at ['1hr'], so no unit or display name resolves at this resolution.",1hr,day,catalog,,
WRF,UCSD,CNRM-ESM2-1,ssp370,r1i1p1f2,day,u10,d03,s3://cadcat/wrf/ucsd/cnrm-esm2-1/ssp370/r1i1p1f2/day/u10/d03/,check_catalog_row,catalog.path.member_level_differs,WARN,20,"WRF paths from UCSD carry a member_id level that the rest of the activity omits. The layout is not consistent within the activity, so anything rebuilding paths from facets has to special-case this institution.",s3://cadcat/wrf/ucsd/cnrm-esm2-1/ssp370/day/u10/d03/,s3://cadcat/wrf/ucsd/cnrm-esm2-1/ssp370/r1i1p1f2/day/u10/d03/,catalog,,
WRF,UCSD,CNRM-ESM2-1,ssp370,r1i1p1f2,day,v10,d03,s3://cadcat/wrf/ucsd/cnrm-esm2-1/ssp370/r1i1p1f2/day/v10/d03/,check_catalog_row,catalog.variable.timescale_mismatch,WARN,20,"'v10' is published at WRF/day but variable_descriptions.csv lists it only at ['1hr'], so no unit or display name resolves at this resolution.",1hr,day,catalog,,
WRF,UCSD,CNRM-ESM2-1,ssp370,r1i1p1f2,day,v10,d03,s3://cadcat/wrf/ucsd/cnrm-esm2-1/ssp370/r1i1p1f2/day/v10/d03/,check_catalog_row,catalog.path.member_level_differs,WARN,20,"WRF paths from UCSD carry a member_id level that the rest of the activity omits. The layout is not consistent within the activity, so anything rebuilding paths from facets has to special-case this institution.",s3://cadcat/wrf/ucsd/cnrm-esm2-1/ssp370/day/v10/d03/,s3://cadcat/wrf/ucsd/cnrm-esm2-1/ssp370/r1i1p1f2/day/v10/d03/,catalog,,
WRF,UCSD,CNRM-ESM2-1,ssp370,r1i1p1f2,day,wspd10mean,d03,s3://cadcat/wrf/ucsd/cnrm-esm2-1/ssp370/r1i1p1f2/day/wspd10mean/d03/,check_catalog_row,catalog.path.member_level_differs,WARN,20,"WRF paths from UCSD carry a member_id level that the rest of the activity omits. The layout is not consistent within the activity, so anything rebuilding paths from facets has to special-case this institution.",s3://cadcat/wrf/ucsd/cnrm-esm2-1/ssp370/day/wspd10mean/d03/,s3://cadcat/wrf/ucsd/cnrm-esm2-1/ssp370/r1i1p1f2/day/wspd10mean/d03/,catalog,,
WRF,UCSD,EC-Earth3-Veg,historical,r1i1p1f1,day,prec,d03,s3://cadcat/wrf/ucsd/ec-earth3-veg/historical/r1i1p1f1/day/prec/d03/,check_catalog_row,catalog.path.member_level_differs,WARN,20,"WRF paths from UCSD carry a member_id level that the rest of the activity omits. The layout is not consistent within the activity, so anything rebuilding paths from facets has to special-case this institution.",s3://cadcat/wrf/ucsd/ec-earth3-veg/historical/day/prec/d03/,s3://cadcat/wrf/ucsd/ec-earth3-veg/historical/r1i1p1f1/day/prec/d03/,catalog,,
WRF,UCSD,EC-Earth3-Veg,historical,r1i1p1f1,day,q2,d03,s3://cadcat/wrf/ucsd/ec-earth3-veg/historical/r1i1p1f1/day/q2/d03/,check_catalog_row,catalog.path.member_level_differs,WARN,20,"WRF paths from UCSD carry a member_id level that the rest of the activity omits. The layout is not consistent within the activity, so anything rebuilding paths from facets has to special-case this institution.",s3://cadcat/wrf/ucsd/ec-earth3-veg/historical/day/q2/d03/,s3://cadcat/wrf/ucsd/ec-earth3-veg/historical/r1i1p1f1/day/q2/d03/,catalog,,
WRF,UCSD,EC-Earth3-Veg,historical,r1i1p1f1,day,rh_max,d03,s3://cadcat/wrf/ucsd/ec-earth3-veg/historical/r1i1p1f1/day/rh_max/d03/,check_catalog_row,catalog.path.member_level_differs,WARN,20,"WRF paths from UCSD carry a member_id level that the rest of the activity omits. The layout is not consistent within the activity, so anything rebuilding paths from facets has to special-case this institution.",s3://cadcat/wrf/ucsd/ec-earth3-veg/historical/day/rh_max/d03/,s3://cadcat/wrf/ucsd/ec-earth3-veg/historical/r1i1p1f1/day/rh_max/d03/,catalog,,
WRF,UCSD,EC-Earth3-Veg,historical,r1i1p1f1,day,rh_min,d03,s3://cadcat/wrf/ucsd/ec-earth3-veg/historical/r1i1p1f1/day/rh_min/d03/,check_catalog_row,catalog.path.member_level_differs,WARN,20,"WRF paths from UCSD carry a member_id level that the rest of the activity omits. The layout is not consistent within the activity, so anything rebuilding paths from facets has to special-case this institution.",s3://cadcat/wrf/ucsd/ec-earth3-veg/historical/day/rh_min/d03/,s3://cadcat/wrf/ucsd/ec-earth3-veg/historical/r1i1p1f1/day/rh_min/d03/,catalog,,
WRF,UCSD,EC-Earth3-Veg,historical,r1i1p1f1,day,sw_dwn,d03,s3://cadcat/wrf/ucsd/ec-earth3-veg/historical/r1i1p1f1/day/sw_dwn/d03/,check_catalog_row,catalog.path.member_level_differs,WARN,20,"WRF paths from UCSD carry a member_id level that the rest of the activity omits. The layout is not consistent within the activity, so anything rebuilding paths from facets has to special-case this institution.",s3://cadcat/wrf/ucsd/ec-earth3-veg/historical/day/sw_dwn/d03/,s3://cadcat/wrf/ucsd/ec-earth3-veg/historical/r1i1p1f1/day/sw_dwn/d03/,catalog,,
WRF,UCSD,EC-Earth3-Veg,historical,r1i1p1f1,day,t2max,d03,s3://cadcat/wrf/ucsd/ec-earth3-veg/historical/r1i1p1f1/day/t2max/d03/,check_catalog_row,catalog.path.member_level_differs,WARN,20,"WRF paths from UCSD carry a member_id level that the rest of the activity omits. The layout is not consistent within the activity, so anything rebuilding paths from facets has to special-case this institution.",s3://cadcat/wrf/ucsd/ec-earth3-veg/historical/day/t2max/d03/,s3://cadcat/wrf/ucsd/ec-earth3-veg/historical/r1i1p1f1/day/t2max/d03/,catalog,,
WRF,UCSD,EC-Earth3-Veg,historical,r1i1p1f1,day,t2min,d03,s3://cadcat/wrf/ucsd/ec-earth3-veg/historical/r1i1p1f1/day/t2min/d03/,check_catalog_row,catalog.path.member_level_differs,WARN,20,"WRF paths from UCSD carry a member_id level that the rest of the activity omits. The layout is not consistent within the activity, so anything rebuilding paths from facets has to special-case this institution.",s3://cadcat/wrf/ucsd/ec-earth3-veg/historical/day/t2min/d03/,s3://cadcat/wrf/ucsd/ec-earth3-veg/historical/r1i1p1f1/day/t2min/d03/,catalog,,
WRF,UCSD,EC-Earth3-Veg,historical,r1i1p1f1,day,u10,d03,s3://cadcat/wrf/ucsd/ec-earth3-veg/historical/r1i1p1f1/day/u10/d03/,check_catalog_row,catalog.variable.timescale_mismatch,WARN,20,"'u10' is published at WRF/day but variable_descriptions.csv lists it only at ['1hr'], so no unit or display name resolves at this resolution.",1hr,day,catalog,,
WRF,UCSD,EC-Earth3-Veg,historical,r1i1p1f1,day,u10,d03,s3://cadcat/wrf/ucsd/ec-earth3-veg/historical/r1i1p1f1/day/u10/d03/,check_catalog_row,catalog.path.member_level_differs,WARN,20,"WRF paths from UCSD carry a member_id level that the rest of the activity omits. The layout is not consistent within the activity, so anything rebuilding paths from facets has to special-case this institution.",s3://cadcat/wrf/ucsd/ec-earth3-veg/historical/day/u10/d03/,s3://cadcat/wrf/ucsd/ec-earth3-veg/historical/r1i1p1f1/day/u10/d03/,catalog,,
WRF,UCSD,EC-Earth3-Veg,historical,r1i1p1f1,day,v10,d03,s3://cadcat/wrf/ucsd/ec-earth3-veg/historical/r1i1p1f1/day/v10/d03/,check_catalog_row,catalog.variable.timescale_mismatch,WARN,20,"'v10' is published at WRF/day but variable_descriptions.csv lists it only at ['1hr'], so no unit or display name resolves at this resolution.",1hr,day,catalog,,
WRF,UCSD,EC-Earth3-Veg,historical,r1i1p1f1,day,v10,d03,s3://cadcat/wrf/ucsd/ec-earth3-veg/historical/r1i1p1f1/day/v10/d03/,check_catalog_row,catalog.path.member_level_differs,WARN,20,"WRF paths from UCSD carry a member_id level that the rest of the activity omits. The layout is not consistent within the activity, so anything rebuilding paths from facets has to special-case this institution.",s3://cadcat/wrf/ucsd/ec-earth3-veg/historical/day/v10/d03/,s3://cadcat/wrf/ucsd/ec-earth3-veg/historical/r1i1p1f1/day/v10/d03/,catalog,,
WRF,UCSD,EC-Earth3-Veg,historical,r1i1p1f1,day,wspd10mean,d03,s3://cadcat/wrf/ucsd/ec-earth3-veg/historical/r1i1p1f1/day/wspd10mean/d03/,check_catalog_row,catalog.path.member_level_differs,WARN,20,"WRF paths from UCSD carry a member_id level that the rest of the activity omits. The layout is not consistent within the activity, so anything rebuilding paths from facets has to special-case this institution.",s3://cadcat/wrf/ucsd/ec-earth3-veg/historical/day/wspd10mean/d03/,s3://cadcat/wrf/ucsd/ec-earth3-veg/historical/r1i1p1f1/day/wspd10mean/d03/,catalog,,
WRF,UCSD,EC-Earth3-Veg,ssp370,r1i1p1f1,day,prec,d03,s3://cadcat/wrf/ucsd/ec-earth3-veg/ssp370/r1i1p1f1/day/prec/d03/,check_catalog_row,catalog.path.member_level_differs,WARN,20,"WRF paths from UCSD carry a member_id level that the rest of the activity omits. The layout is not consistent within the activity, so anything rebuilding paths from facets has to special-case this institution.",s3://cadcat/wrf/ucsd/ec-earth3-veg/ssp370/day/prec/d03/,s3://cadcat/wrf/ucsd/ec-earth3-veg/ssp370/r1i1p1f1/day/prec/d03/,catalog,,
WRF,UCSD,EC-Earth3-Veg,ssp370,r1i1p1f1,day,q2,d03,s3://cadcat/wrf/ucsd/ec-earth3-veg/ssp370/r1i1p1f1/day/q2/d03/,check_catalog_row,catalog.path.member_level_differs,WARN,20,"WRF paths from UCSD carry a member_id level that the rest of the activity omits. The layout is not consistent within the activity, so anything rebuilding paths from facets has to special-case this institution.",s3://cadcat/wrf/ucsd/ec-earth3-veg/ssp370/day/q2/d03/,s3://cadcat/wrf/ucsd/ec-earth3-veg/ssp370/r1i1p1f1/day/q2/d03/,catalog,,
WRF,UCSD,EC-Earth3-Veg,ssp370,r1i1p1f1,day,rh_max,d03,s3://cadcat/wrf/ucsd/ec-earth3-veg/ssp370/r1i1p1f1/day/rh_max/d03/,check_catalog_row,catalog.path.member_level_differs,WARN,20,"WRF paths from UCSD carry a member_id level that the rest of the activity omits. The layout is not consistent within the activity, so anything rebuilding paths from facets has to special-case this institution.",s3://cadcat/wrf/ucsd/ec-earth3-veg/ssp370/day/rh_max/d03/,s3://cadcat/wrf/ucsd/ec-earth3-veg/ssp370/r1i1p1f1/day/rh_max/d03/,catalog,,
WRF,UCSD,EC-Earth3-Veg,ssp370,r1i1p1f1,day,rh_min,d03,s3://cadcat/wrf/ucsd/ec-earth3-veg/ssp370/r1i1p1f1/day/rh_min/d03/,check_catalog_row,catalog.path.member_level_differs,WARN,20,"WRF paths from UCSD carry a member_id level that the rest of the activity omits. The layout is not consistent within the activity, so anything rebuilding paths from facets has to special-case this institution.",s3://cadcat/wrf/ucsd/ec-earth3-veg/ssp370/day/rh_min/d03/,s3://cadcat/wrf/ucsd/ec-earth3-veg/ssp370/r1i1p1f1/day/rh_min/d03/,catalog,,
WRF,UCSD,EC-Earth3-Veg,ssp370,r1i1p1f1,day,sw_dwn,d03,s3://cadcat/wrf/ucsd/ec-earth3-veg/ssp370/r1i1p1f1/day/sw_dwn/d03/,check_catalog_row,catalog.path.member_level_differs,WARN,20,"WRF paths from UCSD carry a member_id level that the rest of the activity omits. The layout is not consistent within the activity, so anything rebuilding paths from facets has to special-case this institution.",s3://cadcat/wrf/ucsd/ec-earth3-veg/ssp370/day/sw_dwn/d03/,s3://cadcat/wrf/ucsd/ec-earth3-veg/ssp370/r1i1p1f1/day/sw_dwn/d03/,catalog,,
WRF,UCSD,EC-Earth3-Veg,ssp370,r1i1p1f1,day,t2max,d03,s3://cadcat/wrf/ucsd/ec-earth3-veg/ssp370/r1i1p1f1/day/t2max/d03/,check_catalog_row,catalog.path.member_level_differs,WARN,20,"WRF paths from UCSD carry a member_id level that the rest of the activity omits. The layout is not consistent within the activity, so anything rebuilding paths from facets has to special-case this institution.",s3://cadcat/wrf/ucsd/ec-earth3-veg/ssp370/day/t2max/d03/,s3://cadcat/wrf/ucsd/ec-earth3-veg/ssp370/r1i1p1f1/day/t2max/d03/,catalog,,
WRF,UCSD,EC-Earth3-Veg,ssp370,r1i1p1f1,day,t2min,d03,s3://cadcat/wrf/ucsd/ec-earth3-veg/ssp370/r1i1p1f1/day/t2min/d03/,check_catalog_row,catalog.path.member_level_differs,WARN,20,"WRF paths from UCSD carry a member_id level that the rest of the activity omits. The layout is not consistent within the activity, so anything rebuilding paths from facets has to special-case this institution.",s3://cadcat/wrf/ucsd/ec-earth3-veg/ssp370/day/t2min/d03/,s3://cadcat/wrf/ucsd/ec-earth3-veg/ssp370/r1i1p1f1/day/t2min/d03/,catalog,,
WRF,UCSD,EC-Earth3-Veg,ssp370,r1i1p1f1,day,u10,d03,s3://cadcat/wrf/ucsd/ec-earth3-veg/ssp370/r1i1p1f1/day/u10/d03/,check_catalog_row,catalog.variable.timescale_mismatch,WARN,20,"'u10' is published at WRF/day but variable_descriptions.csv lists it only at ['1hr'], so no unit or display name resolves at this resolution.",1hr,day,catalog,,
WRF,UCSD,EC-Earth3-Veg,ssp370,r1i1p1f1,day,u10,d03,s3://cadcat/wrf/ucsd/ec-earth3-veg/ssp370/r1i1p1f1/day/u10/d03/,check_catalog_row,catalog.path.member_level_differs,WARN,20,"WRF paths from UCSD carry a member_id level that the rest of the activity omits. The layout is not consistent within the activity, so anything rebuilding paths from facets has to special-case this institution.",s3://cadcat/wrf/ucsd/ec-earth3-veg/ssp370/day/u10/d03/,s3://cadcat/wrf/ucsd/ec-earth3-veg/ssp370/r1i1p1f1/day/u10/d03/,catalog,,
WRF,UCSD,EC-Earth3-Veg,ssp370,r1i1p1f1,day,v10,d03,s3://cadcat/wrf/ucsd/ec-earth3-veg/ssp370/r1i1p1f1/day/v10/d03/,check_catalog_row,catalog.variable.timescale_mismatch,WARN,20,"'v10' is published at WRF/day but variable_descriptions.csv lists it only at ['1hr'], so no unit or display name resolves at this resolution.",1hr,day,catalog,,
WRF,UCSD,EC-Earth3-Veg,ssp370,r1i1p1f1,day,v10,d03,s3://cadcat/wrf/ucsd/ec-earth3-veg/ssp370/r1i1p1f1/day/v10/d03/,check_catalog_row,catalog.path.member_level_differs,WARN,20,"WRF paths from UCSD carry a member_id level that the rest of the activity omits. The layout is not consistent within the activity, so anything rebuilding paths from facets has to special-case this institution.",s3://cadcat/wrf/ucsd/ec-earth3-veg/ssp370/day/v10/d03/,s3://cadcat/wrf/ucsd/ec-earth3-veg/ssp370/r1i1p1f1/day/v10/d03/,catalog,,
WRF,UCSD,EC-Earth3-Veg,ssp370,r1i1p1f1,day,wspd10mean,d03,s3://cadcat/wrf/ucsd/ec-earth3-veg/ssp370/r1i1p1f1/day/wspd10mean/d03/,check_catalog_row,catalog.path.member_level_differs,WARN,20,"WRF paths from UCSD carry a member_id level that the rest of the activity omits. The layout is not consistent within the activity, so anything rebuilding paths from facets has to special-case this institution.",s3://cadcat/wrf/ucsd/ec-earth3-veg/ssp370/day/wspd10mean/d03/,s3://cadcat/wrf/ucsd/ec-earth3-veg/ssp370/r1i1p1f1/day/wspd10mean/d03/,catalog,,
WRF,UCSD,FGOALS-g3,historical,r1i1p1f1,day,prec,d03,s3://cadcat/wrf/ucsd/fgoals-g3/historical/r1i1p1f1/day/prec/d03/,check_catalog_row,catalog.path.member_level_differs,WARN,20,"WRF paths from UCSD carry a member_id level that the rest of the activity omits. The layout is not consistent within the activity, so anything rebuilding paths from facets has to special-case this institution.",s3://cadcat/wrf/ucsd/fgoals-g3/historical/day/prec/d03/,s3://cadcat/wrf/ucsd/fgoals-g3/historical/r1i1p1f1/day/prec/d03/,catalog,,
WRF,UCSD,FGOALS-g3,historical,r1i1p1f1,day,q2,d03,s3://cadcat/wrf/ucsd/fgoals-g3/historical/r1i1p1f1/day/q2/d03/,check_catalog_row,catalog.path.member_level_differs,WARN,20,"WRF paths from UCSD carry a member_id level that the rest of the activity omits. The layout is not consistent within the activity, so anything rebuilding paths from facets has to special-case this institution.",s3://cadcat/wrf/ucsd/fgoals-g3/historical/day/q2/d03/,s3://cadcat/wrf/ucsd/fgoals-g3/historical/r1i1p1f1/day/q2/d03/,catalog,,
WRF,UCSD,FGOALS-g3,historical,r1i1p1f1,day,rh_max,d03,s3://cadcat/wrf/ucsd/fgoals-g3/historical/r1i1p1f1/day/rh_max/d03/,check_catalog_row,catalog.path.member_level_differs,WARN,20,"WRF paths from UCSD carry a member_id level that the rest of the activity omits. The layout is not consistent within the activity, so anything rebuilding paths from facets has to special-case this institution.",s3://cadcat/wrf/ucsd/fgoals-g3/historical/day/rh_max/d03/,s3://cadcat/wrf/ucsd/fgoals-g3/historical/r1i1p1f1/day/rh_max/d03/,catalog,,
WRF,UCSD,FGOALS-g3,historical,r1i1p1f1,day,rh_min,d03,s3://cadcat/wrf/ucsd/fgoals-g3/historical/r1i1p1f1/day/rh_min/d03/,check_catalog_row,catalog.path.member_level_differs,WARN,20,"WRF paths from UCSD carry a member_id level that the rest of the activity omits. The layout is not consistent within the activity, so anything rebuilding paths from facets has to special-case this institution.",s3://cadcat/wrf/ucsd/fgoals-g3/historical/day/rh_min/d03/,s3://cadcat/wrf/ucsd/fgoals-g3/historical/r1i1p1f1/day/rh_min/d03/,catalog,,
WRF,UCSD,FGOALS-g3,historical,r1i1p1f1,day,sw_dwn,d03,s3://cadcat/wrf/ucsd/fgoals-g3/historical/r1i1p1f1/day/sw_dwn/d03/,check_catalog_row,catalog.path.member_level_differs,WARN,20,"WRF paths from UCSD carry a member_id level that the rest of the activity omits. The layout is not consistent within the activity, so anything rebuilding paths from facets has to special-case this institution.",s3://cadcat/wrf/ucsd/fgoals-g3/historical/day/sw_dwn/d03/,s3://cadcat/wrf/ucsd/fgoals-g3/historical/r1i1p1f1/day/sw_dwn/d03/,catalog,,
WRF,UCSD,FGOALS-g3,historical,r1i1p1f1,day,t2max,d03,s3://cadcat/wrf/ucsd/fgoals-g3/historical/r1i1p1f1/day/t2max/d03/,check_catalog_row,catalog.path.member_level_differs,WARN,20,"WRF paths from UCSD carry a member_id level that the rest of the activity omits. The layout is not consistent within the activity, so anything rebuilding paths from facets has to special-case this institution.",s3://cadcat/wrf/ucsd/fgoals-g3/historical/day/t2max/d03/,s3://cadcat/wrf/ucsd/fgoals-g3/historical/r1i1p1f1/day/t2max/d03/,catalog,,
WRF,UCSD,FGOALS-g3,historical,r1i1p1f1,day,t2min,d03,s3://cadcat/wrf/ucsd/fgoals-g3/historical/r1i1p1f1/day/t2min/d03/,check_catalog_row,catalog.path.member_level_differs,WARN,20,"WRF paths from UCSD carry a member_id level that the rest of the activity omits. The layout is not consistent within the activity, so anything rebuilding paths from facets has to special-case this institution.",s3://cadcat/wrf/ucsd/fgoals-g3/historical/day/t2min/d03/,s3://cadcat/wrf/ucsd/fgoals-g3/historical/r1i1p1f1/day/t2min/d03/,catalog,,
WRF,UCSD,FGOALS-g3,historical,r1i1p1f1,day,u10,d03,s3://cadcat/wrf/ucsd/fgoals-g3/historical/r1i1p1f1/day/u10/d03/,check_catalog_row,catalog.variable.timescale_mismatch,WARN,20,"'u10' is published at WRF/day but variable_descriptions.csv lists it only at ['1hr'], so no unit or display name resolves at this resolution.",1hr,day,catalog,,
WRF,UCSD,FGOALS-g3,historical,r1i1p1f1,day,u10,d03,s3://cadcat/wrf/ucsd/fgoals-g3/historical/r1i1p1f1/day/u10/d03/,check_catalog_row,catalog.path.member_level_differs,WARN,20,"WRF paths from UCSD carry a member_id level that the rest of the activity omits. The layout is not consistent within the activity, so anything rebuilding paths from facets has to special-case this institution.",s3://cadcat/wrf/ucsd/fgoals-g3/historical/day/u10/d03/,s3://cadcat/wrf/ucsd/fgoals-g3/historical/r1i1p1f1/day/u10/d03/,catalog,,
WRF,UCSD,FGOALS-g3,historical,r1i1p1f1,day,v10,d03,s3://cadcat/wrf/ucsd/fgoals-g3/historical/r1i1p1f1/day/v10/d03/,check_catalog_row,catalog.variable.timescale_mismatch,WARN,20,"'v10' is published at WRF/day but variable_descriptions.csv lists it only at ['1hr'], so no unit or display name resolves at this resolution.",1hr,day,catalog,,
WRF,UCSD,FGOALS-g3,historical,r1i1p1f1,day,v10,d03,s3://cadcat/wrf/ucsd/fgoals-g3/historical/r1i1p1f1/day/v10/d03/,check_catalog_row,catalog.path.member_level_differs,WARN,20,"WRF paths from UCSD carry a member_id level that the rest of the activity omits. The layout is not consistent within the activity, so anything rebuilding paths from facets has to special-case this institution.",s3://cadcat/wrf/ucsd/fgoals-g3/historical/day/v10/d03/,s3://cadcat/wrf/ucsd/fgoals-g3/historical/r1i1p1f1/day/v10/d03/,catalog,,
WRF,UCSD,FGOALS-g3,historical,r1i1p1f1,day,wspd10mean,d03,s3://cadcat/wrf/ucsd/fgoals-g3/historical/r1i1p1f1/day/wspd10mean/d03/,check_catalog_row,catalog.path.member_level_differs,WARN,20,"WRF paths from UCSD carry a member_id level that the rest of the activity omits. The layout is not consistent within the activity, so anything rebuilding paths from facets has to special-case this institution.",s3://cadcat/wrf/ucsd/fgoals-g3/historical/day/wspd10mean/d03/,s3://cadcat/wrf/ucsd/fgoals-g3/historical/r1i1p1f1/day/wspd10mean/d03/,catalog,,
WRF,UCSD,FGOALS-g3,ssp370,r1i1p1f1,day,prec,d03,s3://cadcat/wrf/ucsd/fgoals-g3/ssp370/r1i1p1f1/day/prec/d03/,check_catalog_row,catalog.path.member_level_differs,WARN,20,"WRF paths from UCSD carry a member_id level that the rest of the activity omits. The layout is not consistent within the activity, so anything rebuilding paths from facets has to special-case this institution.",s3://cadcat/wrf/ucsd/fgoals-g3/ssp370/day/prec/d03/,s3://cadcat/wrf/ucsd/fgoals-g3/ssp370/r1i1p1f1/day/prec/d03/,catalog,,
WRF,UCSD,FGOALS-g3,ssp370,r1i1p1f1,day,q2,d03,s3://cadcat/wrf/ucsd/fgoals-g3/ssp370/r1i1p1f1/day/q2/d03/,check_catalog_row,catalog.path.member_level_differs,WARN,20,"WRF paths from UCSD carry a member_id level that the rest of the activity omits. The layout is not consistent within the activity, so anything rebuilding paths from facets has to special-case this institution.",s3://cadcat/wrf/ucsd/fgoals-g3/ssp370/day/q2/d03/,s3://cadcat/wrf/ucsd/fgoals-g3/ssp370/r1i1p1f1/day/q2/d03/,catalog,,
WRF,UCSD,FGOALS-g3,ssp370,r1i1p1f1,day,rh_max,d03,s3://cadcat/wrf/ucsd/fgoals-g3/ssp370/r1i1p1f1/day/rh_max/d03/,check_catalog_row,catalog.path.member_level_differs,WARN,20,"WRF paths from UCSD carry a member_id level that the rest of the activity omits. The layout is not consistent within the activity, so anything rebuilding paths from facets has to special-case this institution.",s3://cadcat/wrf/ucsd/fgoals-g3/ssp370/day/rh_max/d03/,s3://cadcat/wrf/ucsd/fgoals-g3/ssp370/r1i1p1f1/day/rh_max/d03/,catalog,,
WRF,UCSD,FGOALS-g3,ssp370,r1i1p1f1,day,rh_min,d03,s3://cadcat/wrf/ucsd/fgoals-g3/ssp370/r1i1p1f1/day/rh_min/d03/,check_catalog_row,catalog.path.member_level_differs,WARN,20,"WRF paths from UCSD carry a member_id level that the rest of the activity omits. The layout is not consistent within the activity, so anything rebuilding paths from facets has to special-case this institution.",s3://cadcat/wrf/ucsd/fgoals-g3/ssp370/day/rh_min/d03/,s3://cadcat/wrf/ucsd/fgoals-g3/ssp370/r1i1p1f1/day/rh_min/d03/,catalog,,
WRF,UCSD,FGOALS-g3,ssp370,r1i1p1f1,day,sw_dwn,d03,s3://cadcat/wrf/ucsd/fgoals-g3/ssp370/r1i1p1f1/day/sw_dwn/d03/,check_catalog_row,catalog.path.member_level_differs,WARN,20,"WRF paths from UCSD carry a member_id level that the rest of the activity omits. The layout is not consistent within the activity, so anything rebuilding paths from facets has to special-case this institution.",s3://cadcat/wrf/ucsd/fgoals-g3/ssp370/day/sw_dwn/d03/,s3://cadcat/wrf/ucsd/fgoals-g3/ssp370/r1i1p1f1/day/sw_dwn/d03/,catalog,,
WRF,UCSD,FGOALS-g3,ssp370,r1i1p1f1,day,t2max,d03,s3://cadcat/wrf/ucsd/fgoals-g3/ssp370/r1i1p1f1/day/t2max/d03/,check_catalog_row,catalog.path.member_level_differs,WARN,20,"WRF paths from UCSD carry a member_id level that the rest of the activity omits. The layout is not consistent within the activity, so anything rebuilding paths from facets has to special-case this institution.",s3://cadcat/wrf/ucsd/fgoals-g3/ssp370/day/t2max/d03/,s3://cadcat/wrf/ucsd/fgoals-g3/ssp370/r1i1p1f1/day/t2max/d03/,catalog,,
WRF,UCSD,FGOALS-g3,ssp370,r1i1p1f1,day,t2min,d03,s3://cadcat/wrf/ucsd/fgoals-g3/ssp370/r1i1p1f1/day/t2min/d03/,check_catalog_row,catalog.path.member_level_differs,WARN,20,"WRF paths from UCSD carry a member_id level that the rest of the activity omits. The layout is not consistent within the activity, so anything rebuilding paths from facets has to special-case this institution.",s3://cadcat/wrf/ucsd/fgoals-g3/ssp370/day/t2min/d03/,s3://cadcat/wrf/ucsd/fgoals-g3/ssp370/r1i1p1f1/day/t2min/d03/,catalog,,
WRF,UCSD,FGOALS-g3,ssp370,r1i1p1f1,day,u10,d03,s3://cadcat/wrf/ucsd/fgoals-g3/ssp370/r1i1p1f1/day/u10/d03/,check_catalog_row,catalog.variable.timescale_mismatch,WARN,20,"'u10' is published at WRF/day but variable_descriptions.csv lists it only at ['1hr'], so no unit or display name resolves at this resolution.",1hr,day,catalog,,
WRF,UCSD,FGOALS-g3,ssp370,r1i1p1f1,day,u10,d03,s3://cadcat/wrf/ucsd/fgoals-g3/ssp370/r1i1p1f1/day/u10/d03/,check_catalog_row,catalog.path.member_level_differs,WARN,20,"WRF paths from UCSD carry a member_id level that the rest of the activity omits. The layout is not consistent within the activity, so anything rebuilding paths from facets has to special-case this institution.",s3://cadcat/wrf/ucsd/fgoals-g3/ssp370/day/u10/d03/,s3://cadcat/wrf/ucsd/fgoals-g3/ssp370/r1i1p1f1/day/u10/d03/,catalog,,
WRF,UCSD,FGOALS-g3,ssp370,r1i1p1f1,day,v10,d03,s3://cadcat/wrf/ucsd/fgoals-g3/ssp370/r1i1p1f1/day/v10/d03/,check_catalog_row,catalog.variable.timescale_mismatch,WARN,20,"'v10' is published at WRF/day but variable_descriptions.csv lists it only at ['1hr'], so no unit or display name resolves at this resolution.",1hr,day,catalog,,
WRF,UCSD,FGOALS-g3,ssp370,r1i1p1f1,day,v10,d03,s3://cadcat/wrf/ucsd/fgoals-g3/ssp370/r1i1p1f1/day/v10/d03/,check_catalog_row,catalog.path.member_level_differs,WARN,20,"WRF paths from UCSD carry a member_id level that the rest of the activity omits. The layout is not consistent within the activity, so anything rebuilding paths from facets has to special-case this institution.",s3://cadcat/wrf/ucsd/fgoals-g3/ssp370/day/v10/d03/,s3://cadcat/wrf/ucsd/fgoals-g3/ssp370/r1i1p1f1/day/v10/d03/,catalog,,
WRF,UCSD,FGOALS-g3,ssp370,r1i1p1f1,day,wspd10mean,d03,s3://cadcat/wrf/ucsd/fgoals-g3/ssp370/r1i1p1f1/day/wspd10mean/d03/,check_catalog_row,catalog.path.member_level_differs,WARN,20,"WRF paths from UCSD carry a member_id level that the rest of the activity omits. The layout is not consistent within the activity, so anything rebuilding paths from facets has to special-case this institution.",s3://cadcat/wrf/ucsd/fgoals-g3/ssp370/day/wspd10mean/d03/,s3://cadcat/wrf/ucsd/fgoals-g3/ssp370/r1i1p1f1/day/wspd10mean/d03/,catalog,,
WRF,,,,,1hr,p,,,coverage,coverage.variable.absent,WARN,20,'p' is documented for WRF/1hr but no store exists at any grid label.,p,,catalog,,
WRF,,,,,1hr,ph,,,coverage,coverage.variable.absent,WARN,20,'ph' is documented for WRF/1hr but no store exists at any grid label.,ph,,catalog,,
WRF,,,,,day,t,,,coverage,coverage.variable.absent,WARN,20,'t' is documented for WRF/day but no store exists at any grid label.,t,,catalog,,
WRF,,,,,day,u,,,coverage,coverage.variable.absent,WARN,20,'u' is documented for WRF/day but no store exists at any grid label.,u,,catalog,,
WRF,,,,,day,v,,,coverage,coverage.variable.absent,WARN,20,'v' is documented for WRF/day but no store exists at any grid label.,v,,catalog,,
WRF,,,,,mon,t,,,coverage,coverage.variable.absent,WARN,20,'t' is documented for WRF/mon but no store exists at any grid label.,t,,catalog,,
WRF,,,,,mon,u,,,coverage,coverage.variable.absent,WARN,20,'u' is documented for WRF/mon but no store exists at any grid label.,u,,catalog,,
WRF,,,,,mon,v,,,coverage,coverage.variable.absent,WARN,20,'v' is documented for WRF/mon but no store exists at any grid label.,v,,catalog,,
WRF,,,,,1hr,ffwi,,,coverage,coverage.grid.asymmetric,INFO,10,"'ffwi' at WRF/1hr exists at d03 but not d01,d02. Often intentional; confirm it is.",d03,"d01,d02",catalog,,
WRF,,,,,day,rh_max,,,coverage,coverage.grid.asymmetric,INFO,10,"'rh_max' at WRF/day exists at d03 but not d01,d02. Often intentional; confirm it is.",d03,"d01,d02",catalog,,
WRF,,,,,day,rh_min,,,coverage,coverage.grid.asymmetric,INFO,10,"'rh_min' at WRF/day exists at d03 but not d01,d02. Often intentional; confirm it is.",d03,"d01,d02",catalog,,
WRF,,,,,day,u10,,,coverage,coverage.grid.asymmetric,INFO,10,"'u10' at WRF/day exists at d03 but not d01,d02. Often intentional; confirm it is.",d03,"d01,d02",catalog,,
WRF,,,,,day,v10,,,coverage,coverage.grid.asymmetric,INFO,10,"'v10' at WRF/day exists at d03 but not d01,d02. Often intentional; confirm it is.",d03,"d01,d02",catalog,,
WRF,,,,,,,,,coverage,catalog.facet.partial,INFO,10,"WRF: facet 'member_id' is blank on 279 of 5,047 records (5.5%). Queries that filter on it will silently drop the blank ones.",populated on every record,5.5% blank,catalog,,
LOCA2,,,,,yrmax,tasmax,,,coverage,coverage.variable.timescale_mismatch,WARN,20,"'tasmax' is published at LOCA2/yrmax but the reference variable table lists it only at day,mon. climakitae will find no unit or display name for it here.","day,mon",yrmax,catalog,,
WRF,,,,,1hr,rh,,,coverage,coverage.variable.timescale_mismatch,WARN,20,"'rh' is published at WRF/1hr but the reference variable table lists it only at day,mon. climakitae will find no unit or display name for it here.","day,mon",1hr,catalog,,
WRF,,,,,day,u10,,,coverage,coverage.variable.timescale_mismatch,WARN,20,'u10' is published at WRF/day but the reference variable table lists it only at 1hr. climakitae will find no unit or display name for it here.,1hr,day,catalog,,
WRF,,,,,day,v10,,,coverage,coverage.variable.timescale_mismatch,WARN,20,'v10' is published at WRF/day but the reference variable table lists it only at 1hr. climakitae will find no unit or display name for it here.,1hr,day,catalog,,
WRF,,,,,1hr,dew_point,,,coverage,coverage.variable.undocumented,INFO,10,"55 store(s) hold 'dew_point' at WRF/1hr, which the reference variable table does not describe.",,dew_point,catalog,,
WRF,,,,,1hr,effective_temp_index,,,coverage,coverage.variable.undocumented,INFO,10,"52 store(s) hold 'effective_temp_index' at WRF/1hr, which the reference variable table does not describe.",,effective_temp_index,catalog,,
WRF,,,,,day,dew_point,,,coverage,coverage.variable.undocumented,INFO,10,"55 store(s) hold 'dew_point' at WRF/day, which the reference variable table does not describe.",,dew_point,catalog,,
WRF,,,,,day,effective_temp_index,,,coverage,coverage.variable.undocumented,INFO,10,"52 store(s) hold 'effective_temp_index' at WRF/day, which the reference variable table does not describe.",,effective_temp_index,catalog,,
WRF,,,,,mon,dew_point,,,coverage,coverage.variable.undocumented,INFO,10,"55 store(s) hold 'dew_point' at WRF/mon, which the reference variable table does not describe.",,dew_point,catalog,,
WRF,,,,,mon,effective_temp_index,,,coverage,coverage.variable.undocumented,INFO,10,"52 store(s) hold 'effective_temp_index' at WRF/mon, which the reference variable table does not describe.",,effective_temp_index,catalog,,
LOCA2,UCSD,HadGEM3-GC31-LL,historical,r2i1p1f3,day,hursmax,d03,s3://cadcat/loca2/ucsd/hadgem3-gc31-ll/historical/r2i1p1f3/day/hursmax/d03/,check_dataset,dataset.aggregated,WARN,20,"This result combines several stores (sim=3) rather than being a single published dataset. Time alignment across members can drop dates that any one member lacks, so gaps and calendar findings here are properties of the aggregation, not of the archive.",one store per query,sim=3,ckae,climakitae,12.277
LOCA2,UCSD,HadGEM3-GC31-LL,historical,r2i1p1f3,day,hursmax,d03,s3://cadcat/loca2/ucsd/hadgem3-gc31-ll/historical/r2i1p1f3/day/hursmax/d03/,check_dataset,var.present,OK,0,Variable 'hursmax' present as named in the catalog.,,,ckae,climakitae,12.277
LOCA2,UCSD,HadGEM3-GC31-LL,historical,r2i1p1f3,day,hursmax,d03,s3://cadcat/loca2/ucsd/hadgem3-gc31-ll/historical/r2i1p1f3/day/hursmax/d03/,check_dataset,attr.var.long_name.missing,ERROR,30,Required variable attribute 'long_name' is missing or empty. The metadata standard sets units + long_name as the minimum.,long_name,,ckae,climakitae,12.277
LOCA2,UCSD,HadGEM3-GC31-LL,historical,r2i1p1f3,day,hursmax,d03,s3://cadcat/loca2/ucsd/hadgem3-gc31-ll/historical/r2i1p1f3/day/hursmax/d03/,check_dataset,attr.var.standard_name.missing,INFO,10,CF-recommended attribute 'standard_name' is absent.,standard_name,,ckae,climakitae,12.277
LOCA2,UCSD,HadGEM3-GC31-LL,historical,r2i1p1f3,day,hursmax,d03,s3://cadcat/loca2/ucsd/hadgem3-gc31-ll/historical/r2i1p1f3/day/hursmax/d03/,check_dataset,attr.var.cell_methods.missing,INFO,10,CF-recommended attribute 'cell_methods' is absent.,cell_methods,,ckae,climakitae,12.277
LOCA2,UCSD,HadGEM3-GC31-LL,historical,r2i1p1f3,day,hursmax,d03,s3://cadcat/loca2/ucsd/hadgem3-gc31-ll/historical/r2i1p1f3/day/hursmax/d03/,check_dataset,units.match,OK,0,units 'percent' match the reference table.,,,ckae,climakitae,12.277
LOCA2,UCSD,HadGEM3-GC31-LL,historical,r2i1p1f3,day,hursmax,d03,s3://cadcat/loca2/ucsd/hadgem3-gc31-ll/historical/r2i1p1f3/day/hursmax/d03/,check_dataset,grid.convention,INFO,10,"Store is on a geographic grid (['lat', 'lon', 'time']).",,geographic,ckae,climakitae,12.277
LOCA2,UCSD,HadGEM3-GC31-LL,historical,r2i1p1f3,day,hursmax,d03,s3://cadcat/loca2/ucsd/hadgem3-gc31-ll/historical/r2i1p1f3/day/hursmax/d03/,check_dataset,dims.extra,INFO,10,Data variable has extra dimensions.,,sim,ckae,climakitae,12.277
LOCA2,UCSD,HadGEM3-GC31-LL,historical,r2i1p1f3,day,hursmax,d03,s3://cadcat/loca2/ucsd/hadgem3-gc31-ll/historical/r2i1p1f3/day/hursmax/d03/,check_dataset,attr.global.recommended.missing,INFO,10,Missing 3 of 6 recommended global attributes; datasets are supposed to be self-describing.,"comment, history, institution, references, source, title","comment, history, references",ckae,climakitae,12.277
LOCA2,UCSD,HadGEM3-GC31-LL,historical,r2i1p1f3,day,hursmax,d03,s3://cadcat/loca2/ucsd/hadgem3-gc31-ll/historical/r2i1p1f3/day/hursmax/d03/,check_dataset,attr.global.empty,WARN,20,1 global attribute(s) are present but empty. A reader cannot tell an empty value from an unanswered question.,omit the attribute or give it a value,experiment,ckae,climakitae,12.277
LOCA2,UCSD,HadGEM3-GC31-LL,historical,r2i1p1f3,day,hursmax,d03,s3://cadcat/loca2/ucsd/hadgem3-gc31-ll/historical/r2i1p1f3/day/hursmax/d03/,check_dataset,time.calendar,INFO,10,Calendar reported as 'proleptic_gregorian'.,,proleptic_gregorian,ckae,climakitae,12.277
LOCA2,UCSD,HadGEM3-GC31-LL,historical,r2i1p1f3,day,hursmax,d03,s3://cadcat/loca2/ucsd/hadgem3-gc31-ll/historical/r2i1p1f3/day/hursmax/d03/,check_dataset,time.bounds.match,OK,0,Axis 1950-01-01..2014-12-31 matches the convention.,,,ckae,climakitae,12.277
LOCA2,UCSD,HadGEM3-GC31-LL,historical,r2i1p1f3,day,hursmax,d03,s3://cadcat/loca2/ucsd/hadgem3-gc31-ll/historical/r2i1p1f3/day/hursmax/d03/,check_dataset,time.extent.match,OK,0,Time axis 1950-2014 matches the documented extent.,,,ckae,climakitae,12.277
LOCA2,UCSD,HadGEM3-GC31-LL,historical,r2i1p1f3,day,hursmax,d03,s3://cadcat/loca2/ucsd/hadgem3-gc31-ll/historical/r2i1p1f3/day/hursmax/d03/,check_dataset,time.frequency.match,OK,0,Median step 24.00 h is consistent with 'day'.,,,ckae,climakitae,12.277
LOCA2,UCSD,HadGEM3-GC31-LL,historical,r2i1p1f3,day,hursmax,d03,s3://cadcat/loca2/ucsd/hadgem3-gc31-ll/historical/r2i1p1f3/day/hursmax/d03/,check_dataset,time.gaps,INFO,10,"16 interval(s) fall outside the expected step for 'day'; largest is 48.0 h. This dataset came from a reader that aligns and combines stores, so the gap describes that processing rather than any published store. Re-check with the zarr backend.",24.0-24.0 h,"16 irregular, max 48.0 h",ckae,climakitae,12.277
LOCA2,UCSD,HadGEM3-GC31-LL,historical,r2i1p1f3,day,hursmax,d03,s3://cadcat/loca2/ucsd/hadgem3-gc31-ll/historical/r2i1p1f3/day/hursmax/d03/,check_dataset,time.leap.calendar_contradiction,INFO,10,"Calendar is 'proleptic_gregorian', which has leap days, but the axis contains no 29 February across 16 leap year(s) in range. The time coordinate and its own calendar attribute disagree; resampling or day-of-year alignment will drift by a day after each leap year.",29 Feb present (proleptic_gregorian),no 29 Feb,ckae,climakitae,12.277
LOCA2,UCSD,EC-Earth3,ssp245,r2i1p1f1,day,hursmax,d03,s3://cadcat/loca2/ucsd/ec-earth3/ssp245/r2i1p1f1/day/hursmax/d03/,check_dataset,dataset.aggregated,WARN,20,"This result combines several stores (sim=3) rather than being a single published dataset. Time alignment across members can drop dates that any one member lacks, so gaps and calendar findings here are properties of the aggregation, not of the archive.",one store per query,sim=3,ckae,climakitae,9.385
LOCA2,UCSD,EC-Earth3,ssp245,r2i1p1f1,day,hursmax,d03,s3://cadcat/loca2/ucsd/ec-earth3/ssp245/r2i1p1f1/day/hursmax/d03/,check_dataset,var.present,OK,0,Variable 'hursmax' present as named in the catalog.,,,ckae,climakitae,9.385
LOCA2,UCSD,EC-Earth3,ssp245,r2i1p1f1,day,hursmax,d03,s3://cadcat/loca2/ucsd/ec-earth3/ssp245/r2i1p1f1/day/hursmax/d03/,check_dataset,attr.var.long_name.missing,ERROR,30,Required variable attribute 'long_name' is missing or empty. The metadata standard sets units + long_name as the minimum.,long_name,,ckae,climakitae,9.385
LOCA2,UCSD,EC-Earth3,ssp245,r2i1p1f1,day,hursmax,d03,s3://cadcat/loca2/ucsd/ec-earth3/ssp245/r2i1p1f1/day/hursmax/d03/,check_dataset,attr.var.standard_name.missing,INFO,10,CF-recommended attribute 'standard_name' is absent.,standard_name,,ckae,climakitae,9.385
LOCA2,UCSD,EC-Earth3,ssp245,r2i1p1f1,day,hursmax,d03,s3://cadcat/loca2/ucsd/ec-earth3/ssp245/r2i1p1f1/day/hursmax/d03/,check_dataset,attr.var.cell_methods.missing,INFO,10,CF-recommended attribute 'cell_methods' is absent.,cell_methods,,ckae,climakitae,9.385
LOCA2,UCSD,EC-Earth3,ssp245,r2i1p1f1,day,hursmax,d03,s3://cadcat/loca2/ucsd/ec-earth3/ssp245/r2i1p1f1/day/hursmax/d03/,check_dataset,units.match,OK,0,units 'percent' match the reference table.,,,ckae,climakitae,9.385
LOCA2,UCSD,EC-Earth3,ssp245,r2i1p1f1,day,hursmax,d03,s3://cadcat/loca2/ucsd/ec-earth3/ssp245/r2i1p1f1/day/hursmax/d03/,check_dataset,grid.convention,INFO,10,"Store is on a geographic grid (['lat', 'lon', 'time']).",,geographic,ckae,climakitae,9.385
LOCA2,UCSD,EC-Earth3,ssp245,r2i1p1f1,day,hursmax,d03,s3://cadcat/loca2/ucsd/ec-earth3/ssp245/r2i1p1f1/day/hursmax/d03/,check_dataset,dims.extra,INFO,10,Data variable has extra dimensions.,,sim,ckae,climakitae,9.385
LOCA2,UCSD,EC-Earth3,ssp245,r2i1p1f1,day,hursmax,d03,s3://cadcat/loca2/ucsd/ec-earth3/ssp245/r2i1p1f1/day/hursmax/d03/,check_dataset,attr.global.recommended.missing,INFO,10,Missing 2 of 6 recommended global attributes; datasets are supposed to be self-describing.,"comment, history, institution, references, source, title","history, references",ckae,climakitae,9.385
LOCA2,UCSD,EC-Earth3,ssp245,r2i1p1f1,day,hursmax,d03,s3://cadcat/loca2/ucsd/ec-earth3/ssp245/r2i1p1f1/day/hursmax/d03/,check_dataset,attr.global.empty,WARN,20,1 global attribute(s) are present but empty. A reader cannot tell an empty value from an unanswered question.,omit the attribute or give it a value,experiment,ckae,climakitae,9.385
LOCA2,UCSD,EC-Earth3,ssp245,r2i1p1f1,day,hursmax,d03,s3://cadcat/loca2/ucsd/ec-earth3/ssp245/r2i1p1f1/day/hursmax/d03/,check_dataset,time.calendar,INFO,10,Calendar reported as 'proleptic_gregorian'.,,proleptic_gregorian,ckae,climakitae,9.385
LOCA2,UCSD,EC-Earth3,ssp245,r2i1p1f1,day,hursmax,d03,s3://cadcat/loca2/ucsd/ec-earth3/ssp245/r2i1p1f1/day/hursmax/d03/,check_dataset,time.bounds.match,OK,0,Axis 2015-01-01..2100-12-31 matches the convention.,,,ckae,climakitae,9.385
LOCA2,UCSD,EC-Earth3,ssp245,r2i1p1f1,day,hursmax,d03,s3://cadcat/loca2/ucsd/ec-earth3/ssp245/r2i1p1f1/day/hursmax/d03/,check_dataset,time.extent.match,OK,0,Time axis 2015-2100 matches the documented extent.,,,ckae,climakitae,9.385
LOCA2,UCSD,EC-Earth3,ssp245,r2i1p1f1,day,hursmax,d03,s3://cadcat/loca2/ucsd/ec-earth3/ssp245/r2i1p1f1/day/hursmax/d03/,check_dataset,time.frequency.match,OK,0,Median step 24.00 h is consistent with 'day'.,,,ckae,climakitae,9.385
LOCA2,UCSD,EC-Earth3,ssp245,r2i1p1f1,day,hursmax,d03,s3://cadcat/loca2/ucsd/ec-earth3/ssp245/r2i1p1f1/day/hursmax/d03/,check_dataset,time.gaps,INFO,10,"21 interval(s) fall outside the expected step for 'day'; largest is 48.0 h. This dataset came from a reader that aligns and combines stores, so the gap describes that processing rather than any published store. Re-check with the zarr backend.",24.0-24.0 h,"21 irregular, max 48.0 h",ckae,climakitae,9.385
LOCA2,UCSD,EC-Earth3,ssp245,r2i1p1f1,day,hursmax,d03,s3://cadcat/loca2/ucsd/ec-earth3/ssp245/r2i1p1f1/day/hursmax/d03/,check_dataset,time.leap.calendar_contradiction,INFO,10,"Calendar is 'proleptic_gregorian', which has leap days, but the axis contains no 29 February across 21 leap year(s) in range. The time coordinate and its own calendar attribute disagree; resampling or day-of-year alignment will drift by a day after each leap year.",29 Feb present (proleptic_gregorian),no 29 Feb,ckae,climakitae,9.385
LOCA2,UCSD,KACE-1-0-G,ssp370,r1i1p1f1,day,hursmax,d03,s3://cadcat/loca2/ucsd/kace-1-0-g/ssp370/r1i1p1f1/day/hursmax/d03/,check_dataset,dataset.aggregated,WARN,20,"This result combines several stores (sim=3) rather than being a single published dataset. Time alignment across members can drop dates that any one member lacks, so gaps and calendar findings here are properties of the aggregation, not of the archive.",one store per query,sim=3,ckae,climakitae,9.504
LOCA2,UCSD,KACE-1-0-G,ssp370,r1i1p1f1,day,hursmax,d03,s3://cadcat/loca2/ucsd/kace-1-0-g/ssp370/r1i1p1f1/day/hursmax/d03/,check_dataset,var.present,OK,0,Variable 'hursmax' present as named in the catalog.,,,ckae,climakitae,9.504
LOCA2,UCSD,KACE-1-0-G,ssp370,r1i1p1f1,day,hursmax,d03,s3://cadcat/loca2/ucsd/kace-1-0-g/ssp370/r1i1p1f1/day/hursmax/d03/,check_dataset,attr.var.long_name.missing,ERROR,30,Required variable attribute 'long_name' is missing or empty. The metadata standard sets units + long_name as the minimum.,long_name,,ckae,climakitae,9.504
LOCA2,UCSD,KACE-1-0-G,ssp370,r1i1p1f1,day,hursmax,d03,s3://cadcat/loca2/ucsd/kace-1-0-g/ssp370/r1i1p1f1/day/hursmax/d03/,check_dataset,attr.var.standard_name.missing,INFO,10,CF-recommended attribute 'standard_name' is absent.,standard_name,,ckae,climakitae,9.504
LOCA2,UCSD,KACE-1-0-G,ssp370,r1i1p1f1,day,hursmax,d03,s3://cadcat/loca2/ucsd/kace-1-0-g/ssp370/r1i1p1f1/day/hursmax/d03/,check_dataset,attr.var.cell_methods.missing,INFO,10,CF-recommended attribute 'cell_methods' is absent.,cell_methods,,ckae,climakitae,9.504
LOCA2,UCSD,KACE-1-0-G,ssp370,r1i1p1f1,day,hursmax,d03,s3://cadcat/loca2/ucsd/kace-1-0-g/ssp370/r1i1p1f1/day/hursmax/d03/,check_dataset,units.match,OK,0,units 'percent' match the reference table.,,,ckae,climakitae,9.504
LOCA2,UCSD,KACE-1-0-G,ssp370,r1i1p1f1,day,hursmax,d03,s3://cadcat/loca2/ucsd/kace-1-0-g/ssp370/r1i1p1f1/day/hursmax/d03/,check_dataset,grid.convention,INFO,10,"Store is on a geographic grid (['lat', 'lon', 'time']).",,geographic,ckae,climakitae,9.504
LOCA2,UCSD,KACE-1-0-G,ssp370,r1i1p1f1,day,hursmax,d03,s3://cadcat/loca2/ucsd/kace-1-0-g/ssp370/r1i1p1f1/day/hursmax/d03/,check_dataset,dims.extra,INFO,10,Data variable has extra dimensions.,,sim,ckae,climakitae,9.504
LOCA2,UCSD,KACE-1-0-G,ssp370,r1i1p1f1,day,hursmax,d03,s3://cadcat/loca2/ucsd/kace-1-0-g/ssp370/r1i1p1f1/day/hursmax/d03/,check_dataset,attr.global.recommended.missing,INFO,10,Missing 2 of 6 recommended global attributes; datasets are supposed to be self-describing.,"comment, history, institution, references, source, title","comment, history",ckae,climakitae,9.504
LOCA2,UCSD,KACE-1-0-G,ssp370,r1i1p1f1,day,hursmax,d03,s3://cadcat/loca2/ucsd/kace-1-0-g/ssp370/r1i1p1f1/day/hursmax/d03/,check_dataset,attr.global.empty,WARN,20,1 global attribute(s) are present but empty. A reader cannot tell an empty value from an unanswered question.,omit the attribute or give it a value,experiment,ckae,climakitae,9.504
LOCA2,UCSD,KACE-1-0-G,ssp370,r1i1p1f1,day,hursmax,d03,s3://cadcat/loca2/ucsd/kace-1-0-g/ssp370/r1i1p1f1/day/hursmax/d03/,check_dataset,time.calendar,INFO,10,Calendar reported as 'proleptic_gregorian'.,,proleptic_gregorian,ckae,climakitae,9.504
LOCA2,UCSD,KACE-1-0-G,ssp370,r1i1p1f1,day,hursmax,d03,s3://cadcat/loca2/ucsd/kace-1-0-g/ssp370/r1i1p1f1/day/hursmax/d03/,check_dataset,time.bounds.match,OK,0,Axis 2015-01-01..2100-12-31 matches the convention.,,,ckae,climakitae,9.504
LOCA2,UCSD,KACE-1-0-G,ssp370,r1i1p1f1,day,hursmax,d03,s3://cadcat/loca2/ucsd/kace-1-0-g/ssp370/r1i1p1f1/day/hursmax/d03/,check_dataset,time.extent.match,OK,0,Time axis 2015-2100 matches the documented extent.,,,ckae,climakitae,9.504
LOCA2,UCSD,KACE-1-0-G,ssp370,r1i1p1f1,day,hursmax,d03,s3://cadcat/loca2/ucsd/kace-1-0-g/ssp370/r1i1p1f1/day/hursmax/d03/,check_dataset,time.frequency.match,OK,0,Median step 24.00 h is consistent with 'day'.,,,ckae,climakitae,9.504
LOCA2,UCSD,KACE-1-0-G,ssp370,r1i1p1f1,day,hursmax,d03,s3://cadcat/loca2/ucsd/kace-1-0-g/ssp370/r1i1p1f1/day/hursmax/d03/,check_dataset,time.gaps,INFO,10,"21 interval(s) fall outside the expected step for 'day'; largest is 48.0 h. This dataset came from a reader that aligns and combines stores, so the gap describes that processing rather than any published store. Re-check with the zarr backend.",24.0-24.0 h,"21 irregular, max 48.0 h",ckae,climakitae,9.504
LOCA2,UCSD,KACE-1-0-G,ssp370,r1i1p1f1,day,hursmax,d03,s3://cadcat/loca2/ucsd/kace-1-0-g/ssp370/r1i1p1f1/day/hursmax/d03/,check_dataset,time.leap.calendar_contradiction,INFO,10,"Calendar is 'proleptic_gregorian', which has leap days, but the axis contains no 29 February across 21 leap year(s) in range. The time coordinate and its own calendar attribute disagree; resampling or day-of-year alignment will drift by a day after each leap year.",29 Feb present (proleptic_gregorian),no 29 Feb,ckae,climakitae,9.504
LOCA2,UCSD,EC-Earth3,ssp585,r3i1p1f1,day,hursmax,d03,s3://cadcat/loca2/ucsd/ec-earth3/ssp585/r3i1p1f1/day/hursmax/d03/,check_dataset,dataset.aggregated,WARN,20,"This result combines several stores (sim=3) rather than being a single published dataset. Time alignment across members can drop dates that any one member lacks, so gaps and calendar findings here are properties of the aggregation, not of the archive.",one store per query,sim=3,ckae,climakitae,12.824
LOCA2,UCSD,EC-Earth3,ssp585,r3i1p1f1,day,hursmax,d03,s3://cadcat/loca2/ucsd/ec-earth3/ssp585/r3i1p1f1/day/hursmax/d03/,check_dataset,var.present,OK,0,Variable 'hursmax' present as named in the catalog.,,,ckae,climakitae,12.824
LOCA2,UCSD,EC-Earth3,ssp585,r3i1p1f1,day,hursmax,d03,s3://cadcat/loca2/ucsd/ec-earth3/ssp585/r3i1p1f1/day/hursmax/d03/,check_dataset,attr.var.long_name.missing,ERROR,30,Required variable attribute 'long_name' is missing or empty. The metadata standard sets units + long_name as the minimum.,long_name,,ckae,climakitae,12.824
LOCA2,UCSD,EC-Earth3,ssp585,r3i1p1f1,day,hursmax,d03,s3://cadcat/loca2/ucsd/ec-earth3/ssp585/r3i1p1f1/day/hursmax/d03/,check_dataset,attr.var.standard_name.missing,INFO,10,CF-recommended attribute 'standard_name' is absent.,standard_name,,ckae,climakitae,12.824
LOCA2,UCSD,EC-Earth3,ssp585,r3i1p1f1,day,hursmax,d03,s3://cadcat/loca2/ucsd/ec-earth3/ssp585/r3i1p1f1/day/hursmax/d03/,check_dataset,attr.var.cell_methods.missing,INFO,10,CF-recommended attribute 'cell_methods' is absent.,cell_methods,,ckae,climakitae,12.824
LOCA2,UCSD,EC-Earth3,ssp585,r3i1p1f1,day,hursmax,d03,s3://cadcat/loca2/ucsd/ec-earth3/ssp585/r3i1p1f1/day/hursmax/d03/,check_dataset,units.match,OK,0,units 'percent' match the reference table.,,,ckae,climakitae,12.824
LOCA2,UCSD,EC-Earth3,ssp585,r3i1p1f1,day,hursmax,d03,s3://cadcat/loca2/ucsd/ec-earth3/ssp585/r3i1p1f1/day/hursmax/d03/,check_dataset,grid.convention,INFO,10,"Store is on a geographic grid (['lat', 'lon', 'time']).",,geographic,ckae,climakitae,12.824
LOCA2,UCSD,EC-Earth3,ssp585,r3i1p1f1,day,hursmax,d03,s3://cadcat/loca2/ucsd/ec-earth3/ssp585/r3i1p1f1/day/hursmax/d03/,check_dataset,dims.extra,INFO,10,Data variable has extra dimensions.,,sim,ckae,climakitae,12.824
LOCA2,UCSD,EC-Earth3,ssp585,r3i1p1f1,day,hursmax,d03,s3://cadcat/loca2/ucsd/ec-earth3/ssp585/r3i1p1f1/day/hursmax/d03/,check_dataset,attr.global.recommended.missing,INFO,10,Missing 2 of 6 recommended global attributes; datasets are supposed to be self-describing.,"comment, history, institution, references, source, title","history, references",ckae,climakitae,12.824
LOCA2,UCSD,EC-Earth3,ssp585,r3i1p1f1,day,hursmax,d03,s3://cadcat/loca2/ucsd/ec-earth3/ssp585/r3i1p1f1/day/hursmax/d03/,check_dataset,attr.global.empty,WARN,20,1 global attribute(s) are present but empty. A reader cannot tell an empty value from an unanswered question.,omit the attribute or give it a value,experiment,ckae,climakitae,12.824
LOCA2,UCSD,EC-Earth3,ssp585,r3i1p1f1,day,hursmax,d03,s3://cadcat/loca2/ucsd/ec-earth3/ssp585/r3i1p1f1/day/hursmax/d03/,check_dataset,time.calendar,INFO,10,Calendar reported as 'proleptic_gregorian'.,,proleptic_gregorian,ckae,climakitae,12.824
LOCA2,UCSD,EC-Earth3,ssp585,r3i1p1f1,day,hursmax,d03,s3://cadcat/loca2/ucsd/ec-earth3/ssp585/r3i1p1f1/day/hursmax/d03/,check_dataset,time.bounds.match,OK,0,Axis 2015-01-01..2100-12-31 matches the convention.,,,ckae,climakitae,12.824
LOCA2,UCSD,EC-Earth3,ssp585,r3i1p1f1,day,hursmax,d03,s3://cadcat/loca2/ucsd/ec-earth3/ssp585/r3i1p1f1/day/hursmax/d03/,check_dataset,time.extent.match,OK,0,Time axis 2015-2100 matches the documented extent.,,,ckae,climakitae,12.824
LOCA2,UCSD,EC-Earth3,ssp585,r3i1p1f1,day,hursmax,d03,s3://cadcat/loca2/ucsd/ec-earth3/ssp585/r3i1p1f1/day/hursmax/d03/,check_dataset,time.frequency.match,OK,0,Median step 24.00 h is consistent with 'day'.,,,ckae,climakitae,12.824
LOCA2,UCSD,EC-Earth3,ssp585,r3i1p1f1,day,hursmax,d03,s3://cadcat/loca2/ucsd/ec-earth3/ssp585/r3i1p1f1/day/hursmax/d03/,check_dataset,time.gaps,INFO,10,"21 interval(s) fall outside the expected step for 'day'; largest is 48.0 h. This dataset came from a reader that aligns and combines stores, so the gap describes that processing rather than any published store. Re-check with the zarr backend.",24.0-24.0 h,"21 irregular, max 48.0 h",ckae,climakitae,12.824
LOCA2,UCSD,EC-Earth3,ssp585,r3i1p1f1,day,hursmax,d03,s3://cadcat/loca2/ucsd/ec-earth3/ssp585/r3i1p1f1/day/hursmax/d03/,check_dataset,time.leap.calendar_contradiction,INFO,10,"Calendar is 'proleptic_gregorian', which has leap days, but the axis contains no 29 February across 21 leap year(s) in range. The time coordinate and its own calendar attribute disagree; resampling or day-of-year alignment will drift by a day after each leap year.",29 Feb present (proleptic_gregorian),no 29 Feb,ckae,climakitae,12.824
LOCA2,UCSD,HadGEM3-GC31-LL,historical,r2i1p1f3,day,hursmin,d03,s3://cadcat/loca2/ucsd/hadgem3-gc31-ll/historical/r2i1p1f3/day/hursmin/d03/,check_dataset,dataset.aggregated,WARN,20,"This result combines several stores (sim=3) rather than being a single published dataset. Time alignment across members can drop dates that any one member lacks, so gaps and calendar findings here are properties of the aggregation, not of the archive.",one store per query,sim=3,ckae,climakitae,9.249
LOCA2,UCSD,HadGEM3-GC31-LL,historical,r2i1p1f3,day,hursmin,d03,s3://cadcat/loca2/ucsd/hadgem3-gc31-ll/historical/r2i1p1f3/day/hursmin/d03/,check_dataset,var.present,OK,0,Variable 'hursmin' present as named in the catalog.,,,ckae,climakitae,9.249
LOCA2,UCSD,HadGEM3-GC31-LL,historical,r2i1p1f3,day,hursmin,d03,s3://cadcat/loca2/ucsd/hadgem3-gc31-ll/historical/r2i1p1f3/day/hursmin/d03/,check_dataset,attr.var.long_name.missing,ERROR,30,Required variable attribute 'long_name' is missing or empty. The metadata standard sets units + long_name as the minimum.,long_name,,ckae,climakitae,9.249
LOCA2,UCSD,HadGEM3-GC31-LL,historical,r2i1p1f3,day,hursmin,d03,s3://cadcat/loca2/ucsd/hadgem3-gc31-ll/historical/r2i1p1f3/day/hursmin/d03/,check_dataset,attr.var.standard_name.missing,INFO,10,CF-recommended attribute 'standard_name' is absent.,standard_name,,ckae,climakitae,9.249
LOCA2,UCSD,HadGEM3-GC31-LL,historical,r2i1p1f3,day,hursmin,d03,s3://cadcat/loca2/ucsd/hadgem3-gc31-ll/historical/r2i1p1f3/day/hursmin/d03/,check_dataset,attr.var.cell_methods.missing,INFO,10,CF-recommended attribute 'cell_methods' is absent.,cell_methods,,ckae,climakitae,9.249
LOCA2,UCSD,HadGEM3-GC31-LL,historical,r2i1p1f3,day,hursmin,d03,s3://cadcat/loca2/ucsd/hadgem3-gc31-ll/historical/r2i1p1f3/day/hursmin/d03/,check_dataset,units.match,OK,0,units 'percent' match the reference table.,,,ckae,climakitae,9.249
LOCA2,UCSD,HadGEM3-GC31-LL,historical,r2i1p1f3,day,hursmin,d03,s3://cadcat/loca2/ucsd/hadgem3-gc31-ll/historical/r2i1p1f3/day/hursmin/d03/,check_dataset,grid.convention,INFO,10,"Store is on a geographic grid (['lat', 'lon', 'time']).",,geographic,ckae,climakitae,9.249
LOCA2,UCSD,HadGEM3-GC31-LL,historical,r2i1p1f3,day,hursmin,d03,s3://cadcat/loca2/ucsd/hadgem3-gc31-ll/historical/r2i1p1f3/day/hursmin/d03/,check_dataset,dims.extra,INFO,10,Data variable has extra dimensions.,,sim,ckae,climakitae,9.249
LOCA2,UCSD,HadGEM3-GC31-LL,historical,r2i1p1f3,day,hursmin,d03,s3://cadcat/loca2/ucsd/hadgem3-gc31-ll/historical/r2i1p1f3/day/hursmin/d03/,check_dataset,attr.global.recommended.missing,INFO,10,Missing 3 of 6 recommended global attributes; datasets are supposed to be self-describing.,"comment, history, institution, references, source, title","comment, history, references",ckae,climakitae,9.249
LOCA2,UCSD,HadGEM3-GC31-LL,historical,r2i1p1f3,day,hursmin,d03,s3://cadcat/loca2/ucsd/hadgem3-gc31-ll/historical/r2i1p1f3/day/hursmin/d03/,check_dataset,time.calendar,INFO,10,Calendar reported as 'proleptic_gregorian'.,,proleptic_gregorian,ckae,climakitae,9.249
LOCA2,UCSD,HadGEM3-GC31-LL,historical,r2i1p1f3,day,hursmin,d03,s3://cadcat/loca2/ucsd/hadgem3-gc31-ll/historical/r2i1p1f3/day/hursmin/d03/,check_dataset,time.bounds.match,OK,0,Axis 1950-01-01..2014-12-31 matches the convention.,,,ckae,climakitae,9.249
LOCA2,UCSD,HadGEM3-GC31-LL,historical,r2i1p1f3,day,hursmin,d03,s3://cadcat/loca2/ucsd/hadgem3-gc31-ll/historical/r2i1p1f3/day/hursmin/d03/,check_dataset,time.extent.match,OK,0,Time axis 1950-2014 matches the documented extent.,,,ckae,climakitae,9.249
LOCA2,UCSD,HadGEM3-GC31-LL,historical,r2i1p1f3,day,hursmin,d03,s3://cadcat/loca2/ucsd/hadgem3-gc31-ll/historical/r2i1p1f3/day/hursmin/d03/,check_dataset,time.frequency.match,OK,0,Median step 24.00 h is consistent with 'day'.,,,ckae,climakitae,9.249
LOCA2,UCSD,HadGEM3-GC31-LL,historical,r2i1p1f3,day,hursmin,d03,s3://cadcat/loca2/ucsd/hadgem3-gc31-ll/historical/r2i1p1f3/day/hursmin/d03/,check_dataset,time.gaps,INFO,10,"16 interval(s) fall outside the expected step for 'day'; largest is 48.0 h. This dataset came from a reader that aligns and combines stores, so the gap describes that processing rather than any published store. Re-check with the zarr backend.",24.0-24.0 h,"16 irregular, max 48.0 h",ckae,climakitae,9.249
LOCA2,UCSD,HadGEM3-GC31-LL,historical,r2i1p1f3,day,hursmin,d03,s3://cadcat/loca2/ucsd/hadgem3-gc31-ll/historical/r2i1p1f3/day/hursmin/d03/,check_dataset,time.leap.calendar_contradiction,INFO,10,"Calendar is 'proleptic_gregorian', which has leap days, but the axis contains no 29 February across 16 leap year(s) in range. The time coordinate and its own calendar attribute disagree; resampling or day-of-year alignment will drift by a day after each leap year.",29 Feb present (proleptic_gregorian),no 29 Feb,ckae,climakitae,9.249
LOCA2,UCSD,EC-Earth3,ssp245,r2i1p1f1,day,hursmin,d03,s3://cadcat/loca2/ucsd/ec-earth3/ssp245/r2i1p1f1/day/hursmin/d03/,check_dataset,dataset.aggregated,WARN,20,"This result combines several stores (sim=3) rather than being a single published dataset. Time alignment across members can drop dates that any one member lacks, so gaps and calendar findings here are properties of the aggregation, not of the archive.",one store per query,sim=3,ckae,climakitae,10.603
LOCA2,UCSD,EC-Earth3,ssp245,r2i1p1f1,day,hursmin,d03,s3://cadcat/loca2/ucsd/ec-earth3/ssp245/r2i1p1f1/day/hursmin/d03/,check_dataset,var.present,OK,0,Variable 'hursmin' present as named in the catalog.,,,ckae,climakitae,10.603
LOCA2,UCSD,EC-Earth3,ssp245,r2i1p1f1,day,hursmin,d03,s3://cadcat/loca2/ucsd/ec-earth3/ssp245/r2i1p1f1/day/hursmin/d03/,check_dataset,attr.var.long_name.missing,ERROR,30,Required variable attribute 'long_name' is missing or empty. The metadata standard sets units + long_name as the minimum.,long_name,,ckae,climakitae,10.603
LOCA2,UCSD,EC-Earth3,ssp245,r2i1p1f1,day,hursmin,d03,s3://cadcat/loca2/ucsd/ec-earth3/ssp245/r2i1p1f1/day/hursmin/d03/,check_dataset,attr.var.standard_name.missing,INFO,10,CF-recommended attribute 'standard_name' is absent.,standard_name,,ckae,climakitae,10.603
LOCA2,UCSD,EC-Earth3,ssp245,r2i1p1f1,day,hursmin,d03,s3://cadcat/loca2/ucsd/ec-earth3/ssp245/r2i1p1f1/day/hursmin/d03/,check_dataset,attr.var.cell_methods.missing,INFO,10,CF-recommended attribute 'cell_methods' is absent.,cell_methods,,ckae,climakitae,10.603
LOCA2,UCSD,EC-Earth3,ssp245,r2i1p1f1,day,hursmin,d03,s3://cadcat/loca2/ucsd/ec-earth3/ssp245/r2i1p1f1/day/hursmin/d03/,check_dataset,units.match,OK,0,units 'percent' match the reference table.,,,ckae,climakitae,10.603
LOCA2,UCSD,EC-Earth3,ssp245,r2i1p1f1,day,hursmin,d03,s3://cadcat/loca2/ucsd/ec-earth3/ssp245/r2i1p1f1/day/hursmin/d03/,check_dataset,grid.convention,INFO,10,"Store is on a geographic grid (['lat', 'lon', 'time']).",,geographic,ckae,climakitae,10.603
LOCA2,UCSD,EC-Earth3,ssp245,r2i1p1f1,day,hursmin,d03,s3://cadcat/loca2/ucsd/ec-earth3/ssp245/r2i1p1f1/day/hursmin/d03/,check_dataset,dims.extra,INFO,10,Data variable has extra dimensions.,,sim,ckae,climakitae,10.603
LOCA2,UCSD,EC-Earth3,ssp245,r2i1p1f1,day,hursmin,d03,s3://cadcat/loca2/ucsd/ec-earth3/ssp245/r2i1p1f1/day/hursmin/d03/,check_dataset,attr.global.recommended.missing,INFO,10,Missing 2 of 6 recommended global attributes; datasets are supposed to be self-describing.,"comment, history, institution, references, source, title","history, references",ckae,climakitae,10.603
LOCA2,UCSD,EC-Earth3,ssp245,r2i1p1f1,day,hursmin,d03,s3://cadcat/loca2/ucsd/ec-earth3/ssp245/r2i1p1f1/day/hursmin/d03/,check_dataset,time.calendar,INFO,10,Calendar reported as 'proleptic_gregorian'.,,proleptic_gregorian,ckae,climakitae,10.603
LOCA2,UCSD,EC-Earth3,ssp245,r2i1p1f1,day,hursmin,d03,s3://cadcat/loca2/ucsd/ec-earth3/ssp245/r2i1p1f1/day/hursmin/d03/,check_dataset,time.bounds.match,OK,0,Axis 2015-01-01..2100-12-31 matches the convention.,,,ckae,climakitae,10.603
LOCA2,UCSD,EC-Earth3,ssp245,r2i1p1f1,day,hursmin,d03,s3://cadcat/loca2/ucsd/ec-earth3/ssp245/r2i1p1f1/day/hursmin/d03/,check_dataset,time.extent.match,OK,0,Time axis 2015-2100 matches the documented extent.,,,ckae,climakitae,10.603
LOCA2,UCSD,EC-Earth3,ssp245,r2i1p1f1,day,hursmin,d03,s3://cadcat/loca2/ucsd/ec-earth3/ssp245/r2i1p1f1/day/hursmin/d03/,check_dataset,time.frequency.match,OK,0,Median step 24.00 h is consistent with 'day'.,,,ckae,climakitae,10.603
LOCA2,UCSD,EC-Earth3,ssp245,r2i1p1f1,day,hursmin,d03,s3://cadcat/loca2/ucsd/ec-earth3/ssp245/r2i1p1f1/day/hursmin/d03/,check_dataset,time.gaps,INFO,10,"21 interval(s) fall outside the expected step for 'day'; largest is 48.0 h. This dataset came from a reader that aligns and combines stores, so the gap describes that processing rather than any published store. Re-check with the zarr backend.",24.0-24.0 h,"21 irregular, max 48.0 h",ckae,climakitae,10.603
LOCA2,UCSD,EC-Earth3,ssp245,r2i1p1f1,day,hursmin,d03,s3://cadcat/loca2/ucsd/ec-earth3/ssp245/r2i1p1f1/day/hursmin/d03/,check_dataset,time.leap.calendar_contradiction,INFO,10,"Calendar is 'proleptic_gregorian', which has leap days, but the axis contains no 29 February across 21 leap year(s) in range. The time coordinate and its own calendar attribute disagree; resampling or day-of-year alignment will drift by a day after each leap year.",29 Feb present (proleptic_gregorian),no 29 Feb,ckae,climakitae,10.603
LOCA2,UCSD,KACE-1-0-G,ssp370,r1i1p1f1,day,hursmin,d03,s3://cadcat/loca2/ucsd/kace-1-0-g/ssp370/r1i1p1f1/day/hursmin/d03/,check_dataset,dataset.aggregated,WARN,20,"This result combines several stores (sim=3) rather than being a single published dataset. Time alignment across members can drop dates that any one member lacks, so gaps and calendar findings here are properties of the aggregation, not of the archive.",one store per query,sim=3,ckae,climakitae,14.041
LOCA2,UCSD,KACE-1-0-G,ssp370,r1i1p1f1,day,hursmin,d03,s3://cadcat/loca2/ucsd/kace-1-0-g/ssp370/r1i1p1f1/day/hursmin/d03/,check_dataset,var.present,OK,0,Variable 'hursmin' present as named in the catalog.,,,ckae,climakitae,14.041
LOCA2,UCSD,KACE-1-0-G,ssp370,r1i1p1f1,day,hursmin,d03,s3://cadcat/loca2/ucsd/kace-1-0-g/ssp370/r1i1p1f1/day/hursmin/d03/,check_dataset,attr.var.long_name.missing,ERROR,30,Required variable attribute 'long_name' is missing or empty. The metadata standard sets units + long_name as the minimum.,long_name,,ckae,climakitae,14.041
LOCA2,UCSD,KACE-1-0-G,ssp370,r1i1p1f1,day,hursmin,d03,s3://cadcat/loca2/ucsd/kace-1-0-g/ssp370/r1i1p1f1/day/hursmin/d03/,check_dataset,attr.var.standard_name.missing,INFO,10,CF-recommended attribute 'standard_name' is absent.,standard_name,,ckae,climakitae,14.041
LOCA2,UCSD,KACE-1-0-G,ssp370,r1i1p1f1,day,hursmin,d03,s3://cadcat/loca2/ucsd/kace-1-0-g/ssp370/r1i1p1f1/day/hursmin/d03/,check_dataset,attr.var.cell_methods.missing,INFO,10,CF-recommended attribute 'cell_methods' is absent.,cell_methods,,ckae,climakitae,14.041
LOCA2,UCSD,KACE-1-0-G,ssp370,r1i1p1f1,day,hursmin,d03,s3://cadcat/loca2/ucsd/kace-1-0-g/ssp370/r1i1p1f1/day/hursmin/d03/,check_dataset,units.match,OK,0,units 'percent' match the reference table.,,,ckae,climakitae,14.041
LOCA2,UCSD,KACE-1-0-G,ssp370,r1i1p1f1,day,hursmin,d03,s3://cadcat/loca2/ucsd/kace-1-0-g/ssp370/r1i1p1f1/day/hursmin/d03/,check_dataset,grid.convention,INFO,10,"Store is on a geographic grid (['lat', 'lon', 'time']).",,geographic,ckae,climakitae,14.041
LOCA2,UCSD,KACE-1-0-G,ssp370,r1i1p1f1,day,hursmin,d03,s3://cadcat/loca2/ucsd/kace-1-0-g/ssp370/r1i1p1f1/day/hursmin/d03/,check_dataset,dims.extra,INFO,10,Data variable has extra dimensions.,,sim,ckae,climakitae,14.041
LOCA2,UCSD,KACE-1-0-G,ssp370,r1i1p1f1,day,hursmin,d03,s3://cadcat/loca2/ucsd/kace-1-0-g/ssp370/r1i1p1f1/day/hursmin/d03/,check_dataset,attr.global.recommended.missing,INFO,10,Missing 2 of 6 recommended global attributes; datasets are supposed to be self-describing.,"comment, history, institution, references, source, title","comment, history",ckae,climakitae,14.041
LOCA2,UCSD,KACE-1-0-G,ssp370,r1i1p1f1,day,hursmin,d03,s3://cadcat/loca2/ucsd/kace-1-0-g/ssp370/r1i1p1f1/day/hursmin/d03/,check_dataset,time.calendar,INFO,10,Calendar reported as 'proleptic_gregorian'.,,proleptic_gregorian,ckae,climakitae,14.041
LOCA2,UCSD,KACE-1-0-G,ssp370,r1i1p1f1,day,hursmin,d03,s3://cadcat/loca2/ucsd/kace-1-0-g/ssp370/r1i1p1f1/day/hursmin/d03/,check_dataset,time.bounds.match,OK,0,Axis 2015-01-01..2100-12-31 matches the convention.,,,ckae,climakitae,14.041
LOCA2,UCSD,KACE-1-0-G,ssp370,r1i1p1f1,day,hursmin,d03,s3://cadcat/loca2/ucsd/kace-1-0-g/ssp370/r1i1p1f1/day/hursmin/d03/,check_dataset,time.extent.match,OK,0,Time axis 2015-2100 matches the documented extent.,,,ckae,climakitae,14.041
LOCA2,UCSD,KACE-1-0-G,ssp370,r1i1p1f1,day,hursmin,d03,s3://cadcat/loca2/ucsd/kace-1-0-g/ssp370/r1i1p1f1/day/hursmin/d03/,check_dataset,time.frequency.match,OK,0,Median step 24.00 h is consistent with 'day'.,,,ckae,climakitae,14.041
LOCA2,UCSD,KACE-1-0-G,ssp370,r1i1p1f1,day,hursmin,d03,s3://cadcat/loca2/ucsd/kace-1-0-g/ssp370/r1i1p1f1/day/hursmin/d03/,check_dataset,time.gaps,INFO,10,"21 interval(s) fall outside the expected step for 'day'; largest is 48.0 h. This dataset came from a reader that aligns and combines stores, so the gap describes that processing rather than any published store. Re-check with the zarr backend.",24.0-24.0 h,"21 irregular, max 48.0 h",ckae,climakitae,14.041
LOCA2,UCSD,KACE-1-0-G,ssp370,r1i1p1f1,day,hursmin,d03,s3://cadcat/loca2/ucsd/kace-1-0-g/ssp370/r1i1p1f1/day/hursmin/d03/,check_dataset,time.leap.calendar_contradiction,INFO,10,"Calendar is 'proleptic_gregorian', which has leap days, but the axis contains no 29 February across 21 leap year(s) in range. The time coordinate and its own calendar attribute disagree; resampling or day-of-year alignment will drift by a day after each leap year.",29 Feb present (proleptic_gregorian),no 29 Feb,ckae,climakitae,14.041
LOCA2,UCSD,EC-Earth3,ssp585,r3i1p1f1,day,hursmin,d03,s3://cadcat/loca2/ucsd/ec-earth3/ssp585/r3i1p1f1/day/hursmin/d03/,check_dataset,dataset.aggregated,WARN,20,"This result combines several stores (sim=3) rather than being a single published dataset. Time alignment across members can drop dates that any one member lacks, so gaps and calendar findings here are properties of the aggregation, not of the archive.",one store per query,sim=3,ckae,climakitae,12.716
LOCA2,UCSD,EC-Earth3,ssp585,r3i1p1f1,day,hursmin,d03,s3://cadcat/loca2/ucsd/ec-earth3/ssp585/r3i1p1f1/day/hursmin/d03/,check_dataset,var.present,OK,0,Variable 'hursmin' present as named in the catalog.,,,ckae,climakitae,12.716
LOCA2,UCSD,EC-Earth3,ssp585,r3i1p1f1,day,hursmin,d03,s3://cadcat/loca2/ucsd/ec-earth3/ssp585/r3i1p1f1/day/hursmin/d03/,check_dataset,attr.var.long_name.missing,ERROR,30,Required variable attribute 'long_name' is missing or empty. The metadata standard sets units + long_name as the minimum.,long_name,,ckae,climakitae,12.716
LOCA2,UCSD,EC-Earth3,ssp585,r3i1p1f1,day,hursmin,d03,s3://cadcat/loca2/ucsd/ec-earth3/ssp585/r3i1p1f1/day/hursmin/d03/,check_dataset,attr.var.standard_name.missing,INFO,10,CF-recommended attribute 'standard_name' is absent.,standard_name,,ckae,climakitae,12.716
LOCA2,UCSD,EC-Earth3,ssp585,r3i1p1f1,day,hursmin,d03,s3://cadcat/loca2/ucsd/ec-earth3/ssp585/r3i1p1f1/day/hursmin/d03/,check_dataset,attr.var.cell_methods.missing,INFO,10,CF-recommended attribute 'cell_methods' is absent.,cell_methods,,ckae,climakitae,12.716
LOCA2,UCSD,EC-Earth3,ssp585,r3i1p1f1,day,hursmin,d03,s3://cadcat/loca2/ucsd/ec-earth3/ssp585/r3i1p1f1/day/hursmin/d03/,check_dataset,units.match,OK,0,units 'percent' match the reference table.,,,ckae,climakitae,12.716
LOCA2,UCSD,EC-Earth3,ssp585,r3i1p1f1,day,hursmin,d03,s3://cadcat/loca2/ucsd/ec-earth3/ssp585/r3i1p1f1/day/hursmin/d03/,check_dataset,grid.convention,INFO,10,"Store is on a geographic grid (['lat', 'lon', 'time']).",,geographic,ckae,climakitae,12.716
LOCA2,UCSD,EC-Earth3,ssp585,r3i1p1f1,day,hursmin,d03,s3://cadcat/loca2/ucsd/ec-earth3/ssp585/r3i1p1f1/day/hursmin/d03/,check_dataset,dims.extra,INFO,10,Data variable has extra dimensions.,,sim,ckae,climakitae,12.716
LOCA2,UCSD,EC-Earth3,ssp585,r3i1p1f1,day,hursmin,d03,s3://cadcat/loca2/ucsd/ec-earth3/ssp585/r3i1p1f1/day/hursmin/d03/,check_dataset,attr.global.recommended.missing,INFO,10,Missing 2 of 6 recommended global attributes; datasets are supposed to be self-describing.,"comment, history, institution, references, source, title","history, references",ckae,climakitae,12.716
LOCA2,UCSD,EC-Earth3,ssp585,r3i1p1f1,day,hursmin,d03,s3://cadcat/loca2/ucsd/ec-earth3/ssp585/r3i1p1f1/day/hursmin/d03/,check_dataset,time.calendar,INFO,10,Calendar reported as 'proleptic_gregorian'.,,proleptic_gregorian,ckae,climakitae,12.716
LOCA2,UCSD,EC-Earth3,ssp585,r3i1p1f1,day,hursmin,d03,s3://cadcat/loca2/ucsd/ec-earth3/ssp585/r3i1p1f1/day/hursmin/d03/,check_dataset,time.bounds.match,OK,0,Axis 2015-01-01..2100-12-31 matches the convention.,,,ckae,climakitae,12.716
LOCA2,UCSD,EC-Earth3,ssp585,r3i1p1f1,day,hursmin,d03,s3://cadcat/loca2/ucsd/ec-earth3/ssp585/r3i1p1f1/day/hursmin/d03/,check_dataset,time.extent.match,OK,0,Time axis 2015-2100 matches the documented extent.,,,ckae,climakitae,12.716
LOCA2,UCSD,EC-Earth3,ssp585,r3i1p1f1,day,hursmin,d03,s3://cadcat/loca2/ucsd/ec-earth3/ssp585/r3i1p1f1/day/hursmin/d03/,check_dataset,time.frequency.match,OK,0,Median step 24.00 h is consistent with 'day'.,,,ckae,climakitae,12.716
LOCA2,UCSD,EC-Earth3,ssp585,r3i1p1f1,day,hursmin,d03,s3://cadcat/loca2/ucsd/ec-earth3/ssp585/r3i1p1f1/day/hursmin/d03/,check_dataset,time.gaps,INFO,10,"21 interval(s) fall outside the expected step for 'day'; largest is 48.0 h. This dataset came from a reader that aligns and combines stores, so the gap describes that processing rather than any published store. Re-check with the zarr backend.",24.0-24.0 h,"21 irregular, max 48.0 h",ckae,climakitae,12.716
LOCA2,UCSD,EC-Earth3,ssp585,r3i1p1f1,day,hursmin,d03,s3://cadcat/loca2/ucsd/ec-earth3/ssp585/r3i1p1f1/day/hursmin/d03/,check_dataset,time.leap.calendar_contradiction,INFO,10,"Calendar is 'proleptic_gregorian', which has leap days, but the axis contains no 29 February across 21 leap year(s) in range. The time coordinate and its own calendar attribute disagree; resampling or day-of-year alignment will drift by a day after each leap year.",29 Feb present (proleptic_gregorian),no 29 Feb,ckae,climakitae,12.716
LOCA2,UCSD,INM-CM5-0,historical,r2i1p1f1,day,huss,d03,s3://cadcat/loca2/ucsd/inm-cm5-0/historical/r2i1p1f1/day/huss/d03/,check_dataset,dataset.aggregated,WARN,20,"This result combines several stores (sim=5) rather than being a single published dataset. Time alignment across members can drop dates that any one member lacks, so gaps and calendar findings here are properties of the aggregation, not of the archive.",one store per query,sim=5,ckae,climakitae,15.023
LOCA2,UCSD,INM-CM5-0,historical,r2i1p1f1,day,huss,d03,s3://cadcat/loca2/ucsd/inm-cm5-0/historical/r2i1p1f1/day/huss/d03/,check_dataset,var.present,OK,0,Variable 'huss' present as named in the catalog.,,,ckae,climakitae,15.023
LOCA2,UCSD,INM-CM5-0,historical,r2i1p1f1,day,huss,d03,s3://cadcat/loca2/ucsd/inm-cm5-0/historical/r2i1p1f1/day/huss/d03/,check_dataset,attr.var.standard_name.missing,INFO,10,CF-recommended attribute 'standard_name' is absent.,standard_name,,ckae,climakitae,15.023
LOCA2,UCSD,INM-CM5-0,historical,r2i1p1f1,day,huss,d03,s3://cadcat/loca2/ucsd/inm-cm5-0/historical/r2i1p1f1/day/huss/d03/,check_dataset,attr.var.cell_methods.missing,INFO,10,CF-recommended attribute 'cell_methods' is absent.,cell_methods,,ckae,climakitae,15.023
LOCA2,UCSD,INM-CM5-0,historical,r2i1p1f1,day,huss,d03,s3://cadcat/loca2/ucsd/inm-cm5-0/historical/r2i1p1f1/day/huss/d03/,check_dataset,units.match,OK,0,units '1' match the reference table.,,,ckae,climakitae,15.023
LOCA2,UCSD,INM-CM5-0,historical,r2i1p1f1,day,huss,d03,s3://cadcat/loca2/ucsd/inm-cm5-0/historical/r2i1p1f1/day/huss/d03/,check_dataset,long_name.differs,INFO,10,long_name differs from the reference table display name.,Specific humidity at 2m,huss,ckae,climakitae,15.023
LOCA2,UCSD,INM-CM5-0,historical,r2i1p1f1,day,huss,d03,s3://cadcat/loca2/ucsd/inm-cm5-0/historical/r2i1p1f1/day/huss/d03/,check_dataset,grid.convention,INFO,10,"Store is on a geographic grid (['lat', 'lon', 'time']).",,geographic,ckae,climakitae,15.023
LOCA2,UCSD,INM-CM5-0,historical,r2i1p1f1,day,huss,d03,s3://cadcat/loca2/ucsd/inm-cm5-0/historical/r2i1p1f1/day/huss/d03/,check_dataset,dims.extra,INFO,10,Data variable has extra dimensions.,,sim,ckae,climakitae,15.023
LOCA2,UCSD,INM-CM5-0,historical,r2i1p1f1,day,huss,d03,s3://cadcat/loca2/ucsd/inm-cm5-0/historical/r2i1p1f1/day/huss/d03/,check_dataset,attr.global.recommended.missing,INFO,10,Missing 2 of 6 recommended global attributes; datasets are supposed to be self-describing.,"comment, history, institution, references, source, title","comment, history",ckae,climakitae,15.023
LOCA2,UCSD,INM-CM5-0,historical,r2i1p1f1,day,huss,d03,s3://cadcat/loca2/ucsd/inm-cm5-0/historical/r2i1p1f1/day/huss/d03/,check_dataset,attr.global.empty,WARN,20,1 global attribute(s) are present but empty. A reader cannot tell an empty value from an unanswered question.,omit the attribute or give it a value,experiment,ckae,climakitae,15.023
LOCA2,UCSD,INM-CM5-0,historical,r2i1p1f1,day,huss,d03,s3://cadcat/loca2/ucsd/inm-cm5-0/historical/r2i1p1f1/day/huss/d03/,check_dataset,time.calendar,INFO,10,Calendar reported as 'proleptic_gregorian'.,,proleptic_gregorian,ckae,climakitae,15.023
LOCA2,UCSD,INM-CM5-0,historical,r2i1p1f1,day,huss,d03,s3://cadcat/loca2/ucsd/inm-cm5-0/historical/r2i1p1f1/day/huss/d03/,check_dataset,time.bounds.match,OK,0,Axis 1950-01-01..2014-12-31 matches the convention.,,,ckae,climakitae,15.023
LOCA2,UCSD,INM-CM5-0,historical,r2i1p1f1,day,huss,d03,s3://cadcat/loca2/ucsd/inm-cm5-0/historical/r2i1p1f1/day/huss/d03/,check_dataset,time.extent.match,OK,0,Time axis 1950-2014 matches the documented extent.,,,ckae,climakitae,15.023
LOCA2,UCSD,INM-CM5-0,historical,r2i1p1f1,day,huss,d03,s3://cadcat/loca2/ucsd/inm-cm5-0/historical/r2i1p1f1/day/huss/d03/,check_dataset,time.frequency.match,OK,0,Median step 24.00 h is consistent with 'day'.,,,ckae,climakitae,15.023
LOCA2,UCSD,INM-CM5-0,historical,r2i1p1f1,day,huss,d03,s3://cadcat/loca2/ucsd/inm-cm5-0/historical/r2i1p1f1/day/huss/d03/,check_dataset,time.gaps,INFO,10,"16 interval(s) fall outside the expected step for 'day'; largest is 48.0 h. This dataset came from a reader that aligns and combines stores, so the gap describes that processing rather than any published store. Re-check with the zarr backend.",24.0-24.0 h,"16 irregular, max 48.0 h",ckae,climakitae,15.023
LOCA2,UCSD,INM-CM5-0,historical,r2i1p1f1,day,huss,d03,s3://cadcat/loca2/ucsd/inm-cm5-0/historical/r2i1p1f1/day/huss/d03/,check_dataset,time.leap.calendar_contradiction,INFO,10,"Calendar is 'proleptic_gregorian', which has leap days, but the axis contains no 29 February across 16 leap year(s) in range. The time coordinate and its own calendar attribute disagree; resampling or day-of-year alignment will drift by a day after each leap year.",29 Feb present (proleptic_gregorian),no 29 Feb,ckae,climakitae,15.023
LOCA2,UCSD,EC-Earth3-Veg,ssp245,r5i1p1f1,day,huss,d03,s3://cadcat/loca2/ucsd/ec-earth3-veg/ssp245/r5i1p1f1/day/huss/d03/,check_dataset,dataset.aggregated,WARN,20,"This result combines several stores (sim=5) rather than being a single published dataset. Time alignment across members can drop dates that any one member lacks, so gaps and calendar findings here are properties of the aggregation, not of the archive.",one store per query,sim=5,ckae,climakitae,15.095
LOCA2,UCSD,EC-Earth3-Veg,ssp245,r5i1p1f1,day,huss,d03,s3://cadcat/loca2/ucsd/ec-earth3-veg/ssp245/r5i1p1f1/day/huss/d03/,check_dataset,var.present,OK,0,Variable 'huss' present as named in the catalog.,,,ckae,climakitae,15.095
LOCA2,UCSD,EC-Earth3-Veg,ssp245,r5i1p1f1,day,huss,d03,s3://cadcat/loca2/ucsd/ec-earth3-veg/ssp245/r5i1p1f1/day/huss/d03/,check_dataset,attr.var.standard_name.missing,INFO,10,CF-recommended attribute 'standard_name' is absent.,standard_name,,ckae,climakitae,15.095
LOCA2,UCSD,EC-Earth3-Veg,ssp245,r5i1p1f1,day,huss,d03,s3://cadcat/loca2/ucsd/ec-earth3-veg/ssp245/r5i1p1f1/day/huss/d03/,check_dataset,attr.var.cell_methods.missing,INFO,10,CF-recommended attribute 'cell_methods' is absent.,cell_methods,,ckae,climakitae,15.095
LOCA2,UCSD,EC-Earth3-Veg,ssp245,r5i1p1f1,day,huss,d03,s3://cadcat/loca2/ucsd/ec-earth3-veg/ssp245/r5i1p1f1/day/huss/d03/,check_dataset,units.match,OK,0,units '1' match the reference table.,,,ckae,climakitae,15.095
LOCA2,UCSD,EC-Earth3-Veg,ssp245,r5i1p1f1,day,huss,d03,s3://cadcat/loca2/ucsd/ec-earth3-veg/ssp245/r5i1p1f1/day/huss/d03/,check_dataset,long_name.differs,INFO,10,long_name differs from the reference table display name.,Specific humidity at 2m,huss,ckae,climakitae,15.095
LOCA2,UCSD,EC-Earth3-Veg,ssp245,r5i1p1f1,day,huss,d03,s3://cadcat/loca2/ucsd/ec-earth3-veg/ssp245/r5i1p1f1/day/huss/d03/,check_dataset,grid.convention,INFO,10,"Store is on a geographic grid (['lat', 'lon', 'time']).",,geographic,ckae,climakitae,15.095
LOCA2,UCSD,EC-Earth3-Veg,ssp245,r5i1p1f1,day,huss,d03,s3://cadcat/loca2/ucsd/ec-earth3-veg/ssp245/r5i1p1f1/day/huss/d03/,check_dataset,dims.extra,INFO,10,Data variable has extra dimensions.,,sim,ckae,climakitae,15.095
LOCA2,UCSD,EC-Earth3-Veg,ssp245,r5i1p1f1,day,huss,d03,s3://cadcat/loca2/ucsd/ec-earth3-veg/ssp245/r5i1p1f1/day/huss/d03/,check_dataset,attr.global.recommended.missing,INFO,10,Missing 3 of 6 recommended global attributes; datasets are supposed to be self-describing.,"comment, history, institution, references, source, title","comment, history, references",ckae,climakitae,15.095
LOCA2,UCSD,EC-Earth3-Veg,ssp245,r5i1p1f1,day,huss,d03,s3://cadcat/loca2/ucsd/ec-earth3-veg/ssp245/r5i1p1f1/day/huss/d03/,check_dataset,attr.global.empty,WARN,20,1 global attribute(s) are present but empty. A reader cannot tell an empty value from an unanswered question.,omit the attribute or give it a value,experiment,ckae,climakitae,15.095
LOCA2,UCSD,EC-Earth3-Veg,ssp245,r5i1p1f1,day,huss,d03,s3://cadcat/loca2/ucsd/ec-earth3-veg/ssp245/r5i1p1f1/day/huss/d03/,check_dataset,time.calendar,INFO,10,Calendar reported as 'proleptic_gregorian'.,,proleptic_gregorian,ckae,climakitae,15.095
LOCA2,UCSD,EC-Earth3-Veg,ssp245,r5i1p1f1,day,huss,d03,s3://cadcat/loca2/ucsd/ec-earth3-veg/ssp245/r5i1p1f1/day/huss/d03/,check_dataset,time.bounds.match,OK,0,Axis 2015-01-01..2100-12-31 matches the convention.,,,ckae,climakitae,15.095
LOCA2,UCSD,EC-Earth3-Veg,ssp245,r5i1p1f1,day,huss,d03,s3://cadcat/loca2/ucsd/ec-earth3-veg/ssp245/r5i1p1f1/day/huss/d03/,check_dataset,time.extent.match,OK,0,Time axis 2015-2100 matches the documented extent.,,,ckae,climakitae,15.095
LOCA2,UCSD,EC-Earth3-Veg,ssp245,r5i1p1f1,day,huss,d03,s3://cadcat/loca2/ucsd/ec-earth3-veg/ssp245/r5i1p1f1/day/huss/d03/,check_dataset,time.frequency.match,OK,0,Median step 24.00 h is consistent with 'day'.,,,ckae,climakitae,15.095
LOCA2,UCSD,EC-Earth3-Veg,ssp245,r5i1p1f1,day,huss,d03,s3://cadcat/loca2/ucsd/ec-earth3-veg/ssp245/r5i1p1f1/day/huss/d03/,check_dataset,time.gaps,INFO,10,"21 interval(s) fall outside the expected step for 'day'; largest is 48.0 h. This dataset came from a reader that aligns and combines stores, so the gap describes that processing rather than any published store. Re-check with the zarr backend.",24.0-24.0 h,"21 irregular, max 48.0 h",ckae,climakitae,15.095
LOCA2,UCSD,EC-Earth3-Veg,ssp245,r5i1p1f1,day,huss,d03,s3://cadcat/loca2/ucsd/ec-earth3-veg/ssp245/r5i1p1f1/day/huss/d03/,check_dataset,time.leap.calendar_contradiction,INFO,10,"Calendar is 'proleptic_gregorian', which has leap days, but the axis contains no 29 February across 21 leap year(s) in range. The time coordinate and its own calendar attribute disagree; resampling or day-of-year alignment will drift by a day after each leap year.",29 Feb present (proleptic_gregorian),no 29 Feb,ckae,climakitae,15.095
LOCA2,UCSD,KACE-1-0-G,ssp370,r1i1p1f1,day,huss,d03,s3://cadcat/loca2/ucsd/kace-1-0-g/ssp370/r1i1p1f1/day/huss/d03/,check_dataset,dataset.aggregated,WARN,20,"This result combines several stores (sim=3) rather than being a single published dataset. Time alignment across members can drop dates that any one member lacks, so gaps and calendar findings here are properties of the aggregation, not of the archive.",one store per query,sim=3,ckae,climakitae,14.057
LOCA2,UCSD,KACE-1-0-G,ssp370,r1i1p1f1,day,huss,d03,s3://cadcat/loca2/ucsd/kace-1-0-g/ssp370/r1i1p1f1/day/huss/d03/,check_dataset,var.present,OK,0,Variable 'huss' present as named in the catalog.,,,ckae,climakitae,14.057
LOCA2,UCSD,KACE-1-0-G,ssp370,r1i1p1f1,day,huss,d03,s3://cadcat/loca2/ucsd/kace-1-0-g/ssp370/r1i1p1f1/day/huss/d03/,check_dataset,attr.var.standard_name.missing,INFO,10,CF-recommended attribute 'standard_name' is absent.,standard_name,,ckae,climakitae,14.057
LOCA2,UCSD,KACE-1-0-G,ssp370,r1i1p1f1,day,huss,d03,s3://cadcat/loca2/ucsd/kace-1-0-g/ssp370/r1i1p1f1/day/huss/d03/,check_dataset,attr.var.cell_methods.missing,INFO,10,CF-recommended attribute 'cell_methods' is absent.,cell_methods,,ckae,climakitae,14.057
LOCA2,UCSD,KACE-1-0-G,ssp370,r1i1p1f1,day,huss,d03,s3://cadcat/loca2/ucsd/kace-1-0-g/ssp370/r1i1p1f1/day/huss/d03/,check_dataset,units.match,OK,0,units '1' match the reference table.,,,ckae,climakitae,14.057
LOCA2,UCSD,KACE-1-0-G,ssp370,r1i1p1f1,day,huss,d03,s3://cadcat/loca2/ucsd/kace-1-0-g/ssp370/r1i1p1f1/day/huss/d03/,check_dataset,long_name.differs,INFO,10,long_name differs from the reference table display name.,Specific humidity at 2m,huss,ckae,climakitae,14.057
LOCA2,UCSD,KACE-1-0-G,ssp370,r1i1p1f1,day,huss,d03,s3://cadcat/loca2/ucsd/kace-1-0-g/ssp370/r1i1p1f1/day/huss/d03/,check_dataset,grid.convention,INFO,10,"Store is on a geographic grid (['lat', 'lon', 'time']).",,geographic,ckae,climakitae,14.057
LOCA2,UCSD,KACE-1-0-G,ssp370,r1i1p1f1,day,huss,d03,s3://cadcat/loca2/ucsd/kace-1-0-g/ssp370/r1i1p1f1/day/huss/d03/,check_dataset,dims.extra,INFO,10,Data variable has extra dimensions.,,sim,ckae,climakitae,14.057
LOCA2,UCSD,KACE-1-0-G,ssp370,r1i1p1f1,day,huss,d03,s3://cadcat/loca2/ucsd/kace-1-0-g/ssp370/r1i1p1f1/day/huss/d03/,check_dataset,attr.global.recommended.missing,INFO,10,Missing 2 of 6 recommended global attributes; datasets are supposed to be self-describing.,"comment, history, institution, references, source, title","comment, history",ckae,climakitae,14.057
LOCA2,UCSD,KACE-1-0-G,ssp370,r1i1p1f1,day,huss,d03,s3://cadcat/loca2/ucsd/kace-1-0-g/ssp370/r1i1p1f1/day/huss/d03/,check_dataset,attr.global.empty,WARN,20,1 global attribute(s) are present but empty. A reader cannot tell an empty value from an unanswered question.,omit the attribute or give it a value,experiment,ckae,climakitae,14.057
LOCA2,UCSD,KACE-1-0-G,ssp370,r1i1p1f1,day,huss,d03,s3://cadcat/loca2/ucsd/kace-1-0-g/ssp370/r1i1p1f1/day/huss/d03/,check_dataset,time.calendar,INFO,10,Calendar reported as 'proleptic_gregorian'.,,proleptic_gregorian,ckae,climakitae,14.057
LOCA2,UCSD,KACE-1-0-G,ssp370,r1i1p1f1,day,huss,d03,s3://cadcat/loca2/ucsd/kace-1-0-g/ssp370/r1i1p1f1/day/huss/d03/,check_dataset,time.bounds.match,OK,0,Axis 2015-01-01..2100-12-31 matches the convention.,,,ckae,climakitae,14.057
LOCA2,UCSD,KACE-1-0-G,ssp370,r1i1p1f1,day,huss,d03,s3://cadcat/loca2/ucsd/kace-1-0-g/ssp370/r1i1p1f1/day/huss/d03/,check_dataset,time.extent.match,OK,0,Time axis 2015-2100 matches the documented extent.,,,ckae,climakitae,14.057
LOCA2,UCSD,KACE-1-0-G,ssp370,r1i1p1f1,day,huss,d03,s3://cadcat/loca2/ucsd/kace-1-0-g/ssp370/r1i1p1f1/day/huss/d03/,check_dataset,time.frequency.match,OK,0,Median step 24.00 h is consistent with 'day'.,,,ckae,climakitae,14.057
LOCA2,UCSD,KACE-1-0-G,ssp370,r1i1p1f1,day,huss,d03,s3://cadcat/loca2/ucsd/kace-1-0-g/ssp370/r1i1p1f1/day/huss/d03/,check_dataset,time.gaps,INFO,10,"21 interval(s) fall outside the expected step for 'day'; largest is 48.0 h. This dataset came from a reader that aligns and combines stores, so the gap describes that processing rather than any published store. Re-check with the zarr backend.",24.0-24.0 h,"21 irregular, max 48.0 h",ckae,climakitae,14.057
LOCA2,UCSD,KACE-1-0-G,ssp370,r1i1p1f1,day,huss,d03,s3://cadcat/loca2/ucsd/kace-1-0-g/ssp370/r1i1p1f1/day/huss/d03/,check_dataset,time.leap.calendar_contradiction,INFO,10,"Calendar is 'proleptic_gregorian', which has leap days, but the axis contains no 29 February across 21 leap year(s) in range. The time coordinate and its own calendar attribute disagree; resampling or day-of-year alignment will drift by a day after each leap year.",29 Feb present (proleptic_gregorian),no 29 Feb,ckae,climakitae,14.057
LOCA2,UCSD,MPI-ESM1-2-HR,ssp585,r2i1p1f1,day,huss,d03,s3://cadcat/loca2/ucsd/mpi-esm1-2-hr/ssp585/r2i1p1f1/day/huss/d03/,check_dataset,dataset.aggregated,WARN,20,"This result combines several stores (sim=2) rather than being a single published dataset. Time alignment across members can drop dates that any one member lacks, so gaps and calendar findings here are properties of the aggregation, not of the archive.",one store per query,sim=2,ckae,climakitae,11.111
LOCA2,UCSD,MPI-ESM1-2-HR,ssp585,r2i1p1f1,day,huss,d03,s3://cadcat/loca2/ucsd/mpi-esm1-2-hr/ssp585/r2i1p1f1/day/huss/d03/,check_dataset,var.present,OK,0,Variable 'huss' present as named in the catalog.,,,ckae,climakitae,11.111
LOCA2,UCSD,MPI-ESM1-2-HR,ssp585,r2i1p1f1,day,huss,d03,s3://cadcat/loca2/ucsd/mpi-esm1-2-hr/ssp585/r2i1p1f1/day/huss/d03/,check_dataset,attr.var.standard_name.missing,INFO,10,CF-recommended attribute 'standard_name' is absent.,standard_name,,ckae,climakitae,11.111
LOCA2,UCSD,MPI-ESM1-2-HR,ssp585,r2i1p1f1,day,huss,d03,s3://cadcat/loca2/ucsd/mpi-esm1-2-hr/ssp585/r2i1p1f1/day/huss/d03/,check_dataset,attr.var.cell_methods.missing,INFO,10,CF-recommended attribute 'cell_methods' is absent.,cell_methods,,ckae,climakitae,11.111
LOCA2,UCSD,MPI-ESM1-2-HR,ssp585,r2i1p1f1,day,huss,d03,s3://cadcat/loca2/ucsd/mpi-esm1-2-hr/ssp585/r2i1p1f1/day/huss/d03/,check_dataset,units.match,OK,0,units '1' match the reference table.,,,ckae,climakitae,11.111
LOCA2,UCSD,MPI-ESM1-2-HR,ssp585,r2i1p1f1,day,huss,d03,s3://cadcat/loca2/ucsd/mpi-esm1-2-hr/ssp585/r2i1p1f1/day/huss/d03/,check_dataset,long_name.differs,INFO,10,long_name differs from the reference table display name.,Specific humidity at 2m,huss,ckae,climakitae,11.111
LOCA2,UCSD,MPI-ESM1-2-HR,ssp585,r2i1p1f1,day,huss,d03,s3://cadcat/loca2/ucsd/mpi-esm1-2-hr/ssp585/r2i1p1f1/day/huss/d03/,check_dataset,grid.convention,INFO,10,"Store is on a geographic grid (['lat', 'lon', 'time']).",,geographic,ckae,climakitae,11.111
LOCA2,UCSD,MPI-ESM1-2-HR,ssp585,r2i1p1f1,day,huss,d03,s3://cadcat/loca2/ucsd/mpi-esm1-2-hr/ssp585/r2i1p1f1/day/huss/d03/,check_dataset,dims.extra,INFO,10,Data variable has extra dimensions.,,sim,ckae,climakitae,11.111
LOCA2,UCSD,MPI-ESM1-2-HR,ssp585,r2i1p1f1,day,huss,d03,s3://cadcat/loca2/ucsd/mpi-esm1-2-hr/ssp585/r2i1p1f1/day/huss/d03/,check_dataset,attr.global.recommended.missing,INFO,10,Missing 2 of 6 recommended global attributes; datasets are supposed to be self-describing.,"comment, history, institution, references, source, title","comment, history",ckae,climakitae,11.111
LOCA2,UCSD,MPI-ESM1-2-HR,ssp585,r2i1p1f1,day,huss,d03,s3://cadcat/loca2/ucsd/mpi-esm1-2-hr/ssp585/r2i1p1f1/day/huss/d03/,check_dataset,attr.global.empty,WARN,20,1 global attribute(s) are present but empty. A reader cannot tell an empty value from an unanswered question.,omit the attribute or give it a value,experiment,ckae,climakitae,11.111
LOCA2,UCSD,MPI-ESM1-2-HR,ssp585,r2i1p1f1,day,huss,d03,s3://cadcat/loca2/ucsd/mpi-esm1-2-hr/ssp585/r2i1p1f1/day/huss/d03/,check_dataset,time.calendar,INFO,10,Calendar reported as 'proleptic_gregorian'.,,proleptic_gregorian,ckae,climakitae,11.111
LOCA2,UCSD,MPI-ESM1-2-HR,ssp585,r2i1p1f1,day,huss,d03,s3://cadcat/loca2/ucsd/mpi-esm1-2-hr/ssp585/r2i1p1f1/day/huss/d03/,check_dataset,time.bounds.match,OK,0,Axis 2015-01-01..2100-12-31 matches the convention.,,,ckae,climakitae,11.111
LOCA2,UCSD,MPI-ESM1-2-HR,ssp585,r2i1p1f1,day,huss,d03,s3://cadcat/loca2/ucsd/mpi-esm1-2-hr/ssp585/r2i1p1f1/day/huss/d03/,check_dataset,time.extent.match,OK,0,Time axis 2015-2100 matches the documented extent.,,,ckae,climakitae,11.111
LOCA2,UCSD,MPI-ESM1-2-HR,ssp585,r2i1p1f1,day,huss,d03,s3://cadcat/loca2/ucsd/mpi-esm1-2-hr/ssp585/r2i1p1f1/day/huss/d03/,check_dataset,time.frequency.match,OK,0,Median step 24.00 h is consistent with 'day'.,,,ckae,climakitae,11.111
LOCA2,UCSD,MPI-ESM1-2-HR,ssp585,r2i1p1f1,day,huss,d03,s3://cadcat/loca2/ucsd/mpi-esm1-2-hr/ssp585/r2i1p1f1/day/huss/d03/,check_dataset,time.gaps,INFO,10,"21 interval(s) fall outside the expected step for 'day'; largest is 48.0 h. This dataset came from a reader that aligns and combines stores, so the gap describes that processing rather than any published store. Re-check with the zarr backend.",24.0-24.0 h,"21 irregular, max 48.0 h",ckae,climakitae,11.111
LOCA2,UCSD,MPI-ESM1-2-HR,ssp585,r2i1p1f1,day,huss,d03,s3://cadcat/loca2/ucsd/mpi-esm1-2-hr/ssp585/r2i1p1f1/day/huss/d03/,check_dataset,time.leap.calendar_contradiction,INFO,10,"Calendar is 'proleptic_gregorian', which has leap days, but the axis contains no 29 February across 21 leap year(s) in range. The time coordinate and its own calendar attribute disagree; resampling or day-of-year alignment will drift by a day after each leap year.",29 Feb present (proleptic_gregorian),no 29 Feb,ckae,climakitae,11.111
LOCA2,UCSD,FGOALS-g3,historical,r5i1p1f1,day,pr,d03,s3://cadcat/loca2/ucsd/fgoals-g3/historical/r5i1p1f1/day/pr/d03/,check_dataset,dataset.aggregated,WARN,20,"This result combines several stores (sim=4) rather than being a single published dataset. Time alignment across members can drop dates that any one member lacks, so gaps and calendar findings here are properties of the aggregation, not of the archive.",one store per query,sim=4,ckae,climakitae,13.185
LOCA2,UCSD,FGOALS-g3,historical,r5i1p1f1,day,pr,d03,s3://cadcat/loca2/ucsd/fgoals-g3/historical/r5i1p1f1/day/pr/d03/,check_dataset,var.present,OK,0,Variable 'pr' present as named in the catalog.,,,ckae,climakitae,13.185
LOCA2,UCSD,FGOALS-g3,historical,r5i1p1f1,day,pr,d03,s3://cadcat/loca2/ucsd/fgoals-g3/historical/r5i1p1f1/day/pr/d03/,check_dataset,attr.var.standard_name.missing,INFO,10,CF-recommended attribute 'standard_name' is absent.,standard_name,,ckae,climakitae,13.185
LOCA2,UCSD,FGOALS-g3,historical,r5i1p1f1,day,pr,d03,s3://cadcat/loca2/ucsd/fgoals-g3/historical/r5i1p1f1/day/pr/d03/,check_dataset,attr.var.cell_methods.missing,INFO,10,CF-recommended attribute 'cell_methods' is absent.,cell_methods,,ckae,climakitae,13.185
LOCA2,UCSD,FGOALS-g3,historical,r5i1p1f1,day,pr,d03,s3://cadcat/loca2/ucsd/fgoals-g3/historical/r5i1p1f1/day/pr/d03/,check_dataset,units.match,OK,0,units 'kg m-2 s-1' match the reference table.,,,ckae,climakitae,13.185
LOCA2,UCSD,FGOALS-g3,historical,r5i1p1f1,day,pr,d03,s3://cadcat/loca2/ucsd/fgoals-g3/historical/r5i1p1f1/day/pr/d03/,check_dataset,long_name.differs,INFO,10,long_name differs from the reference table display name.,Precipitation (total),pr,ckae,climakitae,13.185
LOCA2,UCSD,FGOALS-g3,historical,r5i1p1f1,day,pr,d03,s3://cadcat/loca2/ucsd/fgoals-g3/historical/r5i1p1f1/day/pr/d03/,check_dataset,grid.convention,INFO,10,"Store is on a geographic grid (['lat', 'lon', 'time']).",,geographic,ckae,climakitae,13.185
LOCA2,UCSD,FGOALS-g3,historical,r5i1p1f1,day,pr,d03,s3://cadcat/loca2/ucsd/fgoals-g3/historical/r5i1p1f1/day/pr/d03/,check_dataset,dims.extra,INFO,10,Data variable has extra dimensions.,,sim,ckae,climakitae,13.185
LOCA2,UCSD,FGOALS-g3,historical,r5i1p1f1,day,pr,d03,s3://cadcat/loca2/ucsd/fgoals-g3/historical/r5i1p1f1/day/pr/d03/,check_dataset,attr.global.recommended.missing,WARN,20,Missing 4 of 6 recommended global attributes; datasets are supposed to be self-describing.,"comment, history, institution, references, source, title","comment, history, references, source",ckae,climakitae,13.185
LOCA2,UCSD,FGOALS-g3,historical,r5i1p1f1,day,pr,d03,s3://cadcat/loca2/ucsd/fgoals-g3/historical/r5i1p1f1/day/pr/d03/,check_dataset,attr.global.empty,WARN,20,1 global attribute(s) are present but empty. A reader cannot tell an empty value from an unanswered question.,omit the attribute or give it a value,experiment,ckae,climakitae,13.185
LOCA2,UCSD,FGOALS-g3,historical,r5i1p1f1,day,pr,d03,s3://cadcat/loca2/ucsd/fgoals-g3/historical/r5i1p1f1/day/pr/d03/,check_dataset,time.calendar,INFO,10,Calendar reported as 'proleptic_gregorian'.,,proleptic_gregorian,ckae,climakitae,13.185
LOCA2,UCSD,FGOALS-g3,historical,r5i1p1f1,day,pr,d03,s3://cadcat/loca2/ucsd/fgoals-g3/historical/r5i1p1f1/day/pr/d03/,check_dataset,time.bounds.match,OK,0,Axis 1950-01-01..2014-12-31 matches the convention.,,,ckae,climakitae,13.185
LOCA2,UCSD,FGOALS-g3,historical,r5i1p1f1,day,pr,d03,s3://cadcat/loca2/ucsd/fgoals-g3/historical/r5i1p1f1/day/pr/d03/,check_dataset,time.extent.match,OK,0,Time axis 1950-2014 matches the documented extent.,,,ckae,climakitae,13.185
LOCA2,UCSD,FGOALS-g3,historical,r5i1p1f1,day,pr,d03,s3://cadcat/loca2/ucsd/fgoals-g3/historical/r5i1p1f1/day/pr/d03/,check_dataset,time.frequency.match,OK,0,Median step 24.00 h is consistent with 'day'.,,,ckae,climakitae,13.185
LOCA2,UCSD,FGOALS-g3,historical,r5i1p1f1,day,pr,d03,s3://cadcat/loca2/ucsd/fgoals-g3/historical/r5i1p1f1/day/pr/d03/,check_dataset,time.gaps,INFO,10,"16 interval(s) fall outside the expected step for 'day'; largest is 48.0 h. This dataset came from a reader that aligns and combines stores, so the gap describes that processing rather than any published store. Re-check with the zarr backend.",24.0-24.0 h,"16 irregular, max 48.0 h",ckae,climakitae,13.185
LOCA2,UCSD,FGOALS-g3,historical,r5i1p1f1,day,pr,d03,s3://cadcat/loca2/ucsd/fgoals-g3/historical/r5i1p1f1/day/pr/d03/,check_dataset,time.leap.calendar_contradiction,INFO,10,"Calendar is 'proleptic_gregorian', which has leap days, but the axis contains no 29 February across 16 leap year(s) in range. The time coordinate and its own calendar attribute disagree; resampling or day-of-year alignment will drift by a day after each leap year.",29 Feb present (proleptic_gregorian),no 29 Feb,ckae,climakitae,13.185
LOCA2,UCSD,EC-Earth3-Veg,ssp245,r5i1p1f1,day,pr,d03,s3://cadcat/loca2/ucsd/ec-earth3-veg/ssp245/r5i1p1f1/day/pr/d03/,check_dataset,dataset.aggregated,WARN,20,"This result combines several stores (sim=5) rather than being a single published dataset. Time alignment across members can drop dates that any one member lacks, so gaps and calendar findings here are properties of the aggregation, not of the archive.",one store per query,sim=5,ckae,climakitae,15.201
LOCA2,UCSD,EC-Earth3-Veg,ssp245,r5i1p1f1,day,pr,d03,s3://cadcat/loca2/ucsd/ec-earth3-veg/ssp245/r5i1p1f1/day/pr/d03/,check_dataset,var.present,OK,0,Variable 'pr' present as named in the catalog.,,,ckae,climakitae,15.201
LOCA2,UCSD,EC-Earth3-Veg,ssp245,r5i1p1f1,day,pr,d03,s3://cadcat/loca2/ucsd/ec-earth3-veg/ssp245/r5i1p1f1/day/pr/d03/,check_dataset,attr.var.standard_name.missing,INFO,10,CF-recommended attribute 'standard_name' is absent.,standard_name,,ckae,climakitae,15.201
LOCA2,UCSD,EC-Earth3-Veg,ssp245,r5i1p1f1,day,pr,d03,s3://cadcat/loca2/ucsd/ec-earth3-veg/ssp245/r5i1p1f1/day/pr/d03/,check_dataset,attr.var.cell_methods.missing,INFO,10,CF-recommended attribute 'cell_methods' is absent.,cell_methods,,ckae,climakitae,15.201
LOCA2,UCSD,EC-Earth3-Veg,ssp245,r5i1p1f1,day,pr,d03,s3://cadcat/loca2/ucsd/ec-earth3-veg/ssp245/r5i1p1f1/day/pr/d03/,check_dataset,units.match,OK,0,units 'kg m-2 s-1' match the reference table.,,,ckae,climakitae,15.201
LOCA2,UCSD,EC-Earth3-Veg,ssp245,r5i1p1f1,day,pr,d03,s3://cadcat/loca2/ucsd/ec-earth3-veg/ssp245/r5i1p1f1/day/pr/d03/,check_dataset,long_name.differs,INFO,10,long_name differs from the reference table display name.,Precipitation (total),pr,ckae,climakitae,15.201
LOCA2,UCSD,EC-Earth3-Veg,ssp245,r5i1p1f1,day,pr,d03,s3://cadcat/loca2/ucsd/ec-earth3-veg/ssp245/r5i1p1f1/day/pr/d03/,check_dataset,grid.convention,INFO,10,"Store is on a geographic grid (['lat', 'lon', 'time']).",,geographic,ckae,climakitae,15.201
LOCA2,UCSD,EC-Earth3-Veg,ssp245,r5i1p1f1,day,pr,d03,s3://cadcat/loca2/ucsd/ec-earth3-veg/ssp245/r5i1p1f1/day/pr/d03/,check_dataset,dims.extra,INFO,10,Data variable has extra dimensions.,,sim,ckae,climakitae,15.201
LOCA2,UCSD,EC-Earth3-Veg,ssp245,r5i1p1f1,day,pr,d03,s3://cadcat/loca2/ucsd/ec-earth3-veg/ssp245/r5i1p1f1/day/pr/d03/,check_dataset,attr.global.recommended.missing,INFO,10,Missing 3 of 6 recommended global attributes; datasets are supposed to be self-describing.,"comment, history, institution, references, source, title","comment, history, references",ckae,climakitae,15.201
LOCA2,UCSD,EC-Earth3-Veg,ssp245,r5i1p1f1,day,pr,d03,s3://cadcat/loca2/ucsd/ec-earth3-veg/ssp245/r5i1p1f1/day/pr/d03/,check_dataset,attr.global.empty,WARN,20,1 global attribute(s) are present but empty. A reader cannot tell an empty value from an unanswered question.,omit the attribute or give it a value,experiment,ckae,climakitae,15.201
LOCA2,UCSD,EC-Earth3-Veg,ssp245,r5i1p1f1,day,pr,d03,s3://cadcat/loca2/ucsd/ec-earth3-veg/ssp245/r5i1p1f1/day/pr/d03/,check_dataset,time.calendar,INFO,10,Calendar reported as 'proleptic_gregorian'.,,proleptic_gregorian,ckae,climakitae,15.201
LOCA2,UCSD,EC-Earth3-Veg,ssp245,r5i1p1f1,day,pr,d03,s3://cadcat/loca2/ucsd/ec-earth3-veg/ssp245/r5i1p1f1/day/pr/d03/,check_dataset,time.bounds.match,OK,0,Axis 2015-01-01..2100-12-31 matches the convention.,,,ckae,climakitae,15.201
LOCA2,UCSD,EC-Earth3-Veg,ssp245,r5i1p1f1,day,pr,d03,s3://cadcat/loca2/ucsd/ec-earth3-veg/ssp245/r5i1p1f1/day/pr/d03/,check_dataset,time.extent.match,OK,0,Time axis 2015-2100 matches the documented extent.,,,ckae,climakitae,15.201
LOCA2,UCSD,EC-Earth3-Veg,ssp245,r5i1p1f1,day,pr,d03,s3://cadcat/loca2/ucsd/ec-earth3-veg/ssp245/r5i1p1f1/day/pr/d03/,check_dataset,time.frequency.match,OK,0,Median step 24.00 h is consistent with 'day'.,,,ckae,climakitae,15.201
LOCA2,UCSD,EC-Earth3-Veg,ssp245,r5i1p1f1,day,pr,d03,s3://cadcat/loca2/ucsd/ec-earth3-veg/ssp245/r5i1p1f1/day/pr/d03/,check_dataset,time.gaps,INFO,10,"21 interval(s) fall outside the expected step for 'day'; largest is 48.0 h. This dataset came from a reader that aligns and combines stores, so the gap describes that processing rather than any published store. Re-check with the zarr backend.",24.0-24.0 h,"21 irregular, max 48.0 h",ckae,climakitae,15.201
LOCA2,UCSD,EC-Earth3-Veg,ssp245,r5i1p1f1,day,pr,d03,s3://cadcat/loca2/ucsd/ec-earth3-veg/ssp245/r5i1p1f1/day/pr/d03/,check_dataset,time.leap.calendar_contradiction,INFO,10,"Calendar is 'proleptic_gregorian', which has leap days, but the axis contains no 29 February across 21 leap year(s) in range. The time coordinate and its own calendar attribute disagree; resampling or day-of-year alignment will drift by a day after each leap year.",29 Feb present (proleptic_gregorian),no 29 Feb,ckae,climakitae,15.201
LOCA2,UCSD,IPSL-CM6A-LR,ssp370,r10i1p1f1,day,pr,d03,s3://cadcat/loca2/ucsd/ipsl-cm6a-lr/ssp370/r10i1p1f1/day/pr/d03/,check_dataset,dataset.aggregated,WARN,20,"This result combines several stores (sim=10) rather than being a single published dataset. Time alignment across members can drop dates that any one member lacks, so gaps and calendar findings here are properties of the aggregation, not of the archive.",one store per query,sim=10,ckae,climakitae,16.32
LOCA2,UCSD,IPSL-CM6A-LR,ssp370,r10i1p1f1,day,pr,d03,s3://cadcat/loca2/ucsd/ipsl-cm6a-lr/ssp370/r10i1p1f1/day/pr/d03/,check_dataset,var.present,OK,0,Variable 'pr' present as named in the catalog.,,,ckae,climakitae,16.32
LOCA2,UCSD,IPSL-CM6A-LR,ssp370,r10i1p1f1,day,pr,d03,s3://cadcat/loca2/ucsd/ipsl-cm6a-lr/ssp370/r10i1p1f1/day/pr/d03/,check_dataset,attr.var.standard_name.missing,INFO,10,CF-recommended attribute 'standard_name' is absent.,standard_name,,ckae,climakitae,16.32
LOCA2,UCSD,IPSL-CM6A-LR,ssp370,r10i1p1f1,day,pr,d03,s3://cadcat/loca2/ucsd/ipsl-cm6a-lr/ssp370/r10i1p1f1/day/pr/d03/,check_dataset,attr.var.cell_methods.missing,INFO,10,CF-recommended attribute 'cell_methods' is absent.,cell_methods,,ckae,climakitae,16.32
LOCA2,UCSD,IPSL-CM6A-LR,ssp370,r10i1p1f1,day,pr,d03,s3://cadcat/loca2/ucsd/ipsl-cm6a-lr/ssp370/r10i1p1f1/day/pr/d03/,check_dataset,units.match,OK,0,units 'kg m-2 s-1' match the reference table.,,,ckae,climakitae,16.32
LOCA2,UCSD,IPSL-CM6A-LR,ssp370,r10i1p1f1,day,pr,d03,s3://cadcat/loca2/ucsd/ipsl-cm6a-lr/ssp370/r10i1p1f1/day/pr/d03/,check_dataset,long_name.differs,INFO,10,long_name differs from the reference table display name.,Precipitation (total),pr,ckae,climakitae,16.32
LOCA2,UCSD,IPSL-CM6A-LR,ssp370,r10i1p1f1,day,pr,d03,s3://cadcat/loca2/ucsd/ipsl-cm6a-lr/ssp370/r10i1p1f1/day/pr/d03/,check_dataset,grid.convention,INFO,10,"Store is on a geographic grid (['lat', 'lon', 'time']).",,geographic,ckae,climakitae,16.32
LOCA2,UCSD,IPSL-CM6A-LR,ssp370,r10i1p1f1,day,pr,d03,s3://cadcat/loca2/ucsd/ipsl-cm6a-lr/ssp370/r10i1p1f1/day/pr/d03/,check_dataset,dims.extra,INFO,10,Data variable has extra dimensions.,,sim,ckae,climakitae,16.32
LOCA2,UCSD,IPSL-CM6A-LR,ssp370,r10i1p1f1,day,pr,d03,s3://cadcat/loca2/ucsd/ipsl-cm6a-lr/ssp370/r10i1p1f1/day/pr/d03/,check_dataset,attr.global.recommended.missing,INFO,10,Missing 3 of 6 recommended global attributes; datasets are supposed to be self-describing.,"comment, history, institution, references, source, title","comment, history, references",ckae,climakitae,16.32
LOCA2,UCSD,IPSL-CM6A-LR,ssp370,r10i1p1f1,day,pr,d03,s3://cadcat/loca2/ucsd/ipsl-cm6a-lr/ssp370/r10i1p1f1/day/pr/d03/,check_dataset,attr.global.empty,WARN,20,1 global attribute(s) are present but empty. A reader cannot tell an empty value from an unanswered question.,omit the attribute or give it a value,experiment,ckae,climakitae,16.32
LOCA2,UCSD,IPSL-CM6A-LR,ssp370,r10i1p1f1,day,pr,d03,s3://cadcat/loca2/ucsd/ipsl-cm6a-lr/ssp370/r10i1p1f1/day/pr/d03/,check_dataset,time.calendar,INFO,10,Calendar reported as 'proleptic_gregorian'.,,proleptic_gregorian,ckae,climakitae,16.32
LOCA2,UCSD,IPSL-CM6A-LR,ssp370,r10i1p1f1,day,pr,d03,s3://cadcat/loca2/ucsd/ipsl-cm6a-lr/ssp370/r10i1p1f1/day/pr/d03/,check_dataset,time.bounds.match,OK,0,Axis 2015-01-01..2100-12-31 matches the convention.,,,ckae,climakitae,16.32
LOCA2,UCSD,IPSL-CM6A-LR,ssp370,r10i1p1f1,day,pr,d03,s3://cadcat/loca2/ucsd/ipsl-cm6a-lr/ssp370/r10i1p1f1/day/pr/d03/,check_dataset,time.extent.match,OK,0,Time axis 2015-2100 matches the documented extent.,,,ckae,climakitae,16.32
LOCA2,UCSD,IPSL-CM6A-LR,ssp370,r10i1p1f1,day,pr,d03,s3://cadcat/loca2/ucsd/ipsl-cm6a-lr/ssp370/r10i1p1f1/day/pr/d03/,check_dataset,time.frequency.match,OK,0,Median step 24.00 h is consistent with 'day'.,,,ckae,climakitae,16.32
LOCA2,UCSD,IPSL-CM6A-LR,ssp370,r10i1p1f1,day,pr,d03,s3://cadcat/loca2/ucsd/ipsl-cm6a-lr/ssp370/r10i1p1f1/day/pr/d03/,check_dataset,time.gaps,INFO,10,"21 interval(s) fall outside the expected step for 'day'; largest is 48.0 h. This dataset came from a reader that aligns and combines stores, so the gap describes that processing rather than any published store. Re-check with the zarr backend.",24.0-24.0 h,"21 irregular, max 48.0 h",ckae,climakitae,16.32
LOCA2,UCSD,IPSL-CM6A-LR,ssp370,r10i1p1f1,day,pr,d03,s3://cadcat/loca2/ucsd/ipsl-cm6a-lr/ssp370/r10i1p1f1/day/pr/d03/,check_dataset,time.leap.calendar_contradiction,INFO,10,"Calendar is 'proleptic_gregorian', which has leap days, but the axis contains no 29 February across 21 leap year(s) in range. The time coordinate and its own calendar attribute disagree; resampling or day-of-year alignment will drift by a day after each leap year.",29 Feb present (proleptic_gregorian),no 29 Feb,ckae,climakitae,16.32
LOCA2,UCSD,FGOALS-g3,ssp585,r1i1p1f1,day,pr,d03,s3://cadcat/loca2/ucsd/fgoals-g3/ssp585/r1i1p1f1/day/pr/d03/,check_dataset,dataset.aggregated,WARN,20,"This result combines several stores (sim=3) rather than being a single published dataset. Time alignment across members can drop dates that any one member lacks, so gaps and calendar findings here are properties of the aggregation, not of the archive.",one store per query,sim=3,ckae,climakitae,14.227
LOCA2,UCSD,FGOALS-g3,ssp585,r1i1p1f1,day,pr,d03,s3://cadcat/loca2/ucsd/fgoals-g3/ssp585/r1i1p1f1/day/pr/d03/,check_dataset,var.present,OK,0,Variable 'pr' present as named in the catalog.,,,ckae,climakitae,14.227
LOCA2,UCSD,FGOALS-g3,ssp585,r1i1p1f1,day,pr,d03,s3://cadcat/loca2/ucsd/fgoals-g3/ssp585/r1i1p1f1/day/pr/d03/,check_dataset,attr.var.standard_name.missing,INFO,10,CF-recommended attribute 'standard_name' is absent.,standard_name,,ckae,climakitae,14.227
LOCA2,UCSD,FGOALS-g3,ssp585,r1i1p1f1,day,pr,d03,s3://cadcat/loca2/ucsd/fgoals-g3/ssp585/r1i1p1f1/day/pr/d03/,check_dataset,attr.var.cell_methods.missing,INFO,10,CF-recommended attribute 'cell_methods' is absent.,cell_methods,,ckae,climakitae,14.227
LOCA2,UCSD,FGOALS-g3,ssp585,r1i1p1f1,day,pr,d03,s3://cadcat/loca2/ucsd/fgoals-g3/ssp585/r1i1p1f1/day/pr/d03/,check_dataset,units.match,OK,0,units 'kg m-2 s-1' match the reference table.,,,ckae,climakitae,14.227
LOCA2,UCSD,FGOALS-g3,ssp585,r1i1p1f1,day,pr,d03,s3://cadcat/loca2/ucsd/fgoals-g3/ssp585/r1i1p1f1/day/pr/d03/,check_dataset,long_name.differs,INFO,10,long_name differs from the reference table display name.,Precipitation (total),pr,ckae,climakitae,14.227
LOCA2,UCSD,FGOALS-g3,ssp585,r1i1p1f1,day,pr,d03,s3://cadcat/loca2/ucsd/fgoals-g3/ssp585/r1i1p1f1/day/pr/d03/,check_dataset,grid.convention,INFO,10,"Store is on a geographic grid (['lat', 'lon', 'time']).",,geographic,ckae,climakitae,14.227
LOCA2,UCSD,FGOALS-g3,ssp585,r1i1p1f1,day,pr,d03,s3://cadcat/loca2/ucsd/fgoals-g3/ssp585/r1i1p1f1/day/pr/d03/,check_dataset,dims.extra,INFO,10,Data variable has extra dimensions.,,sim,ckae,climakitae,14.227
LOCA2,UCSD,FGOALS-g3,ssp585,r1i1p1f1,day,pr,d03,s3://cadcat/loca2/ucsd/fgoals-g3/ssp585/r1i1p1f1/day/pr/d03/,check_dataset,attr.global.recommended.missing,INFO,10,Missing 3 of 6 recommended global attributes; datasets are supposed to be self-describing.,"comment, history, institution, references, source, title","comment, history, references",ckae,climakitae,14.227
LOCA2,UCSD,FGOALS-g3,ssp585,r1i1p1f1,day,pr,d03,s3://cadcat/loca2/ucsd/fgoals-g3/ssp585/r1i1p1f1/day/pr/d03/,check_dataset,attr.global.empty,WARN,20,1 global attribute(s) are present but empty. A reader cannot tell an empty value from an unanswered question.,omit the attribute or give it a value,experiment,ckae,climakitae,14.227
LOCA2,UCSD,FGOALS-g3,ssp585,r1i1p1f1,day,pr,d03,s3://cadcat/loca2/ucsd/fgoals-g3/ssp585/r1i1p1f1/day/pr/d03/,check_dataset,time.calendar,INFO,10,Calendar reported as 'proleptic_gregorian'.,,proleptic_gregorian,ckae,climakitae,14.227
LOCA2,UCSD,FGOALS-g3,ssp585,r1i1p1f1,day,pr,d03,s3://cadcat/loca2/ucsd/fgoals-g3/ssp585/r1i1p1f1/day/pr/d03/,check_dataset,time.bounds.match,OK,0,Axis 2015-01-01..2100-12-31 matches the convention.,,,ckae,climakitae,14.227
LOCA2,UCSD,FGOALS-g3,ssp585,r1i1p1f1,day,pr,d03,s3://cadcat/loca2/ucsd/fgoals-g3/ssp585/r1i1p1f1/day/pr/d03/,check_dataset,time.extent.match,OK,0,Time axis 2015-2100 matches the documented extent.,,,ckae,climakitae,14.227
LOCA2,UCSD,FGOALS-g3,ssp585,r1i1p1f1,day,pr,d03,s3://cadcat/loca2/ucsd/fgoals-g3/ssp585/r1i1p1f1/day/pr/d03/,check_dataset,time.frequency.match,OK,0,Median step 24.00 h is consistent with 'day'.,,,ckae,climakitae,14.227
LOCA2,UCSD,FGOALS-g3,ssp585,r1i1p1f1,day,pr,d03,s3://cadcat/loca2/ucsd/fgoals-g3/ssp585/r1i1p1f1/day/pr/d03/,check_dataset,time.gaps,INFO,10,"21 interval(s) fall outside the expected step for 'day'; largest is 48.0 h. This dataset came from a reader that aligns and combines stores, so the gap describes that processing rather than any published store. Re-check with the zarr backend.",24.0-24.0 h,"21 irregular, max 48.0 h",ckae,climakitae,14.227
LOCA2,UCSD,FGOALS-g3,ssp585,r1i1p1f1,day,pr,d03,s3://cadcat/loca2/ucsd/fgoals-g3/ssp585/r1i1p1f1/day/pr/d03/,check_dataset,time.leap.calendar_contradiction,INFO,10,"Calendar is 'proleptic_gregorian', which has leap days, but the axis contains no 29 February across 21 leap year(s) in range. The time coordinate and its own calendar attribute disagree; resampling or day-of-year alignment will drift by a day after each leap year.",29 Feb present (proleptic_gregorian),no 29 Feb,ckae,climakitae,14.227
LOCA2,UCSD,IPSL-CM6A-LR,historical,r5i1p1f1,day,rsds,d03,s3://cadcat/loca2/ucsd/ipsl-cm6a-lr/historical/r5i1p1f1/day/rsds/d03/,check_dataset,dataset.aggregated,WARN,20,"This result combines several stores (sim=10) rather than being a single published dataset. Time alignment across members can drop dates that any one member lacks, so gaps and calendar findings here are properties of the aggregation, not of the archive.",one store per query,sim=10,ckae,climakitae,15.906
LOCA2,UCSD,IPSL-CM6A-LR,historical,r5i1p1f1,day,rsds,d03,s3://cadcat/loca2/ucsd/ipsl-cm6a-lr/historical/r5i1p1f1/day/rsds/d03/,check_dataset,var.present,OK,0,Variable 'rsds' present as named in the catalog.,,,ckae,climakitae,15.906
LOCA2,UCSD,IPSL-CM6A-LR,historical,r5i1p1f1,day,rsds,d03,s3://cadcat/loca2/ucsd/ipsl-cm6a-lr/historical/r5i1p1f1/day/rsds/d03/,check_dataset,attr.var.standard_name.missing,INFO,10,CF-recommended attribute 'standard_name' is absent.,standard_name,,ckae,climakitae,15.906
LOCA2,UCSD,IPSL-CM6A-LR,historical,r5i1p1f1,day,rsds,d03,s3://cadcat/loca2/ucsd/ipsl-cm6a-lr/historical/r5i1p1f1/day/rsds/d03/,check_dataset,attr.var.cell_methods.missing,INFO,10,CF-recommended attribute 'cell_methods' is absent.,cell_methods,,ckae,climakitae,15.906
LOCA2,UCSD,IPSL-CM6A-LR,historical,r5i1p1f1,day,rsds,d03,s3://cadcat/loca2/ucsd/ipsl-cm6a-lr/historical/r5i1p1f1/day/rsds/d03/,check_dataset,units.match,OK,0,units 'W m-2' match the reference table.,,,ckae,climakitae,15.906
LOCA2,UCSD,IPSL-CM6A-LR,historical,r5i1p1f1,day,rsds,d03,s3://cadcat/loca2/ucsd/ipsl-cm6a-lr/historical/r5i1p1f1/day/rsds/d03/,check_dataset,long_name.differs,INFO,10,long_name differs from the reference table display name.,Shortwave flux at the surface,rsds,ckae,climakitae,15.906
LOCA2,UCSD,IPSL-CM6A-LR,historical,r5i1p1f1,day,rsds,d03,s3://cadcat/loca2/ucsd/ipsl-cm6a-lr/historical/r5i1p1f1/day/rsds/d03/,check_dataset,grid.convention,INFO,10,"Store is on a geographic grid (['lat', 'lon', 'time']).",,geographic,ckae,climakitae,15.906
LOCA2,UCSD,IPSL-CM6A-LR,historical,r5i1p1f1,day,rsds,d03,s3://cadcat/loca2/ucsd/ipsl-cm6a-lr/historical/r5i1p1f1/day/rsds/d03/,check_dataset,dims.extra,INFO,10,Data variable has extra dimensions.,,sim,ckae,climakitae,15.906
LOCA2,UCSD,IPSL-CM6A-LR,historical,r5i1p1f1,day,rsds,d03,s3://cadcat/loca2/ucsd/ipsl-cm6a-lr/historical/r5i1p1f1/day/rsds/d03/,check_dataset,attr.global.recommended.missing,INFO,10,Missing 3 of 6 recommended global attributes; datasets are supposed to be self-describing.,"comment, history, institution, references, source, title","comment, history, references",ckae,climakitae,15.906
LOCA2,UCSD,IPSL-CM6A-LR,historical,r5i1p1f1,day,rsds,d03,s3://cadcat/loca2/ucsd/ipsl-cm6a-lr/historical/r5i1p1f1/day/rsds/d03/,check_dataset,attr.global.empty,WARN,20,1 global attribute(s) are present but empty. A reader cannot tell an empty value from an unanswered question.,omit the attribute or give it a value,experiment,ckae,climakitae,15.906
LOCA2,UCSD,IPSL-CM6A-LR,historical,r5i1p1f1,day,rsds,d03,s3://cadcat/loca2/ucsd/ipsl-cm6a-lr/historical/r5i1p1f1/day/rsds/d03/,check_dataset,time.calendar,INFO,10,Calendar reported as 'proleptic_gregorian'.,,proleptic_gregorian,ckae,climakitae,15.906
LOCA2,UCSD,IPSL-CM6A-LR,historical,r5i1p1f1,day,rsds,d03,s3://cadcat/loca2/ucsd/ipsl-cm6a-lr/historical/r5i1p1f1/day/rsds/d03/,check_dataset,time.bounds.match,OK,0,Axis 1950-01-01..2014-12-31 matches the convention.,,,ckae,climakitae,15.906
LOCA2,UCSD,IPSL-CM6A-LR,historical,r5i1p1f1,day,rsds,d03,s3://cadcat/loca2/ucsd/ipsl-cm6a-lr/historical/r5i1p1f1/day/rsds/d03/,check_dataset,time.extent.match,OK,0,Time axis 1950-2014 matches the documented extent.,,,ckae,climakitae,15.906
LOCA2,UCSD,IPSL-CM6A-LR,historical,r5i1p1f1,day,rsds,d03,s3://cadcat/loca2/ucsd/ipsl-cm6a-lr/historical/r5i1p1f1/day/rsds/d03/,check_dataset,time.frequency.match,OK,0,Median step 24.00 h is consistent with 'day'.,,,ckae,climakitae,15.906
LOCA2,UCSD,IPSL-CM6A-LR,historical,r5i1p1f1,day,rsds,d03,s3://cadcat/loca2/ucsd/ipsl-cm6a-lr/historical/r5i1p1f1/day/rsds/d03/,check_dataset,time.gaps,INFO,10,"16 interval(s) fall outside the expected step for 'day'; largest is 48.0 h. This dataset came from a reader that aligns and combines stores, so the gap describes that processing rather than any published store. Re-check with the zarr backend.",24.0-24.0 h,"16 irregular, max 48.0 h",ckae,climakitae,15.906
LOCA2,UCSD,IPSL-CM6A-LR,historical,r5i1p1f1,day,rsds,d03,s3://cadcat/loca2/ucsd/ipsl-cm6a-lr/historical/r5i1p1f1/day/rsds/d03/,check_dataset,time.leap.calendar_contradiction,INFO,10,"Calendar is 'proleptic_gregorian', which has leap days, but the axis contains no 29 February across 16 leap year(s) in range. The time coordinate and its own calendar attribute disagree; resampling or day-of-year alignment will drift by a day after each leap year.",29 Feb present (proleptic_gregorian),no 29 Feb,ckae,climakitae,15.906
LOCA2,UCSD,EC-Earth3,ssp245,r1i1p1f1,day,rsds,d03,s3://cadcat/loca2/ucsd/ec-earth3/ssp245/r1i1p1f1/day/rsds/d03/,check_dataset,dataset.aggregated,WARN,20,"This result combines several stores (sim=3) rather than being a single published dataset. Time alignment across members can drop dates that any one member lacks, so gaps and calendar findings here are properties of the aggregation, not of the archive.",one store per query,sim=3,ckae,climakitae,13.733
LOCA2,UCSD,EC-Earth3,ssp245,r1i1p1f1,day,rsds,d03,s3://cadcat/loca2/ucsd/ec-earth3/ssp245/r1i1p1f1/day/rsds/d03/,check_dataset,var.present,OK,0,Variable 'rsds' present as named in the catalog.,,,ckae,climakitae,13.733
LOCA2,UCSD,EC-Earth3,ssp245,r1i1p1f1,day,rsds,d03,s3://cadcat/loca2/ucsd/ec-earth3/ssp245/r1i1p1f1/day/rsds/d03/,check_dataset,attr.var.standard_name.missing,INFO,10,CF-recommended attribute 'standard_name' is absent.,standard_name,,ckae,climakitae,13.733
LOCA2,UCSD,EC-Earth3,ssp245,r1i1p1f1,day,rsds,d03,s3://cadcat/loca2/ucsd/ec-earth3/ssp245/r1i1p1f1/day/rsds/d03/,check_dataset,attr.var.cell_methods.missing,INFO,10,CF-recommended attribute 'cell_methods' is absent.,cell_methods,,ckae,climakitae,13.733
LOCA2,UCSD,EC-Earth3,ssp245,r1i1p1f1,day,rsds,d03,s3://cadcat/loca2/ucsd/ec-earth3/ssp245/r1i1p1f1/day/rsds/d03/,check_dataset,units.match,OK,0,units 'W m-2' match the reference table.,,,ckae,climakitae,13.733
LOCA2,UCSD,EC-Earth3,ssp245,r1i1p1f1,day,rsds,d03,s3://cadcat/loca2/ucsd/ec-earth3/ssp245/r1i1p1f1/day/rsds/d03/,check_dataset,long_name.differs,INFO,10,long_name differs from the reference table display name.,Shortwave flux at the surface,rsds,ckae,climakitae,13.733
LOCA2,UCSD,EC-Earth3,ssp245,r1i1p1f1,day,rsds,d03,s3://cadcat/loca2/ucsd/ec-earth3/ssp245/r1i1p1f1/day/rsds/d03/,check_dataset,grid.convention,INFO,10,"Store is on a geographic grid (['lat', 'lon', 'time']).",,geographic,ckae,climakitae,13.733
LOCA2,UCSD,EC-Earth3,ssp245,r1i1p1f1,day,rsds,d03,s3://cadcat/loca2/ucsd/ec-earth3/ssp245/r1i1p1f1/day/rsds/d03/,check_dataset,dims.extra,INFO,10,Data variable has extra dimensions.,,sim,ckae,climakitae,13.733
LOCA2,UCSD,EC-Earth3,ssp245,r1i1p1f1,day,rsds,d03,s3://cadcat/loca2/ucsd/ec-earth3/ssp245/r1i1p1f1/day/rsds/d03/,check_dataset,attr.global.recommended.missing,INFO,10,Missing 2 of 6 recommended global attributes; datasets are supposed to be self-describing.,"comment, history, institution, references, source, title","history, references",ckae,climakitae,13.733
LOCA2,UCSD,EC-Earth3,ssp245,r1i1p1f1,day,rsds,d03,s3://cadcat/loca2/ucsd/ec-earth3/ssp245/r1i1p1f1/day/rsds/d03/,check_dataset,attr.global.empty,WARN,20,1 global attribute(s) are present but empty. A reader cannot tell an empty value from an unanswered question.,omit the attribute or give it a value,experiment,ckae,climakitae,13.733
LOCA2,UCSD,EC-Earth3,ssp245,r1i1p1f1,day,rsds,d03,s3://cadcat/loca2/ucsd/ec-earth3/ssp245/r1i1p1f1/day/rsds/d03/,check_dataset,time.calendar,INFO,10,Calendar reported as 'proleptic_gregorian'.,,proleptic_gregorian,ckae,climakitae,13.733
LOCA2,UCSD,EC-Earth3,ssp245,r1i1p1f1,day,rsds,d03,s3://cadcat/loca2/ucsd/ec-earth3/ssp245/r1i1p1f1/day/rsds/d03/,check_dataset,time.bounds.match,OK,0,Axis 2015-01-01..2100-12-31 matches the convention.,,,ckae,climakitae,13.733
LOCA2,UCSD,EC-Earth3,ssp245,r1i1p1f1,day,rsds,d03,s3://cadcat/loca2/ucsd/ec-earth3/ssp245/r1i1p1f1/day/rsds/d03/,check_dataset,time.extent.match,OK,0,Time axis 2015-2100 matches the documented extent.,,,ckae,climakitae,13.733
LOCA2,UCSD,EC-Earth3,ssp245,r1i1p1f1,day,rsds,d03,s3://cadcat/loca2/ucsd/ec-earth3/ssp245/r1i1p1f1/day/rsds/d03/,check_dataset,time.frequency.match,OK,0,Median step 24.00 h is consistent with 'day'.,,,ckae,climakitae,13.733
LOCA2,UCSD,EC-Earth3,ssp245,r1i1p1f1,day,rsds,d03,s3://cadcat/loca2/ucsd/ec-earth3/ssp245/r1i1p1f1/day/rsds/d03/,check_dataset,time.gaps,INFO,10,"21 interval(s) fall outside the expected step for 'day'; largest is 48.0 h. This dataset came from a reader that aligns and combines stores, so the gap describes that processing rather than any published store. Re-check with the zarr backend.",24.0-24.0 h,"21 irregular, max 48.0 h",ckae,climakitae,13.733
LOCA2,UCSD,EC-Earth3,ssp245,r1i1p1f1,day,rsds,d03,s3://cadcat/loca2/ucsd/ec-earth3/ssp245/r1i1p1f1/day/rsds/d03/,check_dataset,time.leap.calendar_contradiction,INFO,10,"Calendar is 'proleptic_gregorian', which has leap days, but the axis contains no 29 February across 21 leap year(s) in range. The time coordinate and its own calendar attribute disagree; resampling or day-of-year alignment will drift by a day after each leap year.",29 Feb present (proleptic_gregorian),no 29 Feb,ckae,climakitae,13.733
LOCA2,UCSD,MIROC6,ssp370,r1i1p1f1,day,rsds,d03,s3://cadcat/loca2/ucsd/miroc6/ssp370/r1i1p1f1/day/rsds/d03/,check_dataset,dataset.aggregated,WARN,20,"This result combines several stores (sim=3) rather than being a single published dataset. Time alignment across members can drop dates that any one member lacks, so gaps and calendar findings here are properties of the aggregation, not of the archive.",one store per query,sim=3,ckae,climakitae,13.876
LOCA2,UCSD,MIROC6,ssp370,r1i1p1f1,day,rsds,d03,s3://cadcat/loca2/ucsd/miroc6/ssp370/r1i1p1f1/day/rsds/d03/,check_dataset,var.present,OK,0,Variable 'rsds' present as named in the catalog.,,,ckae,climakitae,13.876
LOCA2,UCSD,MIROC6,ssp370,r1i1p1f1,day,rsds,d03,s3://cadcat/loca2/ucsd/miroc6/ssp370/r1i1p1f1/day/rsds/d03/,check_dataset,attr.var.standard_name.missing,INFO,10,CF-recommended attribute 'standard_name' is absent.,standard_name,,ckae,climakitae,13.876
LOCA2,UCSD,MIROC6,ssp370,r1i1p1f1,day,rsds,d03,s3://cadcat/loca2/ucsd/miroc6/ssp370/r1i1p1f1/day/rsds/d03/,check_dataset,attr.var.cell_methods.missing,INFO,10,CF-recommended attribute 'cell_methods' is absent.,cell_methods,,ckae,climakitae,13.876
LOCA2,UCSD,MIROC6,ssp370,r1i1p1f1,day,rsds,d03,s3://cadcat/loca2/ucsd/miroc6/ssp370/r1i1p1f1/day/rsds/d03/,check_dataset,units.match,OK,0,units 'W m-2' match the reference table.,,,ckae,climakitae,13.876
LOCA2,UCSD,MIROC6,ssp370,r1i1p1f1,day,rsds,d03,s3://cadcat/loca2/ucsd/miroc6/ssp370/r1i1p1f1/day/rsds/d03/,check_dataset,long_name.differs,INFO,10,long_name differs from the reference table display name.,Shortwave flux at the surface,rsds,ckae,climakitae,13.876
LOCA2,UCSD,MIROC6,ssp370,r1i1p1f1,day,rsds,d03,s3://cadcat/loca2/ucsd/miroc6/ssp370/r1i1p1f1/day/rsds/d03/,check_dataset,grid.convention,INFO,10,"Store is on a geographic grid (['lat', 'lon', 'time']).",,geographic,ckae,climakitae,13.876
LOCA2,UCSD,MIROC6,ssp370,r1i1p1f1,day,rsds,d03,s3://cadcat/loca2/ucsd/miroc6/ssp370/r1i1p1f1/day/rsds/d03/,check_dataset,dims.extra,INFO,10,Data variable has extra dimensions.,,sim,ckae,climakitae,13.876
LOCA2,UCSD,MIROC6,ssp370,r1i1p1f1,day,rsds,d03,s3://cadcat/loca2/ucsd/miroc6/ssp370/r1i1p1f1/day/rsds/d03/,check_dataset,attr.global.recommended.missing,INFO,10,Missing 3 of 6 recommended global attributes; datasets are supposed to be self-describing.,"comment, history, institution, references, source, title","comment, history, references",ckae,climakitae,13.876
LOCA2,UCSD,MIROC6,ssp370,r1i1p1f1,day,rsds,d03,s3://cadcat/loca2/ucsd/miroc6/ssp370/r1i1p1f1/day/rsds/d03/,check_dataset,attr.global.empty,WARN,20,1 global attribute(s) are present but empty. A reader cannot tell an empty value from an unanswered question.,omit the attribute or give it a value,experiment,ckae,climakitae,13.876
LOCA2,UCSD,MIROC6,ssp370,r1i1p1f1,day,rsds,d03,s3://cadcat/loca2/ucsd/miroc6/ssp370/r1i1p1f1/day/rsds/d03/,check_dataset,time.calendar,INFO,10,Calendar reported as 'proleptic_gregorian'.,,proleptic_gregorian,ckae,climakitae,13.876
LOCA2,UCSD,MIROC6,ssp370,r1i1p1f1,day,rsds,d03,s3://cadcat/loca2/ucsd/miroc6/ssp370/r1i1p1f1/day/rsds/d03/,check_dataset,time.bounds.match,OK,0,Axis 2015-01-01..2100-12-31 matches the convention.,,,ckae,climakitae,13.876
LOCA2,UCSD,MIROC6,ssp370,r1i1p1f1,day,rsds,d03,s3://cadcat/loca2/ucsd/miroc6/ssp370/r1i1p1f1/day/rsds/d03/,check_dataset,time.extent.match,OK,0,Time axis 2015-2100 matches the documented extent.,,,ckae,climakitae,13.876
LOCA2,UCSD,MIROC6,ssp370,r1i1p1f1,day,rsds,d03,s3://cadcat/loca2/ucsd/miroc6/ssp370/r1i1p1f1/day/rsds/d03/,check_dataset,time.frequency.match,OK,0,Median step 24.00 h is consistent with 'day'.,,,ckae,climakitae,13.876
LOCA2,UCSD,MIROC6,ssp370,r1i1p1f1,day,rsds,d03,s3://cadcat/loca2/ucsd/miroc6/ssp370/r1i1p1f1/day/rsds/d03/,check_dataset,time.gaps,INFO,10,"21 interval(s) fall outside the expected step for 'day'; largest is 48.0 h. This dataset came from a reader that aligns and combines stores, so the gap describes that processing rather than any published store. Re-check with the zarr backend.",24.0-24.0 h,"21 irregular, max 48.0 h",ckae,climakitae,13.876
LOCA2,UCSD,MIROC6,ssp370,r1i1p1f1,day,rsds,d03,s3://cadcat/loca2/ucsd/miroc6/ssp370/r1i1p1f1/day/rsds/d03/,check_dataset,time.leap.calendar_contradiction,INFO,10,"Calendar is 'proleptic_gregorian', which has leap days, but the axis contains no 29 February across 21 leap year(s) in range. The time coordinate and its own calendar attribute disagree; resampling or day-of-year alignment will drift by a day after each leap year.",29 Feb present (proleptic_gregorian),no 29 Feb,ckae,climakitae,13.876
LOCA2,UCSD,EC-Earth3,ssp585,r1i1p1f1,day,rsds,d03,s3://cadcat/loca2/ucsd/ec-earth3/ssp585/r1i1p1f1/day/rsds/d03/,check_dataset,dataset.aggregated,WARN,20,"This result combines several stores (sim=3) rather than being a single published dataset. Time alignment across members can drop dates that any one member lacks, so gaps and calendar findings here are properties of the aggregation, not of the archive.",one store per query,sim=3,ckae,climakitae,13.867
LOCA2,UCSD,EC-Earth3,ssp585,r1i1p1f1,day,rsds,d03,s3://cadcat/loca2/ucsd/ec-earth3/ssp585/r1i1p1f1/day/rsds/d03/,check_dataset,var.present,OK,0,Variable 'rsds' present as named in the catalog.,,,ckae,climakitae,13.867
LOCA2,UCSD,EC-Earth3,ssp585,r1i1p1f1,day,rsds,d03,s3://cadcat/loca2/ucsd/ec-earth3/ssp585/r1i1p1f1/day/rsds/d03/,check_dataset,attr.var.standard_name.missing,INFO,10,CF-recommended attribute 'standard_name' is absent.,standard_name,,ckae,climakitae,13.867
LOCA2,UCSD,EC-Earth3,ssp585,r1i1p1f1,day,rsds,d03,s3://cadcat/loca2/ucsd/ec-earth3/ssp585/r1i1p1f1/day/rsds/d03/,check_dataset,attr.var.cell_methods.missing,INFO,10,CF-recommended attribute 'cell_methods' is absent.,cell_methods,,ckae,climakitae,13.867
LOCA2,UCSD,EC-Earth3,ssp585,r1i1p1f1,day,rsds,d03,s3://cadcat/loca2/ucsd/ec-earth3/ssp585/r1i1p1f1/day/rsds/d03/,check_dataset,units.match,OK,0,units 'W m-2' match the reference table.,,,ckae,climakitae,13.867
LOCA2,UCSD,EC-Earth3,ssp585,r1i1p1f1,day,rsds,d03,s3://cadcat/loca2/ucsd/ec-earth3/ssp585/r1i1p1f1/day/rsds/d03/,check_dataset,long_name.differs,INFO,10,long_name differs from the reference table display name.,Shortwave flux at the surface,rsds,ckae,climakitae,13.867
LOCA2,UCSD,EC-Earth3,ssp585,r1i1p1f1,day,rsds,d03,s3://cadcat/loca2/ucsd/ec-earth3/ssp585/r1i1p1f1/day/rsds/d03/,check_dataset,grid.convention,INFO,10,"Store is on a geographic grid (['lat', 'lon', 'time']).",,geographic,ckae,climakitae,13.867
LOCA2,UCSD,EC-Earth3,ssp585,r1i1p1f1,day,rsds,d03,s3://cadcat/loca2/ucsd/ec-earth3/ssp585/r1i1p1f1/day/rsds/d03/,check_dataset,dims.extra,INFO,10,Data variable has extra dimensions.,,sim,ckae,climakitae,13.867
LOCA2,UCSD,EC-Earth3,ssp585,r1i1p1f1,day,rsds,d03,s3://cadcat/loca2/ucsd/ec-earth3/ssp585/r1i1p1f1/day/rsds/d03/,check_dataset,attr.global.recommended.missing,INFO,10,Missing 2 of 6 recommended global attributes; datasets are supposed to be self-describing.,"comment, history, institution, references, source, title","history, references",ckae,climakitae,13.867
LOCA2,UCSD,EC-Earth3,ssp585,r1i1p1f1,day,rsds,d03,s3://cadcat/loca2/ucsd/ec-earth3/ssp585/r1i1p1f1/day/rsds/d03/,check_dataset,attr.global.empty,WARN,20,1 global attribute(s) are present but empty. A reader cannot tell an empty value from an unanswered question.,omit the attribute or give it a value,experiment,ckae,climakitae,13.867
LOCA2,UCSD,EC-Earth3,ssp585,r1i1p1f1,day,rsds,d03,s3://cadcat/loca2/ucsd/ec-earth3/ssp585/r1i1p1f1/day/rsds/d03/,check_dataset,time.calendar,INFO,10,Calendar reported as 'proleptic_gregorian'.,,proleptic_gregorian,ckae,climakitae,13.867
LOCA2,UCSD,EC-Earth3,ssp585,r1i1p1f1,day,rsds,d03,s3://cadcat/loca2/ucsd/ec-earth3/ssp585/r1i1p1f1/day/rsds/d03/,check_dataset,time.bounds.match,OK,0,Axis 2015-01-01..2100-12-31 matches the convention.,,,ckae,climakitae,13.867
LOCA2,UCSD,EC-Earth3,ssp585,r1i1p1f1,day,rsds,d03,s3://cadcat/loca2/ucsd/ec-earth3/ssp585/r1i1p1f1/day/rsds/d03/,check_dataset,time.extent.match,OK,0,Time axis 2015-2100 matches the documented extent.,,,ckae,climakitae,13.867
LOCA2,UCSD,EC-Earth3,ssp585,r1i1p1f1,day,rsds,d03,s3://cadcat/loca2/ucsd/ec-earth3/ssp585/r1i1p1f1/day/rsds/d03/,check_dataset,time.frequency.match,OK,0,Median step 24.00 h is consistent with 'day'.,,,ckae,climakitae,13.867
LOCA2,UCSD,EC-Earth3,ssp585,r1i1p1f1,day,rsds,d03,s3://cadcat/loca2/ucsd/ec-earth3/ssp585/r1i1p1f1/day/rsds/d03/,check_dataset,time.gaps,INFO,10,"21 interval(s) fall outside the expected step for 'day'; largest is 48.0 h. This dataset came from a reader that aligns and combines stores, so the gap describes that processing rather than any published store. Re-check with the zarr backend.",24.0-24.0 h,"21 irregular, max 48.0 h",ckae,climakitae,13.867
LOCA2,UCSD,EC-Earth3,ssp585,r1i1p1f1,day,rsds,d03,s3://cadcat/loca2/ucsd/ec-earth3/ssp585/r1i1p1f1/day/rsds/d03/,check_dataset,time.leap.calendar_contradiction,INFO,10,"Calendar is 'proleptic_gregorian', which has leap days, but the axis contains no 29 February across 21 leap year(s) in range. The time coordinate and its own calendar attribute disagree; resampling or day-of-year alignment will drift by a day after each leap year.",29 Feb present (proleptic_gregorian),no 29 Feb,ckae,climakitae,13.867
LOCA2,UCSD,FGOALS-g3,historical,r5i1p1f1,day,tasmax,d03,s3://cadcat/loca2/ucsd/fgoals-g3/historical/r5i1p1f1/day/tasmax/d03/,check_dataset,dataset.aggregated,WARN,20,"This result combines several stores (sim=4) rather than being a single published dataset. Time alignment across members can drop dates that any one member lacks, so gaps and calendar findings here are properties of the aggregation, not of the archive.",one store per query,sim=4,ckae,climakitae,13.962
LOCA2,UCSD,FGOALS-g3,historical,r5i1p1f1,day,tasmax,d03,s3://cadcat/loca2/ucsd/fgoals-g3/historical/r5i1p1f1/day/tasmax/d03/,check_dataset,var.present,OK,0,Variable 'tasmax' present as named in the catalog.,,,ckae,climakitae,13.962
LOCA2,UCSD,FGOALS-g3,historical,r5i1p1f1,day,tasmax,d03,s3://cadcat/loca2/ucsd/fgoals-g3/historical/r5i1p1f1/day/tasmax/d03/,check_dataset,attr.var.standard_name.missing,INFO,10,CF-recommended attribute 'standard_name' is absent.,standard_name,,ckae,climakitae,13.962
LOCA2,UCSD,FGOALS-g3,historical,r5i1p1f1,day,tasmax,d03,s3://cadcat/loca2/ucsd/fgoals-g3/historical/r5i1p1f1/day/tasmax/d03/,check_dataset,attr.var.cell_methods.missing,INFO,10,CF-recommended attribute 'cell_methods' is absent.,cell_methods,,ckae,climakitae,13.962
LOCA2,UCSD,FGOALS-g3,historical,r5i1p1f1,day,tasmax,d03,s3://cadcat/loca2/ucsd/fgoals-g3/historical/r5i1p1f1/day/tasmax/d03/,check_dataset,units.match,OK,0,units 'K' match the reference table.,,,ckae,climakitae,13.962
LOCA2,UCSD,FGOALS-g3,historical,r5i1p1f1,day,tasmax,d03,s3://cadcat/loca2/ucsd/fgoals-g3/historical/r5i1p1f1/day/tasmax/d03/,check_dataset,long_name.differs,INFO,10,long_name differs from the reference table display name.,Maximum air temperature at 2m,tasmax,ckae,climakitae,13.962
LOCA2,UCSD,FGOALS-g3,historical,r5i1p1f1,day,tasmax,d03,s3://cadcat/loca2/ucsd/fgoals-g3/historical/r5i1p1f1/day/tasmax/d03/,check_dataset,grid.convention,INFO,10,"Store is on a geographic grid (['lat', 'lon', 'time']).",,geographic,ckae,climakitae,13.962
LOCA2,UCSD,FGOALS-g3,historical,r5i1p1f1,day,tasmax,d03,s3://cadcat/loca2/ucsd/fgoals-g3/historical/r5i1p1f1/day/tasmax/d03/,check_dataset,dims.extra,INFO,10,Data variable has extra dimensions.,,sim,ckae,climakitae,13.962
LOCA2,UCSD,FGOALS-g3,historical,r5i1p1f1,day,tasmax,d03,s3://cadcat/loca2/ucsd/fgoals-g3/historical/r5i1p1f1/day/tasmax/d03/,check_dataset,attr.global.recommended.missing,WARN,20,Missing 4 of 6 recommended global attributes; datasets are supposed to be self-describing.,"comment, history, institution, references, source, title","comment, history, references, source",ckae,climakitae,13.962
LOCA2,UCSD,FGOALS-g3,historical,r5i1p1f1,day,tasmax,d03,s3://cadcat/loca2/ucsd/fgoals-g3/historical/r5i1p1f1/day/tasmax/d03/,check_dataset,attr.global.empty,WARN,20,1 global attribute(s) are present but empty. A reader cannot tell an empty value from an unanswered question.,omit the attribute or give it a value,experiment,ckae,climakitae,13.962
LOCA2,UCSD,FGOALS-g3,historical,r5i1p1f1,day,tasmax,d03,s3://cadcat/loca2/ucsd/fgoals-g3/historical/r5i1p1f1/day/tasmax/d03/,check_dataset,time.calendar,INFO,10,Calendar reported as 'proleptic_gregorian'.,,proleptic_gregorian,ckae,climakitae,13.962
LOCA2,UCSD,FGOALS-g3,historical,r5i1p1f1,day,tasmax,d03,s3://cadcat/loca2/ucsd/fgoals-g3/historical/r5i1p1f1/day/tasmax/d03/,check_dataset,time.bounds.match,OK,0,Axis 1950-01-01..2014-12-31 matches the convention.,,,ckae,climakitae,13.962
LOCA2,UCSD,FGOALS-g3,historical,r5i1p1f1,day,tasmax,d03,s3://cadcat/loca2/ucsd/fgoals-g3/historical/r5i1p1f1/day/tasmax/d03/,check_dataset,time.extent.match,OK,0,Time axis 1950-2014 matches the documented extent.,,,ckae,climakitae,13.962
LOCA2,UCSD,FGOALS-g3,historical,r5i1p1f1,day,tasmax,d03,s3://cadcat/loca2/ucsd/fgoals-g3/historical/r5i1p1f1/day/tasmax/d03/,check_dataset,time.frequency.match,OK,0,Median step 24.00 h is consistent with 'day'.,,,ckae,climakitae,13.962
LOCA2,UCSD,FGOALS-g3,historical,r5i1p1f1,day,tasmax,d03,s3://cadcat/loca2/ucsd/fgoals-g3/historical/r5i1p1f1/day/tasmax/d03/,check_dataset,time.gaps,INFO,10,"16 interval(s) fall outside the expected step for 'day'; largest is 48.0 h. This dataset came from a reader that aligns and combines stores, so the gap describes that processing rather than any published store. Re-check with the zarr backend.",24.0-24.0 h,"16 irregular, max 48.0 h",ckae,climakitae,13.962
LOCA2,UCSD,FGOALS-g3,historical,r5i1p1f1,day,tasmax,d03,s3://cadcat/loca2/ucsd/fgoals-g3/historical/r5i1p1f1/day/tasmax/d03/,check_dataset,time.leap.calendar_contradiction,INFO,10,"Calendar is 'proleptic_gregorian', which has leap days, but the axis contains no 29 February across 16 leap year(s) in range. The time coordinate and its own calendar attribute disagree; resampling or day-of-year alignment will drift by a day after each leap year.",29 Feb present (proleptic_gregorian),no 29 Feb,ckae,climakitae,13.962
LOCA2,UCSD,EC-Earth3-Veg,ssp245,r5i1p1f1,day,tasmax,d03,s3://cadcat/loca2/ucsd/ec-earth3-veg/ssp245/r5i1p1f1/day/tasmax/d03/,check_dataset,dataset.aggregated,WARN,20,"This result combines several stores (sim=5) rather than being a single published dataset. Time alignment across members can drop dates that any one member lacks, so gaps and calendar findings here are properties of the aggregation, not of the archive.",one store per query,sim=5,ckae,climakitae,15.15
LOCA2,UCSD,EC-Earth3-Veg,ssp245,r5i1p1f1,day,tasmax,d03,s3://cadcat/loca2/ucsd/ec-earth3-veg/ssp245/r5i1p1f1/day/tasmax/d03/,check_dataset,var.present,OK,0,Variable 'tasmax' present as named in the catalog.,,,ckae,climakitae,15.15
LOCA2,UCSD,EC-Earth3-Veg,ssp245,r5i1p1f1,day,tasmax,d03,s3://cadcat/loca2/ucsd/ec-earth3-veg/ssp245/r5i1p1f1/day/tasmax/d03/,check_dataset,attr.var.standard_name.missing,INFO,10,CF-recommended attribute 'standard_name' is absent.,standard_name,,ckae,climakitae,15.15
LOCA2,UCSD,EC-Earth3-Veg,ssp245,r5i1p1f1,day,tasmax,d03,s3://cadcat/loca2/ucsd/ec-earth3-veg/ssp245/r5i1p1f1/day/tasmax/d03/,check_dataset,attr.var.cell_methods.missing,INFO,10,CF-recommended attribute 'cell_methods' is absent.,cell_methods,,ckae,climakitae,15.15
LOCA2,UCSD,EC-Earth3-Veg,ssp245,r5i1p1f1,day,tasmax,d03,s3://cadcat/loca2/ucsd/ec-earth3-veg/ssp245/r5i1p1f1/day/tasmax/d03/,check_dataset,units.match,OK,0,units 'K' match the reference table.,,,ckae,climakitae,15.15
LOCA2,UCSD,EC-Earth3-Veg,ssp245,r5i1p1f1,day,tasmax,d03,s3://cadcat/loca2/ucsd/ec-earth3-veg/ssp245/r5i1p1f1/day/tasmax/d03/,check_dataset,long_name.differs,INFO,10,long_name differs from the reference table display name.,Maximum air temperature at 2m,tasmax,ckae,climakitae,15.15
LOCA2,UCSD,EC-Earth3-Veg,ssp245,r5i1p1f1,day,tasmax,d03,s3://cadcat/loca2/ucsd/ec-earth3-veg/ssp245/r5i1p1f1/day/tasmax/d03/,check_dataset,grid.convention,INFO,10,"Store is on a geographic grid (['lat', 'lon', 'time']).",,geographic,ckae,climakitae,15.15
LOCA2,UCSD,EC-Earth3-Veg,ssp245,r5i1p1f1,day,tasmax,d03,s3://cadcat/loca2/ucsd/ec-earth3-veg/ssp245/r5i1p1f1/day/tasmax/d03/,check_dataset,dims.extra,INFO,10,Data variable has extra dimensions.,,sim,ckae,climakitae,15.15
LOCA2,UCSD,EC-Earth3-Veg,ssp245,r5i1p1f1,day,tasmax,d03,s3://cadcat/loca2/ucsd/ec-earth3-veg/ssp245/r5i1p1f1/day/tasmax/d03/,check_dataset,attr.global.recommended.missing,INFO,10,Missing 3 of 6 recommended global attributes; datasets are supposed to be self-describing.,"comment, history, institution, references, source, title","comment, history, references",ckae,climakitae,15.15
LOCA2,UCSD,EC-Earth3-Veg,ssp245,r5i1p1f1,day,tasmax,d03,s3://cadcat/loca2/ucsd/ec-earth3-veg/ssp245/r5i1p1f1/day/tasmax/d03/,check_dataset,attr.global.empty,WARN,20,1 global attribute(s) are present but empty. A reader cannot tell an empty value from an unanswered question.,omit the attribute or give it a value,experiment,ckae,climakitae,15.15
LOCA2,UCSD,EC-Earth3-Veg,ssp245,r5i1p1f1,day,tasmax,d03,s3://cadcat/loca2/ucsd/ec-earth3-veg/ssp245/r5i1p1f1/day/tasmax/d03/,check_dataset,time.calendar,INFO,10,Calendar reported as 'proleptic_gregorian'.,,proleptic_gregorian,ckae,climakitae,15.15
LOCA2,UCSD,EC-Earth3-Veg,ssp245,r5i1p1f1,day,tasmax,d03,s3://cadcat/loca2/ucsd/ec-earth3-veg/ssp245/r5i1p1f1/day/tasmax/d03/,check_dataset,time.bounds.match,OK,0,Axis 2015-01-01..2100-12-31 matches the convention.,,,ckae,climakitae,15.15
LOCA2,UCSD,EC-Earth3-Veg,ssp245,r5i1p1f1,day,tasmax,d03,s3://cadcat/loca2/ucsd/ec-earth3-veg/ssp245/r5i1p1f1/day/tasmax/d03/,check_dataset,time.extent.match,OK,0,Time axis 2015-2100 matches the documented extent.,,,ckae,climakitae,15.15
LOCA2,UCSD,EC-Earth3-Veg,ssp245,r5i1p1f1,day,tasmax,d03,s3://cadcat/loca2/ucsd/ec-earth3-veg/ssp245/r5i1p1f1/day/tasmax/d03/,check_dataset,time.frequency.match,OK,0,Median step 24.00 h is consistent with 'day'.,,,ckae,climakitae,15.15
LOCA2,UCSD,EC-Earth3-Veg,ssp245,r5i1p1f1,day,tasmax,d03,s3://cadcat/loca2/ucsd/ec-earth3-veg/ssp245/r5i1p1f1/day/tasmax/d03/,check_dataset,time.gaps,INFO,10,"21 interval(s) fall outside the expected step for 'day'; largest is 48.0 h. This dataset came from a reader that aligns and combines stores, so the gap describes that processing rather than any published store. Re-check with the zarr backend.",24.0-24.0 h,"21 irregular, max 48.0 h",ckae,climakitae,15.15
LOCA2,UCSD,EC-Earth3-Veg,ssp245,r5i1p1f1,day,tasmax,d03,s3://cadcat/loca2/ucsd/ec-earth3-veg/ssp245/r5i1p1f1/day/tasmax/d03/,check_dataset,time.leap.calendar_contradiction,INFO,10,"Calendar is 'proleptic_gregorian', which has leap days, but the axis contains no 29 February across 21 leap year(s) in range. The time coordinate and its own calendar attribute disagree; resampling or day-of-year alignment will drift by a day after each leap year.",29 Feb present (proleptic_gregorian),no 29 Feb,ckae,climakitae,15.15
LOCA2,UCSD,IPSL-CM6A-LR,ssp370,r10i1p1f1,day,tasmax,d03,s3://cadcat/loca2/ucsd/ipsl-cm6a-lr/ssp370/r10i1p1f1/day/tasmax/d03/,check_dataset,dataset.aggregated,WARN,20,"This result combines several stores (sim=10) rather than being a single published dataset. Time alignment across members can drop dates that any one member lacks, so gaps and calendar findings here are properties of the aggregation, not of the archive.",one store per query,sim=10,ckae,climakitae,16.111
LOCA2,UCSD,IPSL-CM6A-LR,ssp370,r10i1p1f1,day,tasmax,d03,s3://cadcat/loca2/ucsd/ipsl-cm6a-lr/ssp370/r10i1p1f1/day/tasmax/d03/,check_dataset,var.present,OK,0,Variable 'tasmax' present as named in the catalog.,,,ckae,climakitae,16.111
LOCA2,UCSD,IPSL-CM6A-LR,ssp370,r10i1p1f1,day,tasmax,d03,s3://cadcat/loca2/ucsd/ipsl-cm6a-lr/ssp370/r10i1p1f1/day/tasmax/d03/,check_dataset,attr.var.standard_name.missing,INFO,10,CF-recommended attribute 'standard_name' is absent.,standard_name,,ckae,climakitae,16.111
LOCA2,UCSD,IPSL-CM6A-LR,ssp370,r10i1p1f1,day,tasmax,d03,s3://cadcat/loca2/ucsd/ipsl-cm6a-lr/ssp370/r10i1p1f1/day/tasmax/d03/,check_dataset,attr.var.cell_methods.missing,INFO,10,CF-recommended attribute 'cell_methods' is absent.,cell_methods,,ckae,climakitae,16.111
LOCA2,UCSD,IPSL-CM6A-LR,ssp370,r10i1p1f1,day,tasmax,d03,s3://cadcat/loca2/ucsd/ipsl-cm6a-lr/ssp370/r10i1p1f1/day/tasmax/d03/,check_dataset,units.match,OK,0,units 'K' match the reference table.,,,ckae,climakitae,16.111
LOCA2,UCSD,IPSL-CM6A-LR,ssp370,r10i1p1f1,day,tasmax,d03,s3://cadcat/loca2/ucsd/ipsl-cm6a-lr/ssp370/r10i1p1f1/day/tasmax/d03/,check_dataset,long_name.differs,INFO,10,long_name differs from the reference table display name.,Maximum air temperature at 2m,tasmax,ckae,climakitae,16.111
LOCA2,UCSD,IPSL-CM6A-LR,ssp370,r10i1p1f1,day,tasmax,d03,s3://cadcat/loca2/ucsd/ipsl-cm6a-lr/ssp370/r10i1p1f1/day/tasmax/d03/,check_dataset,grid.convention,INFO,10,"Store is on a geographic grid (['lat', 'lon', 'time']).",,geographic,ckae,climakitae,16.111
LOCA2,UCSD,IPSL-CM6A-LR,ssp370,r10i1p1f1,day,tasmax,d03,s3://cadcat/loca2/ucsd/ipsl-cm6a-lr/ssp370/r10i1p1f1/day/tasmax/d03/,check_dataset,dims.extra,INFO,10,Data variable has extra dimensions.,,sim,ckae,climakitae,16.111
LOCA2,UCSD,IPSL-CM6A-LR,ssp370,r10i1p1f1,day,tasmax,d03,s3://cadcat/loca2/ucsd/ipsl-cm6a-lr/ssp370/r10i1p1f1/day/tasmax/d03/,check_dataset,attr.global.recommended.missing,INFO,10,Missing 3 of 6 recommended global attributes; datasets are supposed to be self-describing.,"comment, history, institution, references, source, title","comment, history, references",ckae,climakitae,16.111
LOCA2,UCSD,IPSL-CM6A-LR,ssp370,r10i1p1f1,day,tasmax,d03,s3://cadcat/loca2/ucsd/ipsl-cm6a-lr/ssp370/r10i1p1f1/day/tasmax/d03/,check_dataset,attr.global.empty,WARN,20,1 global attribute(s) are present but empty. A reader cannot tell an empty value from an unanswered question.,omit the attribute or give it a value,experiment,ckae,climakitae,16.111
LOCA2,UCSD,IPSL-CM6A-LR,ssp370,r10i1p1f1,day,tasmax,d03,s3://cadcat/loca2/ucsd/ipsl-cm6a-lr/ssp370/r10i1p1f1/day/tasmax/d03/,check_dataset,time.calendar,INFO,10,Calendar reported as 'proleptic_gregorian'.,,proleptic_gregorian,ckae,climakitae,16.111
LOCA2,UCSD,IPSL-CM6A-LR,ssp370,r10i1p1f1,day,tasmax,d03,s3://cadcat/loca2/ucsd/ipsl-cm6a-lr/ssp370/r10i1p1f1/day/tasmax/d03/,check_dataset,time.bounds.match,OK,0,Axis 2015-01-01..2100-12-31 matches the convention.,,,ckae,climakitae,16.111
LOCA2,UCSD,IPSL-CM6A-LR,ssp370,r10i1p1f1,day,tasmax,d03,s3://cadcat/loca2/ucsd/ipsl-cm6a-lr/ssp370/r10i1p1f1/day/tasmax/d03/,check_dataset,time.extent.match,OK,0,Time axis 2015-2100 matches the documented extent.,,,ckae,climakitae,16.111
LOCA2,UCSD,IPSL-CM6A-LR,ssp370,r10i1p1f1,day,tasmax,d03,s3://cadcat/loca2/ucsd/ipsl-cm6a-lr/ssp370/r10i1p1f1/day/tasmax/d03/,check_dataset,time.frequency.match,OK,0,Median step 24.00 h is consistent with 'day'.,,,ckae,climakitae,16.111
LOCA2,UCSD,IPSL-CM6A-LR,ssp370,r10i1p1f1,day,tasmax,d03,s3://cadcat/loca2/ucsd/ipsl-cm6a-lr/ssp370/r10i1p1f1/day/tasmax/d03/,check_dataset,time.gaps,INFO,10,"21 interval(s) fall outside the expected step for 'day'; largest is 48.0 h. This dataset came from a reader that aligns and combines stores, so the gap describes that processing rather than any published store. Re-check with the zarr backend.",24.0-24.0 h,"21 irregular, max 48.0 h",ckae,climakitae,16.111
LOCA2,UCSD,IPSL-CM6A-LR,ssp370,r10i1p1f1,day,tasmax,d03,s3://cadcat/loca2/ucsd/ipsl-cm6a-lr/ssp370/r10i1p1f1/day/tasmax/d03/,check_dataset,time.leap.calendar_contradiction,INFO,10,"Calendar is 'proleptic_gregorian', which has leap days, but the axis contains no 29 February across 21 leap year(s) in range. The time coordinate and its own calendar attribute disagree; resampling or day-of-year alignment will drift by a day after each leap year.",29 Feb present (proleptic_gregorian),no 29 Feb,ckae,climakitae,16.111
LOCA2,UCSD,FGOALS-g3,ssp585,r1i1p1f1,day,tasmax,d03,s3://cadcat/loca2/ucsd/fgoals-g3/ssp585/r1i1p1f1/day/tasmax/d03/,check_dataset,dataset.aggregated,WARN,20,"This result combines several stores (sim=3) rather than being a single published dataset. Time alignment across members can drop dates that any one member lacks, so gaps and calendar findings here are properties of the aggregation, not of the archive.",one store per query,sim=3,ckae,climakitae,14.473
LOCA2,UCSD,FGOALS-g3,ssp585,r1i1p1f1,day,tasmax,d03,s3://cadcat/loca2/ucsd/fgoals-g3/ssp585/r1i1p1f1/day/tasmax/d03/,check_dataset,var.present,OK,0,Variable 'tasmax' present as named in the catalog.,,,ckae,climakitae,14.473
LOCA2,UCSD,FGOALS-g3,ssp585,r1i1p1f1,day,tasmax,d03,s3://cadcat/loca2/ucsd/fgoals-g3/ssp585/r1i1p1f1/day/tasmax/d03/,check_dataset,attr.var.standard_name.missing,INFO,10,CF-recommended attribute 'standard_name' is absent.,standard_name,,ckae,climakitae,14.473
LOCA2,UCSD,FGOALS-g3,ssp585,r1i1p1f1,day,tasmax,d03,s3://cadcat/loca2/ucsd/fgoals-g3/ssp585/r1i1p1f1/day/tasmax/d03/,check_dataset,attr.var.cell_methods.missing,INFO,10,CF-recommended attribute 'cell_methods' is absent.,cell_methods,,ckae,climakitae,14.473
LOCA2,UCSD,FGOALS-g3,ssp585,r1i1p1f1,day,tasmax,d03,s3://cadcat/loca2/ucsd/fgoals-g3/ssp585/r1i1p1f1/day/tasmax/d03/,check_dataset,units.match,OK,0,units 'K' match the reference table.,,,ckae,climakitae,14.473
LOCA2,UCSD,FGOALS-g3,ssp585,r1i1p1f1,day,tasmax,d03,s3://cadcat/loca2/ucsd/fgoals-g3/ssp585/r1i1p1f1/day/tasmax/d03/,check_dataset,long_name.differs,INFO,10,long_name differs from the reference table display name.,Maximum air temperature at 2m,tasmax,ckae,climakitae,14.473
LOCA2,UCSD,FGOALS-g3,ssp585,r1i1p1f1,day,tasmax,d03,s3://cadcat/loca2/ucsd/fgoals-g3/ssp585/r1i1p1f1/day/tasmax/d03/,check_dataset,grid.convention,INFO,10,"Store is on a geographic grid (['lat', 'lon', 'time']).",,geographic,ckae,climakitae,14.473
LOCA2,UCSD,FGOALS-g3,ssp585,r1i1p1f1,day,tasmax,d03,s3://cadcat/loca2/ucsd/fgoals-g3/ssp585/r1i1p1f1/day/tasmax/d03/,check_dataset,dims.extra,INFO,10,Data variable has extra dimensions.,,sim,ckae,climakitae,14.473
LOCA2,UCSD,FGOALS-g3,ssp585,r1i1p1f1,day,tasmax,d03,s3://cadcat/loca2/ucsd/fgoals-g3/ssp585/r1i1p1f1/day/tasmax/d03/,check_dataset,attr.global.recommended.missing,INFO,10,Missing 3 of 6 recommended global attributes; datasets are supposed to be self-describing.,"comment, history, institution, references, source, title","comment, history, references",ckae,climakitae,14.473
LOCA2,UCSD,FGOALS-g3,ssp585,r1i1p1f1,day,tasmax,d03,s3://cadcat/loca2/ucsd/fgoals-g3/ssp585/r1i1p1f1/day/tasmax/d03/,check_dataset,attr.global.empty,WARN,20,1 global attribute(s) are present but empty. A reader cannot tell an empty value from an unanswered question.,omit the attribute or give it a value,experiment,ckae,climakitae,14.473
LOCA2,UCSD,FGOALS-g3,ssp585,r1i1p1f1,day,tasmax,d03,s3://cadcat/loca2/ucsd/fgoals-g3/ssp585/r1i1p1f1/day/tasmax/d03/,check_dataset,time.calendar,INFO,10,Calendar reported as 'proleptic_gregorian'.,,proleptic_gregorian,ckae,climakitae,14.473
LOCA2,UCSD,FGOALS-g3,ssp585,r1i1p1f1,day,tasmax,d03,s3://cadcat/loca2/ucsd/fgoals-g3/ssp585/r1i1p1f1/day/tasmax/d03/,check_dataset,time.bounds.match,OK,0,Axis 2015-01-01..2100-12-31 matches the convention.,,,ckae,climakitae,14.473
LOCA2,UCSD,FGOALS-g3,ssp585,r1i1p1f1,day,tasmax,d03,s3://cadcat/loca2/ucsd/fgoals-g3/ssp585/r1i1p1f1/day/tasmax/d03/,check_dataset,time.extent.match,OK,0,Time axis 2015-2100 matches the documented extent.,,,ckae,climakitae,14.473
LOCA2,UCSD,FGOALS-g3,ssp585,r1i1p1f1,day,tasmax,d03,s3://cadcat/loca2/ucsd/fgoals-g3/ssp585/r1i1p1f1/day/tasmax/d03/,check_dataset,time.frequency.match,OK,0,Median step 24.00 h is consistent with 'day'.,,,ckae,climakitae,14.473
LOCA2,UCSD,FGOALS-g3,ssp585,r1i1p1f1,day,tasmax,d03,s3://cadcat/loca2/ucsd/fgoals-g3/ssp585/r1i1p1f1/day/tasmax/d03/,check_dataset,time.gaps,INFO,10,"21 interval(s) fall outside the expected step for 'day'; largest is 48.0 h. This dataset came from a reader that aligns and combines stores, so the gap describes that processing rather than any published store. Re-check with the zarr backend.",24.0-24.0 h,"21 irregular, max 48.0 h",ckae,climakitae,14.473
LOCA2,UCSD,FGOALS-g3,ssp585,r1i1p1f1,day,tasmax,d03,s3://cadcat/loca2/ucsd/fgoals-g3/ssp585/r1i1p1f1/day/tasmax/d03/,check_dataset,time.leap.calendar_contradiction,INFO,10,"Calendar is 'proleptic_gregorian', which has leap days, but the axis contains no 29 February across 21 leap year(s) in range. The time coordinate and its own calendar attribute disagree; resampling or day-of-year alignment will drift by a day after each leap year.",29 Feb present (proleptic_gregorian),no 29 Feb,ckae,climakitae,14.473
LOCA2,UCSD,FGOALS-g3,historical,r5i1p1f1,day,tasmin,d03,s3://cadcat/loca2/ucsd/fgoals-g3/historical/r5i1p1f1/day/tasmin/d03/,check_dataset,dataset.aggregated,WARN,20,"This result combines several stores (sim=4) rather than being a single published dataset. Time alignment across members can drop dates that any one member lacks, so gaps and calendar findings here are properties of the aggregation, not of the archive.",one store per query,sim=4,ckae,climakitae,14.393
LOCA2,UCSD,FGOALS-g3,historical,r5i1p1f1,day,tasmin,d03,s3://cadcat/loca2/ucsd/fgoals-g3/historical/r5i1p1f1/day/tasmin/d03/,check_dataset,var.present,OK,0,Variable 'tasmin' present as named in the catalog.,,,ckae,climakitae,14.393
LOCA2,UCSD,FGOALS-g3,historical,r5i1p1f1,day,tasmin,d03,s3://cadcat/loca2/ucsd/fgoals-g3/historical/r5i1p1f1/day/tasmin/d03/,check_dataset,attr.var.standard_name.missing,INFO,10,CF-recommended attribute 'standard_name' is absent.,standard_name,,ckae,climakitae,14.393
LOCA2,UCSD,FGOALS-g3,historical,r5i1p1f1,day,tasmin,d03,s3://cadcat/loca2/ucsd/fgoals-g3/historical/r5i1p1f1/day/tasmin/d03/,check_dataset,attr.var.cell_methods.missing,INFO,10,CF-recommended attribute 'cell_methods' is absent.,cell_methods,,ckae,climakitae,14.393
LOCA2,UCSD,FGOALS-g3,historical,r5i1p1f1,day,tasmin,d03,s3://cadcat/loca2/ucsd/fgoals-g3/historical/r5i1p1f1/day/tasmin/d03/,check_dataset,units.match,OK,0,units 'K' match the reference table.,,,ckae,climakitae,14.393
LOCA2,UCSD,FGOALS-g3,historical,r5i1p1f1,day,tasmin,d03,s3://cadcat/loca2/ucsd/fgoals-g3/historical/r5i1p1f1/day/tasmin/d03/,check_dataset,long_name.differs,INFO,10,long_name differs from the reference table display name.,Minimum air temperature at 2m,tasmin,ckae,climakitae,14.393
LOCA2,UCSD,FGOALS-g3,historical,r5i1p1f1,day,tasmin,d03,s3://cadcat/loca2/ucsd/fgoals-g3/historical/r5i1p1f1/day/tasmin/d03/,check_dataset,grid.convention,INFO,10,"Store is on a geographic grid (['lat', 'lon', 'time']).",,geographic,ckae,climakitae,14.393
LOCA2,UCSD,FGOALS-g3,historical,r5i1p1f1,day,tasmin,d03,s3://cadcat/loca2/ucsd/fgoals-g3/historical/r5i1p1f1/day/tasmin/d03/,check_dataset,dims.extra,INFO,10,Data variable has extra dimensions.,,sim,ckae,climakitae,14.393
LOCA2,UCSD,FGOALS-g3,historical,r5i1p1f1,day,tasmin,d03,s3://cadcat/loca2/ucsd/fgoals-g3/historical/r5i1p1f1/day/tasmin/d03/,check_dataset,attr.global.recommended.missing,WARN,20,Missing 4 of 6 recommended global attributes; datasets are supposed to be self-describing.,"comment, history, institution, references, source, title","comment, history, references, source",ckae,climakitae,14.393
LOCA2,UCSD,FGOALS-g3,historical,r5i1p1f1,day,tasmin,d03,s3://cadcat/loca2/ucsd/fgoals-g3/historical/r5i1p1f1/day/tasmin/d03/,check_dataset,time.calendar,INFO,10,Calendar reported as 'proleptic_gregorian'.,,proleptic_gregorian,ckae,climakitae,14.393
LOCA2,UCSD,FGOALS-g3,historical,r5i1p1f1,day,tasmin,d03,s3://cadcat/loca2/ucsd/fgoals-g3/historical/r5i1p1f1/day/tasmin/d03/,check_dataset,time.bounds.match,OK,0,Axis 1950-01-01..2014-12-31 matches the convention.,,,ckae,climakitae,14.393
LOCA2,UCSD,FGOALS-g3,historical,r5i1p1f1,day,tasmin,d03,s3://cadcat/loca2/ucsd/fgoals-g3/historical/r5i1p1f1/day/tasmin/d03/,check_dataset,time.extent.match,OK,0,Time axis 1950-2014 matches the documented extent.,,,ckae,climakitae,14.393
LOCA2,UCSD,FGOALS-g3,historical,r5i1p1f1,day,tasmin,d03,s3://cadcat/loca2/ucsd/fgoals-g3/historical/r5i1p1f1/day/tasmin/d03/,check_dataset,time.frequency.match,OK,0,Median step 24.00 h is consistent with 'day'.,,,ckae,climakitae,14.393
LOCA2,UCSD,FGOALS-g3,historical,r5i1p1f1,day,tasmin,d03,s3://cadcat/loca2/ucsd/fgoals-g3/historical/r5i1p1f1/day/tasmin/d03/,check_dataset,time.gaps,INFO,10,"16 interval(s) fall outside the expected step for 'day'; largest is 48.0 h. This dataset came from a reader that aligns and combines stores, so the gap describes that processing rather than any published store. Re-check with the zarr backend.",24.0-24.0 h,"16 irregular, max 48.0 h",ckae,climakitae,14.393
LOCA2,UCSD,FGOALS-g3,historical,r5i1p1f1,day,tasmin,d03,s3://cadcat/loca2/ucsd/fgoals-g3/historical/r5i1p1f1/day/tasmin/d03/,check_dataset,time.leap.calendar_contradiction,INFO,10,"Calendar is 'proleptic_gregorian', which has leap days, but the axis contains no 29 February across 16 leap year(s) in range. The time coordinate and its own calendar attribute disagree; resampling or day-of-year alignment will drift by a day after each leap year.",29 Feb present (proleptic_gregorian),no 29 Feb,ckae,climakitae,14.393
LOCA2,UCSD,EC-Earth3-Veg,ssp245,r5i1p1f1,day,tasmin,d03,s3://cadcat/loca2/ucsd/ec-earth3-veg/ssp245/r5i1p1f1/day/tasmin/d03/,check_dataset,dataset.aggregated,WARN,20,"This result combines several stores (sim=5) rather than being a single published dataset. Time alignment across members can drop dates that any one member lacks, so gaps and calendar findings here are properties of the aggregation, not of the archive.",one store per query,sim=5,ckae,climakitae,14.978
LOCA2,UCSD,EC-Earth3-Veg,ssp245,r5i1p1f1,day,tasmin,d03,s3://cadcat/loca2/ucsd/ec-earth3-veg/ssp245/r5i1p1f1/day/tasmin/d03/,check_dataset,var.present,OK,0,Variable 'tasmin' present as named in the catalog.,,,ckae,climakitae,14.978
LOCA2,UCSD,EC-Earth3-Veg,ssp245,r5i1p1f1,day,tasmin,d03,s3://cadcat/loca2/ucsd/ec-earth3-veg/ssp245/r5i1p1f1/day/tasmin/d03/,check_dataset,attr.var.standard_name.missing,INFO,10,CF-recommended attribute 'standard_name' is absent.,standard_name,,ckae,climakitae,14.978
LOCA2,UCSD,EC-Earth3-Veg,ssp245,r5i1p1f1,day,tasmin,d03,s3://cadcat/loca2/ucsd/ec-earth3-veg/ssp245/r5i1p1f1/day/tasmin/d03/,check_dataset,attr.var.cell_methods.missing,INFO,10,CF-recommended attribute 'cell_methods' is absent.,cell_methods,,ckae,climakitae,14.978
LOCA2,UCSD,EC-Earth3-Veg,ssp245,r5i1p1f1,day,tasmin,d03,s3://cadcat/loca2/ucsd/ec-earth3-veg/ssp245/r5i1p1f1/day/tasmin/d03/,check_dataset,units.match,OK,0,units 'K' match the reference table.,,,ckae,climakitae,14.978
LOCA2,UCSD,EC-Earth3-Veg,ssp245,r5i1p1f1,day,tasmin,d03,s3://cadcat/loca2/ucsd/ec-earth3-veg/ssp245/r5i1p1f1/day/tasmin/d03/,check_dataset,long_name.differs,INFO,10,long_name differs from the reference table display name.,Minimum air temperature at 2m,tasmin,ckae,climakitae,14.978
LOCA2,UCSD,EC-Earth3-Veg,ssp245,r5i1p1f1,day,tasmin,d03,s3://cadcat/loca2/ucsd/ec-earth3-veg/ssp245/r5i1p1f1/day/tasmin/d03/,check_dataset,grid.convention,INFO,10,"Store is on a geographic grid (['lat', 'lon', 'time']).",,geographic,ckae,climakitae,14.978
LOCA2,UCSD,EC-Earth3-Veg,ssp245,r5i1p1f1,day,tasmin,d03,s3://cadcat/loca2/ucsd/ec-earth3-veg/ssp245/r5i1p1f1/day/tasmin/d03/,check_dataset,dims.extra,INFO,10,Data variable has extra dimensions.,,sim,ckae,climakitae,14.978
LOCA2,UCSD,EC-Earth3-Veg,ssp245,r5i1p1f1,day,tasmin,d03,s3://cadcat/loca2/ucsd/ec-earth3-veg/ssp245/r5i1p1f1/day/tasmin/d03/,check_dataset,attr.global.recommended.missing,INFO,10,Missing 3 of 6 recommended global attributes; datasets are supposed to be self-describing.,"comment, history, institution, references, source, title","comment, history, references",ckae,climakitae,14.978
LOCA2,UCSD,EC-Earth3-Veg,ssp245,r5i1p1f1,day,tasmin,d03,s3://cadcat/loca2/ucsd/ec-earth3-veg/ssp245/r5i1p1f1/day/tasmin/d03/,check_dataset,time.calendar,INFO,10,Calendar reported as 'proleptic_gregorian'.,,proleptic_gregorian,ckae,climakitae,14.978
LOCA2,UCSD,EC-Earth3-Veg,ssp245,r5i1p1f1,day,tasmin,d03,s3://cadcat/loca2/ucsd/ec-earth3-veg/ssp245/r5i1p1f1/day/tasmin/d03/,check_dataset,time.bounds.match,OK,0,Axis 2015-01-01..2100-12-31 matches the convention.,,,ckae,climakitae,14.978
LOCA2,UCSD,EC-Earth3-Veg,ssp245,r5i1p1f1,day,tasmin,d03,s3://cadcat/loca2/ucsd/ec-earth3-veg/ssp245/r5i1p1f1/day/tasmin/d03/,check_dataset,time.extent.match,OK,0,Time axis 2015-2100 matches the documented extent.,,,ckae,climakitae,14.978
LOCA2,UCSD,EC-Earth3-Veg,ssp245,r5i1p1f1,day,tasmin,d03,s3://cadcat/loca2/ucsd/ec-earth3-veg/ssp245/r5i1p1f1/day/tasmin/d03/,check_dataset,time.frequency.match,OK,0,Median step 24.00 h is consistent with 'day'.,,,ckae,climakitae,14.978
LOCA2,UCSD,EC-Earth3-Veg,ssp245,r5i1p1f1,day,tasmin,d03,s3://cadcat/loca2/ucsd/ec-earth3-veg/ssp245/r5i1p1f1/day/tasmin/d03/,check_dataset,time.gaps,INFO,10,"21 interval(s) fall outside the expected step for 'day'; largest is 48.0 h. This dataset came from a reader that aligns and combines stores, so the gap describes that processing rather than any published store. Re-check with the zarr backend.",24.0-24.0 h,"21 irregular, max 48.0 h",ckae,climakitae,14.978
LOCA2,UCSD,EC-Earth3-Veg,ssp245,r5i1p1f1,day,tasmin,d03,s3://cadcat/loca2/ucsd/ec-earth3-veg/ssp245/r5i1p1f1/day/tasmin/d03/,check_dataset,time.leap.calendar_contradiction,INFO,10,"Calendar is 'proleptic_gregorian', which has leap days, but the axis contains no 29 February across 21 leap year(s) in range. The time coordinate and its own calendar attribute disagree; resampling or day-of-year alignment will drift by a day after each leap year.",29 Feb present (proleptic_gregorian),no 29 Feb,ckae,climakitae,14.978
LOCA2,UCSD,IPSL-CM6A-LR,ssp370,r10i1p1f1,day,tasmin,d03,s3://cadcat/loca2/ucsd/ipsl-cm6a-lr/ssp370/r10i1p1f1/day/tasmin/d03/,check_dataset,dataset.aggregated,WARN,20,"This result combines several stores (sim=10) rather than being a single published dataset. Time alignment across members can drop dates that any one member lacks, so gaps and calendar findings here are properties of the aggregation, not of the archive.",one store per query,sim=10,ckae,climakitae,15.9
LOCA2,UCSD,IPSL-CM6A-LR,ssp370,r10i1p1f1,day,tasmin,d03,s3://cadcat/loca2/ucsd/ipsl-cm6a-lr/ssp370/r10i1p1f1/day/tasmin/d03/,check_dataset,var.present,OK,0,Variable 'tasmin' present as named in the catalog.,,,ckae,climakitae,15.9
LOCA2,UCSD,IPSL-CM6A-LR,ssp370,r10i1p1f1,day,tasmin,d03,s3://cadcat/loca2/ucsd/ipsl-cm6a-lr/ssp370/r10i1p1f1/day/tasmin/d03/,check_dataset,attr.var.standard_name.missing,INFO,10,CF-recommended attribute 'standard_name' is absent.,standard_name,,ckae,climakitae,15.9
LOCA2,UCSD,IPSL-CM6A-LR,ssp370,r10i1p1f1,day,tasmin,d03,s3://cadcat/loca2/ucsd/ipsl-cm6a-lr/ssp370/r10i1p1f1/day/tasmin/d03/,check_dataset,attr.var.cell_methods.missing,INFO,10,CF-recommended attribute 'cell_methods' is absent.,cell_methods,,ckae,climakitae,15.9
LOCA2,UCSD,IPSL-CM6A-LR,ssp370,r10i1p1f1,day,tasmin,d03,s3://cadcat/loca2/ucsd/ipsl-cm6a-lr/ssp370/r10i1p1f1/day/tasmin/d03/,check_dataset,units.match,OK,0,units 'K' match the reference table.,,,ckae,climakitae,15.9
LOCA2,UCSD,IPSL-CM6A-LR,ssp370,r10i1p1f1,day,tasmin,d03,s3://cadcat/loca2/ucsd/ipsl-cm6a-lr/ssp370/r10i1p1f1/day/tasmin/d03/,check_dataset,long_name.differs,INFO,10,long_name differs from the reference table display name.,Minimum air temperature at 2m,tasmin,ckae,climakitae,15.9
LOCA2,UCSD,IPSL-CM6A-LR,ssp370,r10i1p1f1,day,tasmin,d03,s3://cadcat/loca2/ucsd/ipsl-cm6a-lr/ssp370/r10i1p1f1/day/tasmin/d03/,check_dataset,grid.convention,INFO,10,"Store is on a geographic grid (['lat', 'lon', 'time']).",,geographic,ckae,climakitae,15.9
LOCA2,UCSD,IPSL-CM6A-LR,ssp370,r10i1p1f1,day,tasmin,d03,s3://cadcat/loca2/ucsd/ipsl-cm6a-lr/ssp370/r10i1p1f1/day/tasmin/d03/,check_dataset,dims.extra,INFO,10,Data variable has extra dimensions.,,sim,ckae,climakitae,15.9
LOCA2,UCSD,IPSL-CM6A-LR,ssp370,r10i1p1f1,day,tasmin,d03,s3://cadcat/loca2/ucsd/ipsl-cm6a-lr/ssp370/r10i1p1f1/day/tasmin/d03/,check_dataset,attr.global.recommended.missing,INFO,10,Missing 3 of 6 recommended global attributes; datasets are supposed to be self-describing.,"comment, history, institution, references, source, title","comment, history, references",ckae,climakitae,15.9
LOCA2,UCSD,IPSL-CM6A-LR,ssp370,r10i1p1f1,day,tasmin,d03,s3://cadcat/loca2/ucsd/ipsl-cm6a-lr/ssp370/r10i1p1f1/day/tasmin/d03/,check_dataset,time.calendar,INFO,10,Calendar reported as 'proleptic_gregorian'.,,proleptic_gregorian,ckae,climakitae,15.9
LOCA2,UCSD,IPSL-CM6A-LR,ssp370,r10i1p1f1,day,tasmin,d03,s3://cadcat/loca2/ucsd/ipsl-cm6a-lr/ssp370/r10i1p1f1/day/tasmin/d03/,check_dataset,time.bounds.match,OK,0,Axis 2015-01-01..2100-12-31 matches the convention.,,,ckae,climakitae,15.9
LOCA2,UCSD,IPSL-CM6A-LR,ssp370,r10i1p1f1,day,tasmin,d03,s3://cadcat/loca2/ucsd/ipsl-cm6a-lr/ssp370/r10i1p1f1/day/tasmin/d03/,check_dataset,time.extent.match,OK,0,Time axis 2015-2100 matches the documented extent.,,,ckae,climakitae,15.9
LOCA2,UCSD,IPSL-CM6A-LR,ssp370,r10i1p1f1,day,tasmin,d03,s3://cadcat/loca2/ucsd/ipsl-cm6a-lr/ssp370/r10i1p1f1/day/tasmin/d03/,check_dataset,time.frequency.match,OK,0,Median step 24.00 h is consistent with 'day'.,,,ckae,climakitae,15.9
LOCA2,UCSD,IPSL-CM6A-LR,ssp370,r10i1p1f1,day,tasmin,d03,s3://cadcat/loca2/ucsd/ipsl-cm6a-lr/ssp370/r10i1p1f1/day/tasmin/d03/,check_dataset,time.gaps,INFO,10,"21 interval(s) fall outside the expected step for 'day'; largest is 48.0 h. This dataset came from a reader that aligns and combines stores, so the gap describes that processing rather than any published store. Re-check with the zarr backend.",24.0-24.0 h,"21 irregular, max 48.0 h",ckae,climakitae,15.9
LOCA2,UCSD,IPSL-CM6A-LR,ssp370,r10i1p1f1,day,tasmin,d03,s3://cadcat/loca2/ucsd/ipsl-cm6a-lr/ssp370/r10i1p1f1/day/tasmin/d03/,check_dataset,time.leap.calendar_contradiction,INFO,10,"Calendar is 'proleptic_gregorian', which has leap days, but the axis contains no 29 February across 21 leap year(s) in range. The time coordinate and its own calendar attribute disagree; resampling or day-of-year alignment will drift by a day after each leap year.",29 Feb present (proleptic_gregorian),no 29 Feb,ckae,climakitae,15.9
LOCA2,UCSD,FGOALS-g3,ssp585,r1i1p1f1,day,tasmin,d03,s3://cadcat/loca2/ucsd/fgoals-g3/ssp585/r1i1p1f1/day/tasmin/d03/,check_dataset,dataset.aggregated,WARN,20,"This result combines several stores (sim=3) rather than being a single published dataset. Time alignment across members can drop dates that any one member lacks, so gaps and calendar findings here are properties of the aggregation, not of the archive.",one store per query,sim=3,ckae,climakitae,14.384
LOCA2,UCSD,FGOALS-g3,ssp585,r1i1p1f1,day,tasmin,d03,s3://cadcat/loca2/ucsd/fgoals-g3/ssp585/r1i1p1f1/day/tasmin/d03/,check_dataset,var.present,OK,0,Variable 'tasmin' present as named in the catalog.,,,ckae,climakitae,14.384
LOCA2,UCSD,FGOALS-g3,ssp585,r1i1p1f1,day,tasmin,d03,s3://cadcat/loca2/ucsd/fgoals-g3/ssp585/r1i1p1f1/day/tasmin/d03/,check_dataset,attr.var.standard_name.missing,INFO,10,CF-recommended attribute 'standard_name' is absent.,standard_name,,ckae,climakitae,14.384
LOCA2,UCSD,FGOALS-g3,ssp585,r1i1p1f1,day,tasmin,d03,s3://cadcat/loca2/ucsd/fgoals-g3/ssp585/r1i1p1f1/day/tasmin/d03/,check_dataset,attr.var.cell_methods.missing,INFO,10,CF-recommended attribute 'cell_methods' is absent.,cell_methods,,ckae,climakitae,14.384
LOCA2,UCSD,FGOALS-g3,ssp585,r1i1p1f1,day,tasmin,d03,s3://cadcat/loca2/ucsd/fgoals-g3/ssp585/r1i1p1f1/day/tasmin/d03/,check_dataset,units.match,OK,0,units 'K' match the reference table.,,,ckae,climakitae,14.384
LOCA2,UCSD,FGOALS-g3,ssp585,r1i1p1f1,day,tasmin,d03,s3://cadcat/loca2/ucsd/fgoals-g3/ssp585/r1i1p1f1/day/tasmin/d03/,check_dataset,long_name.differs,INFO,10,long_name differs from the reference table display name.,Minimum air temperature at 2m,tasmin,ckae,climakitae,14.384
LOCA2,UCSD,FGOALS-g3,ssp585,r1i1p1f1,day,tasmin,d03,s3://cadcat/loca2/ucsd/fgoals-g3/ssp585/r1i1p1f1/day/tasmin/d03/,check_dataset,grid.convention,INFO,10,"Store is on a geographic grid (['lat', 'lon', 'time']).",,geographic,ckae,climakitae,14.384
LOCA2,UCSD,FGOALS-g3,ssp585,r1i1p1f1,day,tasmin,d03,s3://cadcat/loca2/ucsd/fgoals-g3/ssp585/r1i1p1f1/day/tasmin/d03/,check_dataset,dims.extra,INFO,10,Data variable has extra dimensions.,,sim,ckae,climakitae,14.384
LOCA2,UCSD,FGOALS-g3,ssp585,r1i1p1f1,day,tasmin,d03,s3://cadcat/loca2/ucsd/fgoals-g3/ssp585/r1i1p1f1/day/tasmin/d03/,check_dataset,attr.global.recommended.missing,INFO,10,Missing 3 of 6 recommended global attributes; datasets are supposed to be self-describing.,"comment, history, institution, references, source, title","comment, history, references",ckae,climakitae,14.384
LOCA2,UCSD,FGOALS-g3,ssp585,r1i1p1f1,day,tasmin,d03,s3://cadcat/loca2/ucsd/fgoals-g3/ssp585/r1i1p1f1/day/tasmin/d03/,check_dataset,time.calendar,INFO,10,Calendar reported as 'proleptic_gregorian'.,,proleptic_gregorian,ckae,climakitae,14.384
LOCA2,UCSD,FGOALS-g3,ssp585,r1i1p1f1,day,tasmin,d03,s3://cadcat/loca2/ucsd/fgoals-g3/ssp585/r1i1p1f1/day/tasmin/d03/,check_dataset,time.bounds.match,OK,0,Axis 2015-01-01..2100-12-31 matches the convention.,,,ckae,climakitae,14.384
LOCA2,UCSD,FGOALS-g3,ssp585,r1i1p1f1,day,tasmin,d03,s3://cadcat/loca2/ucsd/fgoals-g3/ssp585/r1i1p1f1/day/tasmin/d03/,check_dataset,time.extent.match,OK,0,Time axis 2015-2100 matches the documented extent.,,,ckae,climakitae,14.384
LOCA2,UCSD,FGOALS-g3,ssp585,r1i1p1f1,day,tasmin,d03,s3://cadcat/loca2/ucsd/fgoals-g3/ssp585/r1i1p1f1/day/tasmin/d03/,check_dataset,time.frequency.match,OK,0,Median step 24.00 h is consistent with 'day'.,,,ckae,climakitae,14.384
LOCA2,UCSD,FGOALS-g3,ssp585,r1i1p1f1,day,tasmin,d03,s3://cadcat/loca2/ucsd/fgoals-g3/ssp585/r1i1p1f1/day/tasmin/d03/,check_dataset,time.gaps,INFO,10,"21 interval(s) fall outside the expected step for 'day'; largest is 48.0 h. This dataset came from a reader that aligns and combines stores, so the gap describes that processing rather than any published store. Re-check with the zarr backend.",24.0-24.0 h,"21 irregular, max 48.0 h",ckae,climakitae,14.384
LOCA2,UCSD,FGOALS-g3,ssp585,r1i1p1f1,day,tasmin,d03,s3://cadcat/loca2/ucsd/fgoals-g3/ssp585/r1i1p1f1/day/tasmin/d03/,check_dataset,time.leap.calendar_contradiction,INFO,10,"Calendar is 'proleptic_gregorian', which has leap days, but the axis contains no 29 February across 21 leap year(s) in range. The time coordinate and its own calendar attribute disagree; resampling or day-of-year alignment will drift by a day after each leap year.",29 Feb present (proleptic_gregorian),no 29 Feb,ckae,climakitae,14.384
LOCA2,UCSD,IPSL-CM6A-LR,historical,r5i1p1f1,day,uas,d03,s3://cadcat/loca2/ucsd/ipsl-cm6a-lr/historical/r5i1p1f1/day/uas/d03/,check_dataset,dataset.aggregated,WARN,20,"This result combines several stores (sim=10) rather than being a single published dataset. Time alignment across members can drop dates that any one member lacks, so gaps and calendar findings here are properties of the aggregation, not of the archive.",one store per query,sim=10,ckae,climakitae,15.525
LOCA2,UCSD,IPSL-CM6A-LR,historical,r5i1p1f1,day,uas,d03,s3://cadcat/loca2/ucsd/ipsl-cm6a-lr/historical/r5i1p1f1/day/uas/d03/,check_dataset,var.present,OK,0,Variable 'uas' present as named in the catalog.,,,ckae,climakitae,15.525
LOCA2,UCSD,IPSL-CM6A-LR,historical,r5i1p1f1,day,uas,d03,s3://cadcat/loca2/ucsd/ipsl-cm6a-lr/historical/r5i1p1f1/day/uas/d03/,check_dataset,attr.var.standard_name.missing,INFO,10,CF-recommended attribute 'standard_name' is absent.,standard_name,,ckae,climakitae,15.525
LOCA2,UCSD,IPSL-CM6A-LR,historical,r5i1p1f1,day,uas,d03,s3://cadcat/loca2/ucsd/ipsl-cm6a-lr/historical/r5i1p1f1/day/uas/d03/,check_dataset,attr.var.cell_methods.missing,INFO,10,CF-recommended attribute 'cell_methods' is absent.,cell_methods,,ckae,climakitae,15.525
LOCA2,UCSD,IPSL-CM6A-LR,historical,r5i1p1f1,day,uas,d03,s3://cadcat/loca2/ucsd/ipsl-cm6a-lr/historical/r5i1p1f1/day/uas/d03/,check_dataset,units.match,OK,0,units 'm s-1' match the reference table.,,,ckae,climakitae,15.525
LOCA2,UCSD,IPSL-CM6A-LR,historical,r5i1p1f1,day,uas,d03,s3://cadcat/loca2/ucsd/ipsl-cm6a-lr/historical/r5i1p1f1/day/uas/d03/,check_dataset,long_name.differs,INFO,10,long_name differs from the reference table display name.,West-East component of Wind at 10m,uas,ckae,climakitae,15.525
LOCA2,UCSD,IPSL-CM6A-LR,historical,r5i1p1f1,day,uas,d03,s3://cadcat/loca2/ucsd/ipsl-cm6a-lr/historical/r5i1p1f1/day/uas/d03/,check_dataset,wind.rotation.undeclared,WARN,20,"'uas' declares no reference frame in its attributes. WRF output is grid-relative by default, but a consumer has no way to confirm that from the file, and rotated companions exist in this same archive.",a reference frame in long_name/description,uas,ckae,climakitae,15.525
LOCA2,UCSD,IPSL-CM6A-LR,historical,r5i1p1f1,day,uas,d03,s3://cadcat/loca2/ucsd/ipsl-cm6a-lr/historical/r5i1p1f1/day/uas/d03/,check_dataset,grid.convention,INFO,10,"Store is on a geographic grid (['lat', 'lon', 'time']).",,geographic,ckae,climakitae,15.525
LOCA2,UCSD,IPSL-CM6A-LR,historical,r5i1p1f1,day,uas,d03,s3://cadcat/loca2/ucsd/ipsl-cm6a-lr/historical/r5i1p1f1/day/uas/d03/,check_dataset,dims.extra,INFO,10,Data variable has extra dimensions.,,sim,ckae,climakitae,15.525
LOCA2,UCSD,IPSL-CM6A-LR,historical,r5i1p1f1,day,uas,d03,s3://cadcat/loca2/ucsd/ipsl-cm6a-lr/historical/r5i1p1f1/day/uas/d03/,check_dataset,attr.global.recommended.missing,INFO,10,Missing 3 of 6 recommended global attributes; datasets are supposed to be self-describing.,"comment, history, institution, references, source, title","comment, history, references",ckae,climakitae,15.525
LOCA2,UCSD,IPSL-CM6A-LR,historical,r5i1p1f1,day,uas,d03,s3://cadcat/loca2/ucsd/ipsl-cm6a-lr/historical/r5i1p1f1/day/uas/d03/,check_dataset,attr.global.empty,WARN,20,1 global attribute(s) are present but empty. A reader cannot tell an empty value from an unanswered question.,omit the attribute or give it a value,experiment,ckae,climakitae,15.525
LOCA2,UCSD,IPSL-CM6A-LR,historical,r5i1p1f1,day,uas,d03,s3://cadcat/loca2/ucsd/ipsl-cm6a-lr/historical/r5i1p1f1/day/uas/d03/,check_dataset,time.calendar,INFO,10,Calendar reported as 'proleptic_gregorian'.,,proleptic_gregorian,ckae,climakitae,15.525
LOCA2,UCSD,IPSL-CM6A-LR,historical,r5i1p1f1,day,uas,d03,s3://cadcat/loca2/ucsd/ipsl-cm6a-lr/historical/r5i1p1f1/day/uas/d03/,check_dataset,time.bounds.match,OK,0,Axis 1950-01-01..2014-12-31 matches the convention.,,,ckae,climakitae,15.525
LOCA2,UCSD,IPSL-CM6A-LR,historical,r5i1p1f1,day,uas,d03,s3://cadcat/loca2/ucsd/ipsl-cm6a-lr/historical/r5i1p1f1/day/uas/d03/,check_dataset,time.extent.match,OK,0,Time axis 1950-2014 matches the documented extent.,,,ckae,climakitae,15.525
LOCA2,UCSD,IPSL-CM6A-LR,historical,r5i1p1f1,day,uas,d03,s3://cadcat/loca2/ucsd/ipsl-cm6a-lr/historical/r5i1p1f1/day/uas/d03/,check_dataset,time.frequency.match,OK,0,Median step 24.00 h is consistent with 'day'.,,,ckae,climakitae,15.525
LOCA2,UCSD,IPSL-CM6A-LR,historical,r5i1p1f1,day,uas,d03,s3://cadcat/loca2/ucsd/ipsl-cm6a-lr/historical/r5i1p1f1/day/uas/d03/,check_dataset,time.gaps,INFO,10,"16 interval(s) fall outside the expected step for 'day'; largest is 48.0 h. This dataset came from a reader that aligns and combines stores, so the gap describes that processing rather than any published store. Re-check with the zarr backend.",24.0-24.0 h,"16 irregular, max 48.0 h",ckae,climakitae,15.525
LOCA2,UCSD,IPSL-CM6A-LR,historical,r5i1p1f1,day,uas,d03,s3://cadcat/loca2/ucsd/ipsl-cm6a-lr/historical/r5i1p1f1/day/uas/d03/,check_dataset,time.leap.calendar_contradiction,INFO,10,"Calendar is 'proleptic_gregorian', which has leap days, but the axis contains no 29 February across 16 leap year(s) in range. The time coordinate and its own calendar attribute disagree; resampling or day-of-year alignment will drift by a day after each leap year.",29 Feb present (proleptic_gregorian),no 29 Feb,ckae,climakitae,15.525
LOCA2,UCSD,HadGEM3-GC31-LL,ssp245,r1i1p1f3,day,uas,d03,s3://cadcat/loca2/ucsd/hadgem3-gc31-ll/ssp245/r1i1p1f3/day/uas/d03/,check_dataset,var.present,OK,0,Variable 'uas' present as named in the catalog.,,,ckae,climakitae,9.454
LOCA2,UCSD,HadGEM3-GC31-LL,ssp245,r1i1p1f3,day,uas,d03,s3://cadcat/loca2/ucsd/hadgem3-gc31-ll/ssp245/r1i1p1f3/day/uas/d03/,check_dataset,attr.var.standard_name.missing,INFO,10,CF-recommended attribute 'standard_name' is absent.,standard_name,,ckae,climakitae,9.454
LOCA2,UCSD,HadGEM3-GC31-LL,ssp245,r1i1p1f3,day,uas,d03,s3://cadcat/loca2/ucsd/hadgem3-gc31-ll/ssp245/r1i1p1f3/day/uas/d03/,check_dataset,attr.var.cell_methods.missing,INFO,10,CF-recommended attribute 'cell_methods' is absent.,cell_methods,,ckae,climakitae,9.454
LOCA2,UCSD,HadGEM3-GC31-LL,ssp245,r1i1p1f3,day,uas,d03,s3://cadcat/loca2/ucsd/hadgem3-gc31-ll/ssp245/r1i1p1f3/day/uas/d03/,check_dataset,units.match,OK,0,units 'm s-1' match the reference table.,,,ckae,climakitae,9.454
LOCA2,UCSD,HadGEM3-GC31-LL,ssp245,r1i1p1f3,day,uas,d03,s3://cadcat/loca2/ucsd/hadgem3-gc31-ll/ssp245/r1i1p1f3/day/uas/d03/,check_dataset,long_name.differs,INFO,10,long_name differs from the reference table display name.,West-East component of Wind at 10m,uas,ckae,climakitae,9.454
LOCA2,UCSD,HadGEM3-GC31-LL,ssp245,r1i1p1f3,day,uas,d03,s3://cadcat/loca2/ucsd/hadgem3-gc31-ll/ssp245/r1i1p1f3/day/uas/d03/,check_dataset,wind.rotation.undeclared,WARN,20,"'uas' declares no reference frame in its attributes. WRF output is grid-relative by default, but a consumer has no way to confirm that from the file, and rotated companions exist in this same archive.",a reference frame in long_name/description,uas,ckae,climakitae,9.454
LOCA2,UCSD,HadGEM3-GC31-LL,ssp245,r1i1p1f3,day,uas,d03,s3://cadcat/loca2/ucsd/hadgem3-gc31-ll/ssp245/r1i1p1f3/day/uas/d03/,check_dataset,grid.convention,INFO,10,"Store is on a geographic grid (['lat', 'lon', 'time']).",,geographic,ckae,climakitae,9.454
LOCA2,UCSD,HadGEM3-GC31-LL,ssp245,r1i1p1f3,day,uas,d03,s3://cadcat/loca2/ucsd/hadgem3-gc31-ll/ssp245/r1i1p1f3/day/uas/d03/,check_dataset,dims.extra,INFO,10,Data variable has extra dimensions.,,sim,ckae,climakitae,9.454
LOCA2,UCSD,HadGEM3-GC31-LL,ssp245,r1i1p1f3,day,uas,d03,s3://cadcat/loca2/ucsd/hadgem3-gc31-ll/ssp245/r1i1p1f3/day/uas/d03/,check_dataset,attr.global.conventions.missing,ERROR,30,"No Conventions attribute. The standard asks every file to name the convention it follows, with CF preferred.",CF-1.x,,ckae,climakitae,9.454
LOCA2,UCSD,HadGEM3-GC31-LL,ssp245,r1i1p1f3,day,uas,d03,s3://cadcat/loca2/ucsd/hadgem3-gc31-ll/ssp245/r1i1p1f3/day/uas/d03/,check_dataset,attr.global.recommended.missing,WARN,20,Missing 5 of 6 recommended global attributes; datasets are supposed to be self-describing.,"comment, history, institution, references, source, title","comment, history, institution, references, source",ckae,climakitae,9.454
LOCA2,UCSD,HadGEM3-GC31-LL,ssp245,r1i1p1f3,day,uas,d03,s3://cadcat/loca2/ucsd/hadgem3-gc31-ll/ssp245/r1i1p1f3/day/uas/d03/,check_dataset,attr.global.empty,WARN,20,1 global attribute(s) are present but empty. A reader cannot tell an empty value from an unanswered question.,omit the attribute or give it a value,experiment,ckae,climakitae,9.454
LOCA2,UCSD,HadGEM3-GC31-LL,ssp245,r1i1p1f3,day,uas,d03,s3://cadcat/loca2/ucsd/hadgem3-gc31-ll/ssp245/r1i1p1f3/day/uas/d03/,check_dataset,time.calendar,INFO,10,Calendar reported as 'proleptic_gregorian'.,,proleptic_gregorian,ckae,climakitae,9.454
LOCA2,UCSD,HadGEM3-GC31-LL,ssp245,r1i1p1f3,day,uas,d03,s3://cadcat/loca2/ucsd/hadgem3-gc31-ll/ssp245/r1i1p1f3/day/uas/d03/,check_dataset,time.bounds.match,OK,0,Axis 2015-01-01..2100-12-31 matches the convention.,,,ckae,climakitae,9.454
LOCA2,UCSD,HadGEM3-GC31-LL,ssp245,r1i1p1f3,day,uas,d03,s3://cadcat/loca2/ucsd/hadgem3-gc31-ll/ssp245/r1i1p1f3/day/uas/d03/,check_dataset,time.extent.match,OK,0,Time axis 2015-2100 matches the documented extent.,,,ckae,climakitae,9.454
LOCA2,UCSD,HadGEM3-GC31-LL,ssp245,r1i1p1f3,day,uas,d03,s3://cadcat/loca2/ucsd/hadgem3-gc31-ll/ssp245/r1i1p1f3/day/uas/d03/,check_dataset,time.frequency.match,OK,0,Median step 24.00 h is consistent with 'day'.,,,ckae,climakitae,9.454
LOCA2,UCSD,HadGEM3-GC31-LL,ssp245,r1i1p1f3,day,uas,d03,s3://cadcat/loca2/ucsd/hadgem3-gc31-ll/ssp245/r1i1p1f3/day/uas/d03/,check_dataset,time.gaps,INFO,10,"21 interval(s) fall outside the expected step for 'day'; largest is 48.0 h. This dataset came from a reader that aligns and combines stores, so the gap describes that processing rather than any published store. Re-check with the zarr backend.",24.0-24.0 h,"21 irregular, max 48.0 h",ckae,climakitae,9.454
LOCA2,UCSD,HadGEM3-GC31-LL,ssp245,r1i1p1f3,day,uas,d03,s3://cadcat/loca2/ucsd/hadgem3-gc31-ll/ssp245/r1i1p1f3/day/uas/d03/,check_dataset,time.leap.calendar_contradiction,INFO,10,"Calendar is 'proleptic_gregorian', which has leap days, but the axis contains no 29 February across 21 leap year(s) in range. The time coordinate and its own calendar attribute disagree; resampling or day-of-year alignment will drift by a day after each leap year.",29 Feb present (proleptic_gregorian),no 29 Feb,ckae,climakitae,9.454
LOCA2,UCSD,IPSL-CM6A-LR,ssp370,r8i1p1f1,day,uas,d03,s3://cadcat/loca2/ucsd/ipsl-cm6a-lr/ssp370/r8i1p1f1/day/uas/d03/,check_dataset,dataset.aggregated,WARN,20,"This result combines several stores (sim=10) rather than being a single published dataset. Time alignment across members can drop dates that any one member lacks, so gaps and calendar findings here are properties of the aggregation, not of the archive.",one store per query,sim=10,ckae,climakitae,15.87
LOCA2,UCSD,IPSL-CM6A-LR,ssp370,r8i1p1f1,day,uas,d03,s3://cadcat/loca2/ucsd/ipsl-cm6a-lr/ssp370/r8i1p1f1/day/uas/d03/,check_dataset,var.present,OK,0,Variable 'uas' present as named in the catalog.,,,ckae,climakitae,15.87
LOCA2,UCSD,IPSL-CM6A-LR,ssp370,r8i1p1f1,day,uas,d03,s3://cadcat/loca2/ucsd/ipsl-cm6a-lr/ssp370/r8i1p1f1/day/uas/d03/,check_dataset,attr.var.standard_name.missing,INFO,10,CF-recommended attribute 'standard_name' is absent.,standard_name,,ckae,climakitae,15.87
LOCA2,UCSD,IPSL-CM6A-LR,ssp370,r8i1p1f1,day,uas,d03,s3://cadcat/loca2/ucsd/ipsl-cm6a-lr/ssp370/r8i1p1f1/day/uas/d03/,check_dataset,attr.var.cell_methods.missing,INFO,10,CF-recommended attribute 'cell_methods' is absent.,cell_methods,,ckae,climakitae,15.87
LOCA2,UCSD,IPSL-CM6A-LR,ssp370,r8i1p1f1,day,uas,d03,s3://cadcat/loca2/ucsd/ipsl-cm6a-lr/ssp370/r8i1p1f1/day/uas/d03/,check_dataset,units.match,OK,0,units 'm s-1' match the reference table.,,,ckae,climakitae,15.87
LOCA2,UCSD,IPSL-CM6A-LR,ssp370,r8i1p1f1,day,uas,d03,s3://cadcat/loca2/ucsd/ipsl-cm6a-lr/ssp370/r8i1p1f1/day/uas/d03/,check_dataset,long_name.differs,INFO,10,long_name differs from the reference table display name.,West-East component of Wind at 10m,uas,ckae,climakitae,15.87
LOCA2,UCSD,IPSL-CM6A-LR,ssp370,r8i1p1f1,day,uas,d03,s3://cadcat/loca2/ucsd/ipsl-cm6a-lr/ssp370/r8i1p1f1/day/uas/d03/,check_dataset,wind.rotation.undeclared,WARN,20,"'uas' declares no reference frame in its attributes. WRF output is grid-relative by default, but a consumer has no way to confirm that from the file, and rotated companions exist in this same archive.",a reference frame in long_name/description,uas,ckae,climakitae,15.87
LOCA2,UCSD,IPSL-CM6A-LR,ssp370,r8i1p1f1,day,uas,d03,s3://cadcat/loca2/ucsd/ipsl-cm6a-lr/ssp370/r8i1p1f1/day/uas/d03/,check_dataset,grid.convention,INFO,10,"Store is on a geographic grid (['lat', 'lon', 'time']).",,geographic,ckae,climakitae,15.87
LOCA2,UCSD,IPSL-CM6A-LR,ssp370,r8i1p1f1,day,uas,d03,s3://cadcat/loca2/ucsd/ipsl-cm6a-lr/ssp370/r8i1p1f1/day/uas/d03/,check_dataset,dims.extra,INFO,10,Data variable has extra dimensions.,,sim,ckae,climakitae,15.87
LOCA2,UCSD,IPSL-CM6A-LR,ssp370,r8i1p1f1,day,uas,d03,s3://cadcat/loca2/ucsd/ipsl-cm6a-lr/ssp370/r8i1p1f1/day/uas/d03/,check_dataset,attr.global.recommended.missing,INFO,10,Missing 3 of 6 recommended global attributes; datasets are supposed to be self-describing.,"comment, history, institution, references, source, title","comment, history, references",ckae,climakitae,15.87
LOCA2,UCSD,IPSL-CM6A-LR,ssp370,r8i1p1f1,day,uas,d03,s3://cadcat/loca2/ucsd/ipsl-cm6a-lr/ssp370/r8i1p1f1/day/uas/d03/,check_dataset,attr.global.empty,WARN,20,1 global attribute(s) are present but empty. A reader cannot tell an empty value from an unanswered question.,omit the attribute or give it a value,experiment,ckae,climakitae,15.87
LOCA2,UCSD,IPSL-CM6A-LR,ssp370,r8i1p1f1,day,uas,d03,s3://cadcat/loca2/ucsd/ipsl-cm6a-lr/ssp370/r8i1p1f1/day/uas/d03/,check_dataset,time.calendar,INFO,10,Calendar reported as 'proleptic_gregorian'.,,proleptic_gregorian,ckae,climakitae,15.87
LOCA2,UCSD,IPSL-CM6A-LR,ssp370,r8i1p1f1,day,uas,d03,s3://cadcat/loca2/ucsd/ipsl-cm6a-lr/ssp370/r8i1p1f1/day/uas/d03/,check_dataset,time.bounds.match,OK,0,Axis 2015-01-01..2100-12-31 matches the convention.,,,ckae,climakitae,15.87
LOCA2,UCSD,IPSL-CM6A-LR,ssp370,r8i1p1f1,day,uas,d03,s3://cadcat/loca2/ucsd/ipsl-cm6a-lr/ssp370/r8i1p1f1/day/uas/d03/,check_dataset,time.extent.match,OK,0,Time axis 2015-2100 matches the documented extent.,,,ckae,climakitae,15.87
LOCA2,UCSD,IPSL-CM6A-LR,ssp370,r8i1p1f1,day,uas,d03,s3://cadcat/loca2/ucsd/ipsl-cm6a-lr/ssp370/r8i1p1f1/day/uas/d03/,check_dataset,time.frequency.match,OK,0,Median step 24.00 h is consistent with 'day'.,,,ckae,climakitae,15.87
LOCA2,UCSD,IPSL-CM6A-LR,ssp370,r8i1p1f1,day,uas,d03,s3://cadcat/loca2/ucsd/ipsl-cm6a-lr/ssp370/r8i1p1f1/day/uas/d03/,check_dataset,time.gaps,INFO,10,"21 interval(s) fall outside the expected step for 'day'; largest is 48.0 h. This dataset came from a reader that aligns and combines stores, so the gap describes that processing rather than any published store. Re-check with the zarr backend.",24.0-24.0 h,"21 irregular, max 48.0 h",ckae,climakitae,15.87
LOCA2,UCSD,IPSL-CM6A-LR,ssp370,r8i1p1f1,day,uas,d03,s3://cadcat/loca2/ucsd/ipsl-cm6a-lr/ssp370/r8i1p1f1/day/uas/d03/,check_dataset,time.leap.calendar_contradiction,INFO,10,"Calendar is 'proleptic_gregorian', which has leap days, but the axis contains no 29 February across 21 leap year(s) in range. The time coordinate and its own calendar attribute disagree; resampling or day-of-year alignment will drift by a day after each leap year.",29 Feb present (proleptic_gregorian),no 29 Feb,ckae,climakitae,15.87
LOCA2,UCSD,EC-Earth3,ssp585,r1i1p1f1,day,uas,d03,s3://cadcat/loca2/ucsd/ec-earth3/ssp585/r1i1p1f1/day/uas/d03/,check_dataset,dataset.aggregated,WARN,20,"This result combines several stores (sim=3) rather than being a single published dataset. Time alignment across members can drop dates that any one member lacks, so gaps and calendar findings here are properties of the aggregation, not of the archive.",one store per query,sim=3,ckae,climakitae,14.338
LOCA2,UCSD,EC-Earth3,ssp585,r1i1p1f1,day,uas,d03,s3://cadcat/loca2/ucsd/ec-earth3/ssp585/r1i1p1f1/day/uas/d03/,check_dataset,var.present,OK,0,Variable 'uas' present as named in the catalog.,,,ckae,climakitae,14.338
LOCA2,UCSD,EC-Earth3,ssp585,r1i1p1f1,day,uas,d03,s3://cadcat/loca2/ucsd/ec-earth3/ssp585/r1i1p1f1/day/uas/d03/,check_dataset,attr.var.standard_name.missing,INFO,10,CF-recommended attribute 'standard_name' is absent.,standard_name,,ckae,climakitae,14.338
LOCA2,UCSD,EC-Earth3,ssp585,r1i1p1f1,day,uas,d03,s3://cadcat/loca2/ucsd/ec-earth3/ssp585/r1i1p1f1/day/uas/d03/,check_dataset,attr.var.cell_methods.missing,INFO,10,CF-recommended attribute 'cell_methods' is absent.,cell_methods,,ckae,climakitae,14.338
LOCA2,UCSD,EC-Earth3,ssp585,r1i1p1f1,day,uas,d03,s3://cadcat/loca2/ucsd/ec-earth3/ssp585/r1i1p1f1/day/uas/d03/,check_dataset,units.match,OK,0,units 'm s-1' match the reference table.,,,ckae,climakitae,14.338
LOCA2,UCSD,EC-Earth3,ssp585,r1i1p1f1,day,uas,d03,s3://cadcat/loca2/ucsd/ec-earth3/ssp585/r1i1p1f1/day/uas/d03/,check_dataset,long_name.differs,INFO,10,long_name differs from the reference table display name.,West-East component of Wind at 10m,uas,ckae,climakitae,14.338
LOCA2,UCSD,EC-Earth3,ssp585,r1i1p1f1,day,uas,d03,s3://cadcat/loca2/ucsd/ec-earth3/ssp585/r1i1p1f1/day/uas/d03/,check_dataset,wind.rotation.undeclared,WARN,20,"'uas' declares no reference frame in its attributes. WRF output is grid-relative by default, but a consumer has no way to confirm that from the file, and rotated companions exist in this same archive.",a reference frame in long_name/description,uas,ckae,climakitae,14.338
LOCA2,UCSD,EC-Earth3,ssp585,r1i1p1f1,day,uas,d03,s3://cadcat/loca2/ucsd/ec-earth3/ssp585/r1i1p1f1/day/uas/d03/,check_dataset,grid.convention,INFO,10,"Store is on a geographic grid (['lat', 'lon', 'time']).",,geographic,ckae,climakitae,14.338
LOCA2,UCSD,EC-Earth3,ssp585,r1i1p1f1,day,uas,d03,s3://cadcat/loca2/ucsd/ec-earth3/ssp585/r1i1p1f1/day/uas/d03/,check_dataset,dims.extra,INFO,10,Data variable has extra dimensions.,,sim,ckae,climakitae,14.338
LOCA2,UCSD,EC-Earth3,ssp585,r1i1p1f1,day,uas,d03,s3://cadcat/loca2/ucsd/ec-earth3/ssp585/r1i1p1f1/day/uas/d03/,check_dataset,attr.global.recommended.missing,INFO,10,Missing 2 of 6 recommended global attributes; datasets are supposed to be self-describing.,"comment, history, institution, references, source, title","history, references",ckae,climakitae,14.338
LOCA2,UCSD,EC-Earth3,ssp585,r1i1p1f1,day,uas,d03,s3://cadcat/loca2/ucsd/ec-earth3/ssp585/r1i1p1f1/day/uas/d03/,check_dataset,attr.global.empty,WARN,20,1 global attribute(s) are present but empty. A reader cannot tell an empty value from an unanswered question.,omit the attribute or give it a value,experiment,ckae,climakitae,14.338
LOCA2,UCSD,EC-Earth3,ssp585,r1i1p1f1,day,uas,d03,s3://cadcat/loca2/ucsd/ec-earth3/ssp585/r1i1p1f1/day/uas/d03/,check_dataset,time.calendar,INFO,10,Calendar reported as 'proleptic_gregorian'.,,proleptic_gregorian,ckae,climakitae,14.338
LOCA2,UCSD,EC-Earth3,ssp585,r1i1p1f1,day,uas,d03,s3://cadcat/loca2/ucsd/ec-earth3/ssp585/r1i1p1f1/day/uas/d03/,check_dataset,time.bounds.match,OK,0,Axis 2015-01-01..2100-12-31 matches the convention.,,,ckae,climakitae,14.338
LOCA2,UCSD,EC-Earth3,ssp585,r1i1p1f1,day,uas,d03,s3://cadcat/loca2/ucsd/ec-earth3/ssp585/r1i1p1f1/day/uas/d03/,check_dataset,time.extent.match,OK,0,Time axis 2015-2100 matches the documented extent.,,,ckae,climakitae,14.338
LOCA2,UCSD,EC-Earth3,ssp585,r1i1p1f1,day,uas,d03,s3://cadcat/loca2/ucsd/ec-earth3/ssp585/r1i1p1f1/day/uas/d03/,check_dataset,time.frequency.match,OK,0,Median step 24.00 h is consistent with 'day'.,,,ckae,climakitae,14.338
LOCA2,UCSD,EC-Earth3,ssp585,r1i1p1f1,day,uas,d03,s3://cadcat/loca2/ucsd/ec-earth3/ssp585/r1i1p1f1/day/uas/d03/,check_dataset,time.gaps,INFO,10,"21 interval(s) fall outside the expected step for 'day'; largest is 48.0 h. This dataset came from a reader that aligns and combines stores, so the gap describes that processing rather than any published store. Re-check with the zarr backend.",24.0-24.0 h,"21 irregular, max 48.0 h",ckae,climakitae,14.338
LOCA2,UCSD,EC-Earth3,ssp585,r1i1p1f1,day,uas,d03,s3://cadcat/loca2/ucsd/ec-earth3/ssp585/r1i1p1f1/day/uas/d03/,check_dataset,time.leap.calendar_contradiction,INFO,10,"Calendar is 'proleptic_gregorian', which has leap days, but the axis contains no 29 February across 21 leap year(s) in range. The time coordinate and its own calendar attribute disagree; resampling or day-of-year alignment will drift by a day after each leap year.",29 Feb present (proleptic_gregorian),no 29 Feb,ckae,climakitae,14.338
LOCA2,UCSD,IPSL-CM6A-LR,historical,r5i1p1f1,day,vas,d03,s3://cadcat/loca2/ucsd/ipsl-cm6a-lr/historical/r5i1p1f1/day/vas/d03/,check_dataset,dataset.aggregated,WARN,20,"This result combines several stores (sim=10) rather than being a single published dataset. Time alignment across members can drop dates that any one member lacks, so gaps and calendar findings here are properties of the aggregation, not of the archive.",one store per query,sim=10,ckae,climakitae,15.505
LOCA2,UCSD,IPSL-CM6A-LR,historical,r5i1p1f1,day,vas,d03,s3://cadcat/loca2/ucsd/ipsl-cm6a-lr/historical/r5i1p1f1/day/vas/d03/,check_dataset,var.present,OK,0,Variable 'vas' present as named in the catalog.,,,ckae,climakitae,15.505
LOCA2,UCSD,IPSL-CM6A-LR,historical,r5i1p1f1,day,vas,d03,s3://cadcat/loca2/ucsd/ipsl-cm6a-lr/historical/r5i1p1f1/day/vas/d03/,check_dataset,attr.var.standard_name.missing,INFO,10,CF-recommended attribute 'standard_name' is absent.,standard_name,,ckae,climakitae,15.505
LOCA2,UCSD,IPSL-CM6A-LR,historical,r5i1p1f1,day,vas,d03,s3://cadcat/loca2/ucsd/ipsl-cm6a-lr/historical/r5i1p1f1/day/vas/d03/,check_dataset,attr.var.cell_methods.missing,INFO,10,CF-recommended attribute 'cell_methods' is absent.,cell_methods,,ckae,climakitae,15.505
LOCA2,UCSD,IPSL-CM6A-LR,historical,r5i1p1f1,day,vas,d03,s3://cadcat/loca2/ucsd/ipsl-cm6a-lr/historical/r5i1p1f1/day/vas/d03/,check_dataset,units.match,OK,0,units 'm s-1' match the reference table.,,,ckae,climakitae,15.505
LOCA2,UCSD,IPSL-CM6A-LR,historical,r5i1p1f1,day,vas,d03,s3://cadcat/loca2/ucsd/ipsl-cm6a-lr/historical/r5i1p1f1/day/vas/d03/,check_dataset,long_name.differs,INFO,10,long_name differs from the reference table display name.,North-South component of Wind at 10m,vas,ckae,climakitae,15.505
LOCA2,UCSD,IPSL-CM6A-LR,historical,r5i1p1f1,day,vas,d03,s3://cadcat/loca2/ucsd/ipsl-cm6a-lr/historical/r5i1p1f1/day/vas/d03/,check_dataset,wind.rotation.undeclared,WARN,20,"'vas' declares no reference frame in its attributes. WRF output is grid-relative by default, but a consumer has no way to confirm that from the file, and rotated companions exist in this same archive.",a reference frame in long_name/description,vas,ckae,climakitae,15.505
LOCA2,UCSD,IPSL-CM6A-LR,historical,r5i1p1f1,day,vas,d03,s3://cadcat/loca2/ucsd/ipsl-cm6a-lr/historical/r5i1p1f1/day/vas/d03/,check_dataset,grid.convention,INFO,10,"Store is on a geographic grid (['lat', 'lon', 'time']).",,geographic,ckae,climakitae,15.505
LOCA2,UCSD,IPSL-CM6A-LR,historical,r5i1p1f1,day,vas,d03,s3://cadcat/loca2/ucsd/ipsl-cm6a-lr/historical/r5i1p1f1/day/vas/d03/,check_dataset,dims.extra,INFO,10,Data variable has extra dimensions.,,sim,ckae,climakitae,15.505
LOCA2,UCSD,IPSL-CM6A-LR,historical,r5i1p1f1,day,vas,d03,s3://cadcat/loca2/ucsd/ipsl-cm6a-lr/historical/r5i1p1f1/day/vas/d03/,check_dataset,attr.global.recommended.missing,INFO,10,Missing 3 of 6 recommended global attributes; datasets are supposed to be self-describing.,"comment, history, institution, references, source, title","comment, history, references",ckae,climakitae,15.505
LOCA2,UCSD,IPSL-CM6A-LR,historical,r5i1p1f1,day,vas,d03,s3://cadcat/loca2/ucsd/ipsl-cm6a-lr/historical/r5i1p1f1/day/vas/d03/,check_dataset,attr.global.empty,WARN,20,1 global attribute(s) are present but empty. A reader cannot tell an empty value from an unanswered question.,omit the attribute or give it a value,experiment,ckae,climakitae,15.505
LOCA2,UCSD,IPSL-CM6A-LR,historical,r5i1p1f1,day,vas,d03,s3://cadcat/loca2/ucsd/ipsl-cm6a-lr/historical/r5i1p1f1/day/vas/d03/,check_dataset,time.calendar,INFO,10,Calendar reported as 'proleptic_gregorian'.,,proleptic_gregorian,ckae,climakitae,15.505
LOCA2,UCSD,IPSL-CM6A-LR,historical,r5i1p1f1,day,vas,d03,s3://cadcat/loca2/ucsd/ipsl-cm6a-lr/historical/r5i1p1f1/day/vas/d03/,check_dataset,time.bounds.match,OK,0,Axis 1950-01-01..2014-12-31 matches the convention.,,,ckae,climakitae,15.505
LOCA2,UCSD,IPSL-CM6A-LR,historical,r5i1p1f1,day,vas,d03,s3://cadcat/loca2/ucsd/ipsl-cm6a-lr/historical/r5i1p1f1/day/vas/d03/,check_dataset,time.extent.match,OK,0,Time axis 1950-2014 matches the documented extent.,,,ckae,climakitae,15.505
LOCA2,UCSD,IPSL-CM6A-LR,historical,r5i1p1f1,day,vas,d03,s3://cadcat/loca2/ucsd/ipsl-cm6a-lr/historical/r5i1p1f1/day/vas/d03/,check_dataset,time.frequency.match,OK,0,Median step 24.00 h is consistent with 'day'.,,,ckae,climakitae,15.505
LOCA2,UCSD,IPSL-CM6A-LR,historical,r5i1p1f1,day,vas,d03,s3://cadcat/loca2/ucsd/ipsl-cm6a-lr/historical/r5i1p1f1/day/vas/d03/,check_dataset,time.gaps,INFO,10,"16 interval(s) fall outside the expected step for 'day'; largest is 48.0 h. This dataset came from a reader that aligns and combines stores, so the gap describes that processing rather than any published store. Re-check with the zarr backend.",24.0-24.0 h,"16 irregular, max 48.0 h",ckae,climakitae,15.505
LOCA2,UCSD,IPSL-CM6A-LR,historical,r5i1p1f1,day,vas,d03,s3://cadcat/loca2/ucsd/ipsl-cm6a-lr/historical/r5i1p1f1/day/vas/d03/,check_dataset,time.leap.calendar_contradiction,INFO,10,"Calendar is 'proleptic_gregorian', which has leap days, but the axis contains no 29 February across 16 leap year(s) in range. The time coordinate and its own calendar attribute disagree; resampling or day-of-year alignment will drift by a day after each leap year.",29 Feb present (proleptic_gregorian),no 29 Feb,ckae,climakitae,15.505
LOCA2,UCSD,HadGEM3-GC31-LL,ssp245,r1i1p1f3,day,vas,d03,s3://cadcat/loca2/ucsd/hadgem3-gc31-ll/ssp245/r1i1p1f3/day/vas/d03/,check_dataset,var.present,OK,0,Variable 'vas' present as named in the catalog.,,,ckae,climakitae,7.913
LOCA2,UCSD,HadGEM3-GC31-LL,ssp245,r1i1p1f3,day,vas,d03,s3://cadcat/loca2/ucsd/hadgem3-gc31-ll/ssp245/r1i1p1f3/day/vas/d03/,check_dataset,attr.var.standard_name.missing,INFO,10,CF-recommended attribute 'standard_name' is absent.,standard_name,,ckae,climakitae,7.913
LOCA2,UCSD,HadGEM3-GC31-LL,ssp245,r1i1p1f3,day,vas,d03,s3://cadcat/loca2/ucsd/hadgem3-gc31-ll/ssp245/r1i1p1f3/day/vas/d03/,check_dataset,attr.var.cell_methods.missing,INFO,10,CF-recommended attribute 'cell_methods' is absent.,cell_methods,,ckae,climakitae,7.913
LOCA2,UCSD,HadGEM3-GC31-LL,ssp245,r1i1p1f3,day,vas,d03,s3://cadcat/loca2/ucsd/hadgem3-gc31-ll/ssp245/r1i1p1f3/day/vas/d03/,check_dataset,units.match,OK,0,units 'm s-1' match the reference table.,,,ckae,climakitae,7.913
LOCA2,UCSD,HadGEM3-GC31-LL,ssp245,r1i1p1f3,day,vas,d03,s3://cadcat/loca2/ucsd/hadgem3-gc31-ll/ssp245/r1i1p1f3/day/vas/d03/,check_dataset,long_name.differs,INFO,10,long_name differs from the reference table display name.,North-South component of Wind at 10m,vas,ckae,climakitae,7.913
LOCA2,UCSD,HadGEM3-GC31-LL,ssp245,r1i1p1f3,day,vas,d03,s3://cadcat/loca2/ucsd/hadgem3-gc31-ll/ssp245/r1i1p1f3/day/vas/d03/,check_dataset,wind.rotation.undeclared,WARN,20,"'vas' declares no reference frame in its attributes. WRF output is grid-relative by default, but a consumer has no way to confirm that from the file, and rotated companions exist in this same archive.",a reference frame in long_name/description,vas,ckae,climakitae,7.913
LOCA2,UCSD,HadGEM3-GC31-LL,ssp245,r1i1p1f3,day,vas,d03,s3://cadcat/loca2/ucsd/hadgem3-gc31-ll/ssp245/r1i1p1f3/day/vas/d03/,check_dataset,grid.convention,INFO,10,"Store is on a geographic grid (['lat', 'lon', 'time']).",,geographic,ckae,climakitae,7.913
LOCA2,UCSD,HadGEM3-GC31-LL,ssp245,r1i1p1f3,day,vas,d03,s3://cadcat/loca2/ucsd/hadgem3-gc31-ll/ssp245/r1i1p1f3/day/vas/d03/,check_dataset,dims.extra,INFO,10,Data variable has extra dimensions.,,sim,ckae,climakitae,7.913
LOCA2,UCSD,HadGEM3-GC31-LL,ssp245,r1i1p1f3,day,vas,d03,s3://cadcat/loca2/ucsd/hadgem3-gc31-ll/ssp245/r1i1p1f3/day/vas/d03/,check_dataset,attr.global.conventions.missing,ERROR,30,"No Conventions attribute. The standard asks every file to name the convention it follows, with CF preferred.",CF-1.x,,ckae,climakitae,7.913
LOCA2,UCSD,HadGEM3-GC31-LL,ssp245,r1i1p1f3,day,vas,d03,s3://cadcat/loca2/ucsd/hadgem3-gc31-ll/ssp245/r1i1p1f3/day/vas/d03/,check_dataset,attr.global.recommended.missing,WARN,20,Missing 5 of 6 recommended global attributes; datasets are supposed to be self-describing.,"comment, history, institution, references, source, title","comment, history, institution, references, source",ckae,climakitae,7.913
LOCA2,UCSD,HadGEM3-GC31-LL,ssp245,r1i1p1f3,day,vas,d03,s3://cadcat/loca2/ucsd/hadgem3-gc31-ll/ssp245/r1i1p1f3/day/vas/d03/,check_dataset,attr.global.empty,WARN,20,1 global attribute(s) are present but empty. A reader cannot tell an empty value from an unanswered question.,omit the attribute or give it a value,experiment,ckae,climakitae,7.913
LOCA2,UCSD,HadGEM3-GC31-LL,ssp245,r1i1p1f3,day,vas,d03,s3://cadcat/loca2/ucsd/hadgem3-gc31-ll/ssp245/r1i1p1f3/day/vas/d03/,check_dataset,time.calendar,INFO,10,Calendar reported as 'proleptic_gregorian'.,,proleptic_gregorian,ckae,climakitae,7.913
LOCA2,UCSD,HadGEM3-GC31-LL,ssp245,r1i1p1f3,day,vas,d03,s3://cadcat/loca2/ucsd/hadgem3-gc31-ll/ssp245/r1i1p1f3/day/vas/d03/,check_dataset,time.bounds.match,OK,0,Axis 2015-01-01..2100-12-31 matches the convention.,,,ckae,climakitae,7.913
LOCA2,UCSD,HadGEM3-GC31-LL,ssp245,r1i1p1f3,day,vas,d03,s3://cadcat/loca2/ucsd/hadgem3-gc31-ll/ssp245/r1i1p1f3/day/vas/d03/,check_dataset,time.extent.match,OK,0,Time axis 2015-2100 matches the documented extent.,,,ckae,climakitae,7.913
LOCA2,UCSD,HadGEM3-GC31-LL,ssp245,r1i1p1f3,day,vas,d03,s3://cadcat/loca2/ucsd/hadgem3-gc31-ll/ssp245/r1i1p1f3/day/vas/d03/,check_dataset,time.frequency.match,OK,0,Median step 24.00 h is consistent with 'day'.,,,ckae,climakitae,7.913
LOCA2,UCSD,HadGEM3-GC31-LL,ssp245,r1i1p1f3,day,vas,d03,s3://cadcat/loca2/ucsd/hadgem3-gc31-ll/ssp245/r1i1p1f3/day/vas/d03/,check_dataset,time.gaps,INFO,10,"21 interval(s) fall outside the expected step for 'day'; largest is 48.0 h. This dataset came from a reader that aligns and combines stores, so the gap describes that processing rather than any published store. Re-check with the zarr backend.",24.0-24.0 h,"21 irregular, max 48.0 h",ckae,climakitae,7.913
LOCA2,UCSD,HadGEM3-GC31-LL,ssp245,r1i1p1f3,day,vas,d03,s3://cadcat/loca2/ucsd/hadgem3-gc31-ll/ssp245/r1i1p1f3/day/vas/d03/,check_dataset,time.leap.calendar_contradiction,INFO,10,"Calendar is 'proleptic_gregorian', which has leap days, but the axis contains no 29 February across 21 leap year(s) in range. The time coordinate and its own calendar attribute disagree; resampling or day-of-year alignment will drift by a day after each leap year.",29 Feb present (proleptic_gregorian),no 29 Feb,ckae,climakitae,7.913
LOCA2,UCSD,IPSL-CM6A-LR,ssp370,r8i1p1f1,day,vas,d03,s3://cadcat/loca2/ucsd/ipsl-cm6a-lr/ssp370/r8i1p1f1/day/vas/d03/,check_dataset,dataset.aggregated,WARN,20,"This result combines several stores (sim=10) rather than being a single published dataset. Time alignment across members can drop dates that any one member lacks, so gaps and calendar findings here are properties of the aggregation, not of the archive.",one store per query,sim=10,ckae,climakitae,15.768
LOCA2,UCSD,IPSL-CM6A-LR,ssp370,r8i1p1f1,day,vas,d03,s3://cadcat/loca2/ucsd/ipsl-cm6a-lr/ssp370/r8i1p1f1/day/vas/d03/,check_dataset,var.present,OK,0,Variable 'vas' present as named in the catalog.,,,ckae,climakitae,15.768
LOCA2,UCSD,IPSL-CM6A-LR,ssp370,r8i1p1f1,day,vas,d03,s3://cadcat/loca2/ucsd/ipsl-cm6a-lr/ssp370/r8i1p1f1/day/vas/d03/,check_dataset,attr.var.standard_name.missing,INFO,10,CF-recommended attribute 'standard_name' is absent.,standard_name,,ckae,climakitae,15.768
LOCA2,UCSD,IPSL-CM6A-LR,ssp370,r8i1p1f1,day,vas,d03,s3://cadcat/loca2/ucsd/ipsl-cm6a-lr/ssp370/r8i1p1f1/day/vas/d03/,check_dataset,attr.var.cell_methods.missing,INFO,10,CF-recommended attribute 'cell_methods' is absent.,cell_methods,,ckae,climakitae,15.768
LOCA2,UCSD,IPSL-CM6A-LR,ssp370,r8i1p1f1,day,vas,d03,s3://cadcat/loca2/ucsd/ipsl-cm6a-lr/ssp370/r8i1p1f1/day/vas/d03/,check_dataset,units.match,OK,0,units 'm s-1' match the reference table.,,,ckae,climakitae,15.768
LOCA2,UCSD,IPSL-CM6A-LR,ssp370,r8i1p1f1,day,vas,d03,s3://cadcat/loca2/ucsd/ipsl-cm6a-lr/ssp370/r8i1p1f1/day/vas/d03/,check_dataset,long_name.differs,INFO,10,long_name differs from the reference table display name.,North-South component of Wind at 10m,vas,ckae,climakitae,15.768
LOCA2,UCSD,IPSL-CM6A-LR,ssp370,r8i1p1f1,day,vas,d03,s3://cadcat/loca2/ucsd/ipsl-cm6a-lr/ssp370/r8i1p1f1/day/vas/d03/,check_dataset,wind.rotation.undeclared,WARN,20,"'vas' declares no reference frame in its attributes. WRF output is grid-relative by default, but a consumer has no way to confirm that from the file, and rotated companions exist in this same archive.",a reference frame in long_name/description,vas,ckae,climakitae,15.768
LOCA2,UCSD,IPSL-CM6A-LR,ssp370,r8i1p1f1,day,vas,d03,s3://cadcat/loca2/ucsd/ipsl-cm6a-lr/ssp370/r8i1p1f1/day/vas/d03/,check_dataset,grid.convention,INFO,10,"Store is on a geographic grid (['lat', 'lon', 'time']).",,geographic,ckae,climakitae,15.768
LOCA2,UCSD,IPSL-CM6A-LR,ssp370,r8i1p1f1,day,vas,d03,s3://cadcat/loca2/ucsd/ipsl-cm6a-lr/ssp370/r8i1p1f1/day/vas/d03/,check_dataset,dims.extra,INFO,10,Data variable has extra dimensions.,,sim,ckae,climakitae,15.768
LOCA2,UCSD,IPSL-CM6A-LR,ssp370,r8i1p1f1,day,vas,d03,s3://cadcat/loca2/ucsd/ipsl-cm6a-lr/ssp370/r8i1p1f1/day/vas/d03/,check_dataset,attr.global.recommended.missing,INFO,10,Missing 3 of 6 recommended global attributes; datasets are supposed to be self-describing.,"comment, history, institution, references, source, title","comment, history, references",ckae,climakitae,15.768
LOCA2,UCSD,IPSL-CM6A-LR,ssp370,r8i1p1f1,day,vas,d03,s3://cadcat/loca2/ucsd/ipsl-cm6a-lr/ssp370/r8i1p1f1/day/vas/d03/,check_dataset,attr.global.empty,WARN,20,1 global attribute(s) are present but empty. A reader cannot tell an empty value from an unanswered question.,omit the attribute or give it a value,experiment,ckae,climakitae,15.768
LOCA2,UCSD,IPSL-CM6A-LR,ssp370,r8i1p1f1,day,vas,d03,s3://cadcat/loca2/ucsd/ipsl-cm6a-lr/ssp370/r8i1p1f1/day/vas/d03/,check_dataset,time.calendar,INFO,10,Calendar reported as 'proleptic_gregorian'.,,proleptic_gregorian,ckae,climakitae,15.768
LOCA2,UCSD,IPSL-CM6A-LR,ssp370,r8i1p1f1,day,vas,d03,s3://cadcat/loca2/ucsd/ipsl-cm6a-lr/ssp370/r8i1p1f1/day/vas/d03/,check_dataset,time.bounds.match,OK,0,Axis 2015-01-01..2100-12-31 matches the convention.,,,ckae,climakitae,15.768
LOCA2,UCSD,IPSL-CM6A-LR,ssp370,r8i1p1f1,day,vas,d03,s3://cadcat/loca2/ucsd/ipsl-cm6a-lr/ssp370/r8i1p1f1/day/vas/d03/,check_dataset,time.extent.match,OK,0,Time axis 2015-2100 matches the documented extent.,,,ckae,climakitae,15.768
LOCA2,UCSD,IPSL-CM6A-LR,ssp370,r8i1p1f1,day,vas,d03,s3://cadcat/loca2/ucsd/ipsl-cm6a-lr/ssp370/r8i1p1f1/day/vas/d03/,check_dataset,time.frequency.match,OK,0,Median step 24.00 h is consistent with 'day'.,,,ckae,climakitae,15.768
LOCA2,UCSD,IPSL-CM6A-LR,ssp370,r8i1p1f1,day,vas,d03,s3://cadcat/loca2/ucsd/ipsl-cm6a-lr/ssp370/r8i1p1f1/day/vas/d03/,check_dataset,time.gaps,INFO,10,"21 interval(s) fall outside the expected step for 'day'; largest is 48.0 h. This dataset came from a reader that aligns and combines stores, so the gap describes that processing rather than any published store. Re-check with the zarr backend.",24.0-24.0 h,"21 irregular, max 48.0 h",ckae,climakitae,15.768
LOCA2,UCSD,IPSL-CM6A-LR,ssp370,r8i1p1f1,day,vas,d03,s3://cadcat/loca2/ucsd/ipsl-cm6a-lr/ssp370/r8i1p1f1/day/vas/d03/,check_dataset,time.leap.calendar_contradiction,INFO,10,"Calendar is 'proleptic_gregorian', which has leap days, but the axis contains no 29 February across 21 leap year(s) in range. The time coordinate and its own calendar attribute disagree; resampling or day-of-year alignment will drift by a day after each leap year.",29 Feb present (proleptic_gregorian),no 29 Feb,ckae,climakitae,15.768
LOCA2,UCSD,EC-Earth3,ssp585,r1i1p1f1,day,vas,d03,s3://cadcat/loca2/ucsd/ec-earth3/ssp585/r1i1p1f1/day/vas/d03/,check_dataset,dataset.aggregated,WARN,20,"This result combines several stores (sim=3) rather than being a single published dataset. Time alignment across members can drop dates that any one member lacks, so gaps and calendar findings here are properties of the aggregation, not of the archive.",one store per query,sim=3,ckae,climakitae,13.324
LOCA2,UCSD,EC-Earth3,ssp585,r1i1p1f1,day,vas,d03,s3://cadcat/loca2/ucsd/ec-earth3/ssp585/r1i1p1f1/day/vas/d03/,check_dataset,var.present,OK,0,Variable 'vas' present as named in the catalog.,,,ckae,climakitae,13.324
LOCA2,UCSD,EC-Earth3,ssp585,r1i1p1f1,day,vas,d03,s3://cadcat/loca2/ucsd/ec-earth3/ssp585/r1i1p1f1/day/vas/d03/,check_dataset,attr.var.standard_name.missing,INFO,10,CF-recommended attribute 'standard_name' is absent.,standard_name,,ckae,climakitae,13.324
LOCA2,UCSD,EC-Earth3,ssp585,r1i1p1f1,day,vas,d03,s3://cadcat/loca2/ucsd/ec-earth3/ssp585/r1i1p1f1/day/vas/d03/,check_dataset,attr.var.cell_methods.missing,INFO,10,CF-recommended attribute 'cell_methods' is absent.,cell_methods,,ckae,climakitae,13.324
LOCA2,UCSD,EC-Earth3,ssp585,r1i1p1f1,day,vas,d03,s3://cadcat/loca2/ucsd/ec-earth3/ssp585/r1i1p1f1/day/vas/d03/,check_dataset,units.match,OK,0,units 'm s-1' match the reference table.,,,ckae,climakitae,13.324
LOCA2,UCSD,EC-Earth3,ssp585,r1i1p1f1,day,vas,d03,s3://cadcat/loca2/ucsd/ec-earth3/ssp585/r1i1p1f1/day/vas/d03/,check_dataset,long_name.differs,INFO,10,long_name differs from the reference table display name.,North-South component of Wind at 10m,vas,ckae,climakitae,13.324
LOCA2,UCSD,EC-Earth3,ssp585,r1i1p1f1,day,vas,d03,s3://cadcat/loca2/ucsd/ec-earth3/ssp585/r1i1p1f1/day/vas/d03/,check_dataset,wind.rotation.undeclared,WARN,20,"'vas' declares no reference frame in its attributes. WRF output is grid-relative by default, but a consumer has no way to confirm that from the file, and rotated companions exist in this same archive.",a reference frame in long_name/description,vas,ckae,climakitae,13.324
LOCA2,UCSD,EC-Earth3,ssp585,r1i1p1f1,day,vas,d03,s3://cadcat/loca2/ucsd/ec-earth3/ssp585/r1i1p1f1/day/vas/d03/,check_dataset,grid.convention,INFO,10,"Store is on a geographic grid (['lat', 'lon', 'time']).",,geographic,ckae,climakitae,13.324
LOCA2,UCSD,EC-Earth3,ssp585,r1i1p1f1,day,vas,d03,s3://cadcat/loca2/ucsd/ec-earth3/ssp585/r1i1p1f1/day/vas/d03/,check_dataset,dims.extra,INFO,10,Data variable has extra dimensions.,,sim,ckae,climakitae,13.324
LOCA2,UCSD,EC-Earth3,ssp585,r1i1p1f1,day,vas,d03,s3://cadcat/loca2/ucsd/ec-earth3/ssp585/r1i1p1f1/day/vas/d03/,check_dataset,attr.global.recommended.missing,INFO,10,Missing 2 of 6 recommended global attributes; datasets are supposed to be self-describing.,"comment, history, institution, references, source, title","history, references",ckae,climakitae,13.324
LOCA2,UCSD,EC-Earth3,ssp585,r1i1p1f1,day,vas,d03,s3://cadcat/loca2/ucsd/ec-earth3/ssp585/r1i1p1f1/day/vas/d03/,check_dataset,attr.global.empty,WARN,20,1 global attribute(s) are present but empty. A reader cannot tell an empty value from an unanswered question.,omit the attribute or give it a value,experiment,ckae,climakitae,13.324
LOCA2,UCSD,EC-Earth3,ssp585,r1i1p1f1,day,vas,d03,s3://cadcat/loca2/ucsd/ec-earth3/ssp585/r1i1p1f1/day/vas/d03/,check_dataset,time.calendar,INFO,10,Calendar reported as 'proleptic_gregorian'.,,proleptic_gregorian,ckae,climakitae,13.324
LOCA2,UCSD,EC-Earth3,ssp585,r1i1p1f1,day,vas,d03,s3://cadcat/loca2/ucsd/ec-earth3/ssp585/r1i1p1f1/day/vas/d03/,check_dataset,time.bounds.match,OK,0,Axis 2015-01-01..2100-12-31 matches the convention.,,,ckae,climakitae,13.324
LOCA2,UCSD,EC-Earth3,ssp585,r1i1p1f1,day,vas,d03,s3://cadcat/loca2/ucsd/ec-earth3/ssp585/r1i1p1f1/day/vas/d03/,check_dataset,time.extent.match,OK,0,Time axis 2015-2100 matches the documented extent.,,,ckae,climakitae,13.324
LOCA2,UCSD,EC-Earth3,ssp585,r1i1p1f1,day,vas,d03,s3://cadcat/loca2/ucsd/ec-earth3/ssp585/r1i1p1f1/day/vas/d03/,check_dataset,time.frequency.match,OK,0,Median step 24.00 h is consistent with 'day'.,,,ckae,climakitae,13.324
LOCA2,UCSD,EC-Earth3,ssp585,r1i1p1f1,day,vas,d03,s3://cadcat/loca2/ucsd/ec-earth3/ssp585/r1i1p1f1/day/vas/d03/,check_dataset,time.gaps,INFO,10,"21 interval(s) fall outside the expected step for 'day'; largest is 48.0 h. This dataset came from a reader that aligns and combines stores, so the gap describes that processing rather than any published store. Re-check with the zarr backend.",24.0-24.0 h,"21 irregular, max 48.0 h",ckae,climakitae,13.324
LOCA2,UCSD,EC-Earth3,ssp585,r1i1p1f1,day,vas,d03,s3://cadcat/loca2/ucsd/ec-earth3/ssp585/r1i1p1f1/day/vas/d03/,check_dataset,time.leap.calendar_contradiction,INFO,10,"Calendar is 'proleptic_gregorian', which has leap days, but the axis contains no 29 February across 21 leap year(s) in range. The time coordinate and its own calendar attribute disagree; resampling or day-of-year alignment will drift by a day after each leap year.",29 Feb present (proleptic_gregorian),no 29 Feb,ckae,climakitae,13.324
LOCA2,UCSD,IPSL-CM6A-LR,historical,r5i1p1f1,day,wspeed,d03,s3://cadcat/loca2/ucsd/ipsl-cm6a-lr/historical/r5i1p1f1/day/wspeed/d03/,check_dataset,dataset.aggregated,WARN,20,"This result combines several stores (sim=10) rather than being a single published dataset. Time alignment across members can drop dates that any one member lacks, so gaps and calendar findings here are properties of the aggregation, not of the archive.",one store per query,sim=10,ckae,climakitae,15.412
LOCA2,UCSD,IPSL-CM6A-LR,historical,r5i1p1f1,day,wspeed,d03,s3://cadcat/loca2/ucsd/ipsl-cm6a-lr/historical/r5i1p1f1/day/wspeed/d03/,check_dataset,var.present,OK,0,Variable 'wspeed' present as named in the catalog.,,,ckae,climakitae,15.412
LOCA2,UCSD,IPSL-CM6A-LR,historical,r5i1p1f1,day,wspeed,d03,s3://cadcat/loca2/ucsd/ipsl-cm6a-lr/historical/r5i1p1f1/day/wspeed/d03/,check_dataset,attr.var.standard_name.missing,INFO,10,CF-recommended attribute 'standard_name' is absent.,standard_name,,ckae,climakitae,15.412
LOCA2,UCSD,IPSL-CM6A-LR,historical,r5i1p1f1,day,wspeed,d03,s3://cadcat/loca2/ucsd/ipsl-cm6a-lr/historical/r5i1p1f1/day/wspeed/d03/,check_dataset,attr.var.cell_methods.missing,INFO,10,CF-recommended attribute 'cell_methods' is absent.,cell_methods,,ckae,climakitae,15.412
LOCA2,UCSD,IPSL-CM6A-LR,historical,r5i1p1f1,day,wspeed,d03,s3://cadcat/loca2/ucsd/ipsl-cm6a-lr/historical/r5i1p1f1/day/wspeed/d03/,check_dataset,units.match,OK,0,units 'm s-1' match the reference table.,,,ckae,climakitae,15.412
LOCA2,UCSD,IPSL-CM6A-LR,historical,r5i1p1f1,day,wspeed,d03,s3://cadcat/loca2/ucsd/ipsl-cm6a-lr/historical/r5i1p1f1/day/wspeed/d03/,check_dataset,long_name.differs,INFO,10,long_name differs from the reference table display name.,Wind speed at 10m,windspeed,ckae,climakitae,15.412
LOCA2,UCSD,IPSL-CM6A-LR,historical,r5i1p1f1,day,wspeed,d03,s3://cadcat/loca2/ucsd/ipsl-cm6a-lr/historical/r5i1p1f1/day/wspeed/d03/,check_dataset,grid.convention,INFO,10,"Store is on a geographic grid (['lat', 'lon', 'time']).",,geographic,ckae,climakitae,15.412
LOCA2,UCSD,IPSL-CM6A-LR,historical,r5i1p1f1,day,wspeed,d03,s3://cadcat/loca2/ucsd/ipsl-cm6a-lr/historical/r5i1p1f1/day/wspeed/d03/,check_dataset,dims.extra,INFO,10,Data variable has extra dimensions.,,sim,ckae,climakitae,15.412
LOCA2,UCSD,IPSL-CM6A-LR,historical,r5i1p1f1,day,wspeed,d03,s3://cadcat/loca2/ucsd/ipsl-cm6a-lr/historical/r5i1p1f1/day/wspeed/d03/,check_dataset,attr.global.conventions.missing,ERROR,30,"No Conventions attribute. The standard asks every file to name the convention it follows, with CF preferred.",CF-1.x,,ckae,climakitae,15.412
LOCA2,UCSD,IPSL-CM6A-LR,historical,r5i1p1f1,day,wspeed,d03,s3://cadcat/loca2/ucsd/ipsl-cm6a-lr/historical/r5i1p1f1/day/wspeed/d03/,check_dataset,attr.global.recommended.missing,WARN,20,Missing 5 of 6 recommended global attributes; datasets are supposed to be self-describing.,"comment, history, institution, references, source, title","comment, history, institution, references, source",ckae,climakitae,15.412
LOCA2,UCSD,IPSL-CM6A-LR,historical,r5i1p1f1,day,wspeed,d03,s3://cadcat/loca2/ucsd/ipsl-cm6a-lr/historical/r5i1p1f1/day/wspeed/d03/,check_dataset,attr.global.empty,WARN,20,1 global attribute(s) are present but empty. A reader cannot tell an empty value from an unanswered question.,omit the attribute or give it a value,experiment,ckae,climakitae,15.412
LOCA2,UCSD,IPSL-CM6A-LR,historical,r5i1p1f1,day,wspeed,d03,s3://cadcat/loca2/ucsd/ipsl-cm6a-lr/historical/r5i1p1f1/day/wspeed/d03/,check_dataset,time.calendar,INFO,10,Calendar reported as 'proleptic_gregorian'.,,proleptic_gregorian,ckae,climakitae,15.412
LOCA2,UCSD,IPSL-CM6A-LR,historical,r5i1p1f1,day,wspeed,d03,s3://cadcat/loca2/ucsd/ipsl-cm6a-lr/historical/r5i1p1f1/day/wspeed/d03/,check_dataset,time.bounds.match,OK,0,Axis 1950-01-01..2014-12-31 matches the convention.,,,ckae,climakitae,15.412
LOCA2,UCSD,IPSL-CM6A-LR,historical,r5i1p1f1,day,wspeed,d03,s3://cadcat/loca2/ucsd/ipsl-cm6a-lr/historical/r5i1p1f1/day/wspeed/d03/,check_dataset,time.extent.match,OK,0,Time axis 1950-2014 matches the documented extent.,,,ckae,climakitae,15.412
LOCA2,UCSD,IPSL-CM6A-LR,historical,r5i1p1f1,day,wspeed,d03,s3://cadcat/loca2/ucsd/ipsl-cm6a-lr/historical/r5i1p1f1/day/wspeed/d03/,check_dataset,time.frequency.match,OK,0,Median step 24.00 h is consistent with 'day'.,,,ckae,climakitae,15.412
LOCA2,UCSD,IPSL-CM6A-LR,historical,r5i1p1f1,day,wspeed,d03,s3://cadcat/loca2/ucsd/ipsl-cm6a-lr/historical/r5i1p1f1/day/wspeed/d03/,check_dataset,time.gaps,INFO,10,"16 interval(s) fall outside the expected step for 'day'; largest is 48.0 h. This dataset came from a reader that aligns and combines stores, so the gap describes that processing rather than any published store. Re-check with the zarr backend.",24.0-24.0 h,"16 irregular, max 48.0 h",ckae,climakitae,15.412
LOCA2,UCSD,IPSL-CM6A-LR,historical,r5i1p1f1,day,wspeed,d03,s3://cadcat/loca2/ucsd/ipsl-cm6a-lr/historical/r5i1p1f1/day/wspeed/d03/,check_dataset,time.leap.calendar_contradiction,INFO,10,"Calendar is 'proleptic_gregorian', which has leap days, but the axis contains no 29 February across 16 leap year(s) in range. The time coordinate and its own calendar attribute disagree; resampling or day-of-year alignment will drift by a day after each leap year.",29 Feb present (proleptic_gregorian),no 29 Feb,ckae,climakitae,15.412
LOCA2,UCSD,HadGEM3-GC31-LL,ssp245,r1i1p1f3,day,wspeed,d03,s3://cadcat/loca2/ucsd/hadgem3-gc31-ll/ssp245/r1i1p1f3/day/wspeed/d03/,check_dataset,var.present,OK,0,Variable 'wspeed' present as named in the catalog.,,,ckae,climakitae,9.776
LOCA2,UCSD,HadGEM3-GC31-LL,ssp245,r1i1p1f3,day,wspeed,d03,s3://cadcat/loca2/ucsd/hadgem3-gc31-ll/ssp245/r1i1p1f3/day/wspeed/d03/,check_dataset,attr.var.standard_name.missing,INFO,10,CF-recommended attribute 'standard_name' is absent.,standard_name,,ckae,climakitae,9.776
LOCA2,UCSD,HadGEM3-GC31-LL,ssp245,r1i1p1f3,day,wspeed,d03,s3://cadcat/loca2/ucsd/hadgem3-gc31-ll/ssp245/r1i1p1f3/day/wspeed/d03/,check_dataset,attr.var.cell_methods.missing,INFO,10,CF-recommended attribute 'cell_methods' is absent.,cell_methods,,ckae,climakitae,9.776
LOCA2,UCSD,HadGEM3-GC31-LL,ssp245,r1i1p1f3,day,wspeed,d03,s3://cadcat/loca2/ucsd/hadgem3-gc31-ll/ssp245/r1i1p1f3/day/wspeed/d03/,check_dataset,units.match,OK,0,units 'm s-1' match the reference table.,,,ckae,climakitae,9.776
LOCA2,UCSD,HadGEM3-GC31-LL,ssp245,r1i1p1f3,day,wspeed,d03,s3://cadcat/loca2/ucsd/hadgem3-gc31-ll/ssp245/r1i1p1f3/day/wspeed/d03/,check_dataset,long_name.differs,INFO,10,long_name differs from the reference table display name.,Wind speed at 10m,windspeed,ckae,climakitae,9.776
LOCA2,UCSD,HadGEM3-GC31-LL,ssp245,r1i1p1f3,day,wspeed,d03,s3://cadcat/loca2/ucsd/hadgem3-gc31-ll/ssp245/r1i1p1f3/day/wspeed/d03/,check_dataset,grid.convention,INFO,10,"Store is on a geographic grid (['lat', 'lon', 'time']).",,geographic,ckae,climakitae,9.776
LOCA2,UCSD,HadGEM3-GC31-LL,ssp245,r1i1p1f3,day,wspeed,d03,s3://cadcat/loca2/ucsd/hadgem3-gc31-ll/ssp245/r1i1p1f3/day/wspeed/d03/,check_dataset,dims.extra,INFO,10,Data variable has extra dimensions.,,sim,ckae,climakitae,9.776
LOCA2,UCSD,HadGEM3-GC31-LL,ssp245,r1i1p1f3,day,wspeed,d03,s3://cadcat/loca2/ucsd/hadgem3-gc31-ll/ssp245/r1i1p1f3/day/wspeed/d03/,check_dataset,attr.global.conventions.missing,ERROR,30,"No Conventions attribute. The standard asks every file to name the convention it follows, with CF preferred.",CF-1.x,,ckae,climakitae,9.776
LOCA2,UCSD,HadGEM3-GC31-LL,ssp245,r1i1p1f3,day,wspeed,d03,s3://cadcat/loca2/ucsd/hadgem3-gc31-ll/ssp245/r1i1p1f3/day/wspeed/d03/,check_dataset,attr.global.recommended.missing,WARN,20,Missing 5 of 6 recommended global attributes; datasets are supposed to be self-describing.,"comment, history, institution, references, source, title","comment, history, institution, references, source",ckae,climakitae,9.776
LOCA2,UCSD,HadGEM3-GC31-LL,ssp245,r1i1p1f3,day,wspeed,d03,s3://cadcat/loca2/ucsd/hadgem3-gc31-ll/ssp245/r1i1p1f3/day/wspeed/d03/,check_dataset,attr.global.empty,WARN,20,1 global attribute(s) are present but empty. A reader cannot tell an empty value from an unanswered question.,omit the attribute or give it a value,experiment,ckae,climakitae,9.776
LOCA2,UCSD,HadGEM3-GC31-LL,ssp245,r1i1p1f3,day,wspeed,d03,s3://cadcat/loca2/ucsd/hadgem3-gc31-ll/ssp245/r1i1p1f3/day/wspeed/d03/,check_dataset,time.calendar,INFO,10,Calendar reported as 'proleptic_gregorian'.,,proleptic_gregorian,ckae,climakitae,9.776
LOCA2,UCSD,HadGEM3-GC31-LL,ssp245,r1i1p1f3,day,wspeed,d03,s3://cadcat/loca2/ucsd/hadgem3-gc31-ll/ssp245/r1i1p1f3/day/wspeed/d03/,check_dataset,time.bounds.match,OK,0,Axis 2015-01-01..2100-12-31 matches the convention.,,,ckae,climakitae,9.776
LOCA2,UCSD,HadGEM3-GC31-LL,ssp245,r1i1p1f3,day,wspeed,d03,s3://cadcat/loca2/ucsd/hadgem3-gc31-ll/ssp245/r1i1p1f3/day/wspeed/d03/,check_dataset,time.extent.match,OK,0,Time axis 2015-2100 matches the documented extent.,,,ckae,climakitae,9.776
LOCA2,UCSD,HadGEM3-GC31-LL,ssp245,r1i1p1f3,day,wspeed,d03,s3://cadcat/loca2/ucsd/hadgem3-gc31-ll/ssp245/r1i1p1f3/day/wspeed/d03/,check_dataset,time.frequency.match,OK,0,Median step 24.00 h is consistent with 'day'.,,,ckae,climakitae,9.776
LOCA2,UCSD,HadGEM3-GC31-LL,ssp245,r1i1p1f3,day,wspeed,d03,s3://cadcat/loca2/ucsd/hadgem3-gc31-ll/ssp245/r1i1p1f3/day/wspeed/d03/,check_dataset,time.gaps,INFO,10,"21 interval(s) fall outside the expected step for 'day'; largest is 48.0 h. This dataset came from a reader that aligns and combines stores, so the gap describes that processing rather than any published store. Re-check with the zarr backend.",24.0-24.0 h,"21 irregular, max 48.0 h",ckae,climakitae,9.776
LOCA2,UCSD,HadGEM3-GC31-LL,ssp245,r1i1p1f3,day,wspeed,d03,s3://cadcat/loca2/ucsd/hadgem3-gc31-ll/ssp245/r1i1p1f3/day/wspeed/d03/,check_dataset,time.leap.calendar_contradiction,INFO,10,"Calendar is 'proleptic_gregorian', which has leap days, but the axis contains no 29 February across 21 leap year(s) in range. The time coordinate and its own calendar attribute disagree; resampling or day-of-year alignment will drift by a day after each leap year.",29 Feb present (proleptic_gregorian),no 29 Feb,ckae,climakitae,9.776
LOCA2,UCSD,IPSL-CM6A-LR,ssp370,r8i1p1f1,day,wspeed,d03,s3://cadcat/loca2/ucsd/ipsl-cm6a-lr/ssp370/r8i1p1f1/day/wspeed/d03/,check_dataset,dataset.aggregated,WARN,20,"This result combines several stores (sim=10) rather than being a single published dataset. Time alignment across members can drop dates that any one member lacks, so gaps and calendar findings here are properties of the aggregation, not of the archive.",one store per query,sim=10,ckae,climakitae,15.722
LOCA2,UCSD,IPSL-CM6A-LR,ssp370,r8i1p1f1,day,wspeed,d03,s3://cadcat/loca2/ucsd/ipsl-cm6a-lr/ssp370/r8i1p1f1/day/wspeed/d03/,check_dataset,var.present,OK,0,Variable 'wspeed' present as named in the catalog.,,,ckae,climakitae,15.722
LOCA2,UCSD,IPSL-CM6A-LR,ssp370,r8i1p1f1,day,wspeed,d03,s3://cadcat/loca2/ucsd/ipsl-cm6a-lr/ssp370/r8i1p1f1/day/wspeed/d03/,check_dataset,attr.var.standard_name.missing,INFO,10,CF-recommended attribute 'standard_name' is absent.,standard_name,,ckae,climakitae,15.722
LOCA2,UCSD,IPSL-CM6A-LR,ssp370,r8i1p1f1,day,wspeed,d03,s3://cadcat/loca2/ucsd/ipsl-cm6a-lr/ssp370/r8i1p1f1/day/wspeed/d03/,check_dataset,attr.var.cell_methods.missing,INFO,10,CF-recommended attribute 'cell_methods' is absent.,cell_methods,,ckae,climakitae,15.722
LOCA2,UCSD,IPSL-CM6A-LR,ssp370,r8i1p1f1,day,wspeed,d03,s3://cadcat/loca2/ucsd/ipsl-cm6a-lr/ssp370/r8i1p1f1/day/wspeed/d03/,check_dataset,units.match,OK,0,units 'm s-1' match the reference table.,,,ckae,climakitae,15.722
LOCA2,UCSD,IPSL-CM6A-LR,ssp370,r8i1p1f1,day,wspeed,d03,s3://cadcat/loca2/ucsd/ipsl-cm6a-lr/ssp370/r8i1p1f1/day/wspeed/d03/,check_dataset,long_name.differs,INFO,10,long_name differs from the reference table display name.,Wind speed at 10m,windspeed,ckae,climakitae,15.722
LOCA2,UCSD,IPSL-CM6A-LR,ssp370,r8i1p1f1,day,wspeed,d03,s3://cadcat/loca2/ucsd/ipsl-cm6a-lr/ssp370/r8i1p1f1/day/wspeed/d03/,check_dataset,grid.convention,INFO,10,"Store is on a geographic grid (['lat', 'lon', 'time']).",,geographic,ckae,climakitae,15.722
LOCA2,UCSD,IPSL-CM6A-LR,ssp370,r8i1p1f1,day,wspeed,d03,s3://cadcat/loca2/ucsd/ipsl-cm6a-lr/ssp370/r8i1p1f1/day/wspeed/d03/,check_dataset,dims.extra,INFO,10,Data variable has extra dimensions.,,sim,ckae,climakitae,15.722
LOCA2,UCSD,IPSL-CM6A-LR,ssp370,r8i1p1f1,day,wspeed,d03,s3://cadcat/loca2/ucsd/ipsl-cm6a-lr/ssp370/r8i1p1f1/day/wspeed/d03/,check_dataset,attr.global.conventions.missing,ERROR,30,"No Conventions attribute. The standard asks every file to name the convention it follows, with CF preferred.",CF-1.x,,ckae,climakitae,15.722
LOCA2,UCSD,IPSL-CM6A-LR,ssp370,r8i1p1f1,day,wspeed,d03,s3://cadcat/loca2/ucsd/ipsl-cm6a-lr/ssp370/r8i1p1f1/day/wspeed/d03/,check_dataset,attr.global.recommended.missing,WARN,20,Missing 5 of 6 recommended global attributes; datasets are supposed to be self-describing.,"comment, history, institution, references, source, title","comment, history, institution, references, source",ckae,climakitae,15.722
LOCA2,UCSD,IPSL-CM6A-LR,ssp370,r8i1p1f1,day,wspeed,d03,s3://cadcat/loca2/ucsd/ipsl-cm6a-lr/ssp370/r8i1p1f1/day/wspeed/d03/,check_dataset,attr.global.empty,WARN,20,1 global attribute(s) are present but empty. A reader cannot tell an empty value from an unanswered question.,omit the attribute or give it a value,experiment,ckae,climakitae,15.722
LOCA2,UCSD,IPSL-CM6A-LR,ssp370,r8i1p1f1,day,wspeed,d03,s3://cadcat/loca2/ucsd/ipsl-cm6a-lr/ssp370/r8i1p1f1/day/wspeed/d03/,check_dataset,time.calendar,INFO,10,Calendar reported as 'proleptic_gregorian'.,,proleptic_gregorian,ckae,climakitae,15.722
LOCA2,UCSD,IPSL-CM6A-LR,ssp370,r8i1p1f1,day,wspeed,d03,s3://cadcat/loca2/ucsd/ipsl-cm6a-lr/ssp370/r8i1p1f1/day/wspeed/d03/,check_dataset,time.bounds.match,OK,0,Axis 2015-01-01..2100-12-31 matches the convention.,,,ckae,climakitae,15.722
LOCA2,UCSD,IPSL-CM6A-LR,ssp370,r8i1p1f1,day,wspeed,d03,s3://cadcat/loca2/ucsd/ipsl-cm6a-lr/ssp370/r8i1p1f1/day/wspeed/d03/,check_dataset,time.extent.match,OK,0,Time axis 2015-2100 matches the documented extent.,,,ckae,climakitae,15.722
LOCA2,UCSD,IPSL-CM6A-LR,ssp370,r8i1p1f1,day,wspeed,d03,s3://cadcat/loca2/ucsd/ipsl-cm6a-lr/ssp370/r8i1p1f1/day/wspeed/d03/,check_dataset,time.frequency.match,OK,0,Median step 24.00 h is consistent with 'day'.,,,ckae,climakitae,15.722
LOCA2,UCSD,IPSL-CM6A-LR,ssp370,r8i1p1f1,day,wspeed,d03,s3://cadcat/loca2/ucsd/ipsl-cm6a-lr/ssp370/r8i1p1f1/day/wspeed/d03/,check_dataset,time.gaps,INFO,10,"21 interval(s) fall outside the expected step for 'day'; largest is 48.0 h. This dataset came from a reader that aligns and combines stores, so the gap describes that processing rather than any published store. Re-check with the zarr backend.",24.0-24.0 h,"21 irregular, max 48.0 h",ckae,climakitae,15.722
LOCA2,UCSD,IPSL-CM6A-LR,ssp370,r8i1p1f1,day,wspeed,d03,s3://cadcat/loca2/ucsd/ipsl-cm6a-lr/ssp370/r8i1p1f1/day/wspeed/d03/,check_dataset,time.leap.calendar_contradiction,INFO,10,"Calendar is 'proleptic_gregorian', which has leap days, but the axis contains no 29 February across 21 leap year(s) in range. The time coordinate and its own calendar attribute disagree; resampling or day-of-year alignment will drift by a day after each leap year.",29 Feb present (proleptic_gregorian),no 29 Feb,ckae,climakitae,15.722
LOCA2,UCSD,EC-Earth3,ssp585,r1i1p1f1,day,wspeed,d03,s3://cadcat/loca2/ucsd/ec-earth3/ssp585/r1i1p1f1/day/wspeed/d03/,check_dataset,dataset.aggregated,WARN,20,"This result combines several stores (sim=3) rather than being a single published dataset. Time alignment across members can drop dates that any one member lacks, so gaps and calendar findings here are properties of the aggregation, not of the archive.",one store per query,sim=3,ckae,climakitae,14.265
LOCA2,UCSD,EC-Earth3,ssp585,r1i1p1f1,day,wspeed,d03,s3://cadcat/loca2/ucsd/ec-earth3/ssp585/r1i1p1f1/day/wspeed/d03/,check_dataset,var.present,OK,0,Variable 'wspeed' present as named in the catalog.,,,ckae,climakitae,14.265
LOCA2,UCSD,EC-Earth3,ssp585,r1i1p1f1,day,wspeed,d03,s3://cadcat/loca2/ucsd/ec-earth3/ssp585/r1i1p1f1/day/wspeed/d03/,check_dataset,attr.var.standard_name.missing,INFO,10,CF-recommended attribute 'standard_name' is absent.,standard_name,,ckae,climakitae,14.265
LOCA2,UCSD,EC-Earth3,ssp585,r1i1p1f1,day,wspeed,d03,s3://cadcat/loca2/ucsd/ec-earth3/ssp585/r1i1p1f1/day/wspeed/d03/,check_dataset,attr.var.cell_methods.missing,INFO,10,CF-recommended attribute 'cell_methods' is absent.,cell_methods,,ckae,climakitae,14.265
LOCA2,UCSD,EC-Earth3,ssp585,r1i1p1f1,day,wspeed,d03,s3://cadcat/loca2/ucsd/ec-earth3/ssp585/r1i1p1f1/day/wspeed/d03/,check_dataset,units.match,OK,0,units 'm s-1' match the reference table.,,,ckae,climakitae,14.265
LOCA2,UCSD,EC-Earth3,ssp585,r1i1p1f1,day,wspeed,d03,s3://cadcat/loca2/ucsd/ec-earth3/ssp585/r1i1p1f1/day/wspeed/d03/,check_dataset,long_name.differs,INFO,10,long_name differs from the reference table display name.,Wind speed at 10m,windspeed,ckae,climakitae,14.265
LOCA2,UCSD,EC-Earth3,ssp585,r1i1p1f1,day,wspeed,d03,s3://cadcat/loca2/ucsd/ec-earth3/ssp585/r1i1p1f1/day/wspeed/d03/,check_dataset,grid.convention,INFO,10,"Store is on a geographic grid (['lat', 'lon', 'time']).",,geographic,ckae,climakitae,14.265
LOCA2,UCSD,EC-Earth3,ssp585,r1i1p1f1,day,wspeed,d03,s3://cadcat/loca2/ucsd/ec-earth3/ssp585/r1i1p1f1/day/wspeed/d03/,check_dataset,dims.extra,INFO,10,Data variable has extra dimensions.,,sim,ckae,climakitae,14.265
LOCA2,UCSD,EC-Earth3,ssp585,r1i1p1f1,day,wspeed,d03,s3://cadcat/loca2/ucsd/ec-earth3/ssp585/r1i1p1f1/day/wspeed/d03/,check_dataset,attr.global.conventions.missing,ERROR,30,"No Conventions attribute. The standard asks every file to name the convention it follows, with CF preferred.",CF-1.x,,ckae,climakitae,14.265
LOCA2,UCSD,EC-Earth3,ssp585,r1i1p1f1,day,wspeed,d03,s3://cadcat/loca2/ucsd/ec-earth3/ssp585/r1i1p1f1/day/wspeed/d03/,check_dataset,attr.global.recommended.missing,WARN,20,Missing 5 of 6 recommended global attributes; datasets are supposed to be self-describing.,"comment, history, institution, references, source, title","comment, history, institution, references, source",ckae,climakitae,14.265
LOCA2,UCSD,EC-Earth3,ssp585,r1i1p1f1,day,wspeed,d03,s3://cadcat/loca2/ucsd/ec-earth3/ssp585/r1i1p1f1/day/wspeed/d03/,check_dataset,attr.global.empty,WARN,20,1 global attribute(s) are present but empty. A reader cannot tell an empty value from an unanswered question.,omit the attribute or give it a value,experiment,ckae,climakitae,14.265
LOCA2,UCSD,EC-Earth3,ssp585,r1i1p1f1,day,wspeed,d03,s3://cadcat/loca2/ucsd/ec-earth3/ssp585/r1i1p1f1/day/wspeed/d03/,check_dataset,time.calendar,INFO,10,Calendar reported as 'proleptic_gregorian'.,,proleptic_gregorian,ckae,climakitae,14.265
LOCA2,UCSD,EC-Earth3,ssp585,r1i1p1f1,day,wspeed,d03,s3://cadcat/loca2/ucsd/ec-earth3/ssp585/r1i1p1f1/day/wspeed/d03/,check_dataset,time.bounds.match,OK,0,Axis 2015-01-01..2100-12-31 matches the convention.,,,ckae,climakitae,14.265
LOCA2,UCSD,EC-Earth3,ssp585,r1i1p1f1,day,wspeed,d03,s3://cadcat/loca2/ucsd/ec-earth3/ssp585/r1i1p1f1/day/wspeed/d03/,check_dataset,time.extent.match,OK,0,Time axis 2015-2100 matches the documented extent.,,,ckae,climakitae,14.265
LOCA2,UCSD,EC-Earth3,ssp585,r1i1p1f1,day,wspeed,d03,s3://cadcat/loca2/ucsd/ec-earth3/ssp585/r1i1p1f1/day/wspeed/d03/,check_dataset,time.frequency.match,OK,0,Median step 24.00 h is consistent with 'day'.,,,ckae,climakitae,14.265
LOCA2,UCSD,EC-Earth3,ssp585,r1i1p1f1,day,wspeed,d03,s3://cadcat/loca2/ucsd/ec-earth3/ssp585/r1i1p1f1/day/wspeed/d03/,check_dataset,time.gaps,INFO,10,"21 interval(s) fall outside the expected step for 'day'; largest is 48.0 h. This dataset came from a reader that aligns and combines stores, so the gap describes that processing rather than any published store. Re-check with the zarr backend.",24.0-24.0 h,"21 irregular, max 48.0 h",ckae,climakitae,14.265
LOCA2,UCSD,EC-Earth3,ssp585,r1i1p1f1,day,wspeed,d03,s3://cadcat/loca2/ucsd/ec-earth3/ssp585/r1i1p1f1/day/wspeed/d03/,check_dataset,time.leap.calendar_contradiction,INFO,10,"Calendar is 'proleptic_gregorian', which has leap days, but the axis contains no 29 February across 21 leap year(s) in range. The time coordinate and its own calendar attribute disagree; resampling or day-of-year alignment will drift by a day after each leap year.",29 Feb present (proleptic_gregorian),no 29 Feb,ckae,climakitae,14.265
LOCA2,UCSD,HadGEM3-GC31-LL,historical,r2i1p1f3,day,hursmax,d03,s3://cadcat/loca2/ucsd/hadgem3-gc31-ll/historical/r2i1p1f3/day/hursmax/d03/,check_dataset,store.consolidated,OK,0,Consolidated metadata (.zmetadata) present.,,,zarr,zarr,5.246
LOCA2,UCSD,HadGEM3-GC31-LL,historical,r2i1p1f3,day,hursmax,d03,s3://cadcat/loca2/ucsd/hadgem3-gc31-ll/historical/r2i1p1f3/day/hursmax/d03/,check_dataset,store.array.shape,INFO,10,"hursmax: shape (23741, 495, 559), chunks (1697, 132, 149), dtype <f4.",,"shape=(23741, 495, 559) chunks=(1697, 132, 149) dtype=<f4",zarr,zarr,5.246
LOCA2,UCSD,HadGEM3-GC31-LL,historical,r2i1p1f3,day,hursmax,d03,s3://cadcat/loca2/ucsd/hadgem3-gc31-ll/historical/r2i1p1f3/day/hursmax/d03/,check_dataset,var.present,OK,0,Variable 'hursmax' present as named in the catalog.,,,zarr,zarr,5.246
LOCA2,UCSD,HadGEM3-GC31-LL,historical,r2i1p1f3,day,hursmax,d03,s3://cadcat/loca2/ucsd/hadgem3-gc31-ll/historical/r2i1p1f3/day/hursmax/d03/,check_dataset,attr.var.long_name.missing,ERROR,30,Required variable attribute 'long_name' is missing or empty. The metadata standard sets units + long_name as the minimum.,long_name,,zarr,zarr,5.246
LOCA2,UCSD,HadGEM3-GC31-LL,historical,r2i1p1f3,day,hursmax,d03,s3://cadcat/loca2/ucsd/hadgem3-gc31-ll/historical/r2i1p1f3/day/hursmax/d03/,check_dataset,attr.var.standard_name.missing,INFO,10,CF-recommended attribute 'standard_name' is absent.,standard_name,,zarr,zarr,5.246
LOCA2,UCSD,HadGEM3-GC31-LL,historical,r2i1p1f3,day,hursmax,d03,s3://cadcat/loca2/ucsd/hadgem3-gc31-ll/historical/r2i1p1f3/day/hursmax/d03/,check_dataset,attr.var.cell_methods.missing,INFO,10,CF-recommended attribute 'cell_methods' is absent.,cell_methods,,zarr,zarr,5.246
LOCA2,UCSD,HadGEM3-GC31-LL,historical,r2i1p1f3,day,hursmax,d03,s3://cadcat/loca2/ucsd/hadgem3-gc31-ll/historical/r2i1p1f3/day/hursmax/d03/,check_dataset,units.match,OK,0,units 'percent' match the reference table.,,,zarr,zarr,5.246
LOCA2,UCSD,HadGEM3-GC31-LL,historical,r2i1p1f3,day,hursmax,d03,s3://cadcat/loca2/ucsd/hadgem3-gc31-ll/historical/r2i1p1f3/day/hursmax/d03/,check_dataset,grid.convention,INFO,10,"Store is on a geographic grid (['lat', 'lon', 'time']).",,geographic,zarr,zarr,5.246
LOCA2,UCSD,HadGEM3-GC31-LL,historical,r2i1p1f3,day,hursmax,d03,s3://cadcat/loca2/ucsd/hadgem3-gc31-ll/historical/r2i1p1f3/day/hursmax/d03/,check_dataset,crs.spatial_ref.missing,ERROR,30,LOCA2 stores should carry a spatial_ref coordinate holding the WGS84 definition.,spatial_ref,,zarr,zarr,5.246
LOCA2,UCSD,HadGEM3-GC31-LL,historical,r2i1p1f3,day,hursmax,d03,s3://cadcat/loca2/ucsd/hadgem3-gc31-ll/historical/r2i1p1f3/day/hursmax/d03/,check_dataset,attr.global.recommended.missing,INFO,10,Missing 2 of 6 recommended global attributes; datasets are supposed to be self-describing.,"comment, history, institution, references, source, title","comment, references",zarr,zarr,5.246
LOCA2,UCSD,HadGEM3-GC31-LL,historical,r2i1p1f3,day,hursmax,d03,s3://cadcat/loca2/ucsd/hadgem3-gc31-ll/historical/r2i1p1f3/day/hursmax/d03/,check_dataset,attr.global.empty,WARN,20,1 global attribute(s) are present but empty. A reader cannot tell an empty value from an unanswered question.,omit the attribute or give it a value,experiment,zarr,zarr,5.246
LOCA2,UCSD,HadGEM3-GC31-LL,historical,r2i1p1f3,day,hursmax,d03,s3://cadcat/loca2/ucsd/hadgem3-gc31-ll/historical/r2i1p1f3/day/hursmax/d03/,check_dataset,time.calendar,INFO,10,Calendar reported as 'proleptic_gregorian'.,,proleptic_gregorian,zarr,zarr,5.246
LOCA2,UCSD,HadGEM3-GC31-LL,historical,r2i1p1f3,day,hursmax,d03,s3://cadcat/loca2/ucsd/hadgem3-gc31-ll/historical/r2i1p1f3/day/hursmax/d03/,check_dataset,time.bounds.match,OK,0,Axis 1950-01-01..2014-12-31 matches the convention.,,,zarr,zarr,5.246
LOCA2,UCSD,HadGEM3-GC31-LL,historical,r2i1p1f3,day,hursmax,d03,s3://cadcat/loca2/ucsd/hadgem3-gc31-ll/historical/r2i1p1f3/day/hursmax/d03/,check_dataset,time.extent.match,OK,0,Time axis 1950-2014 matches the documented extent.,,,zarr,zarr,5.246
LOCA2,UCSD,HadGEM3-GC31-LL,historical,r2i1p1f3,day,hursmax,d03,s3://cadcat/loca2/ucsd/hadgem3-gc31-ll/historical/r2i1p1f3/day/hursmax/d03/,check_dataset,time.frequency.match,OK,0,Median step 24.00 h is consistent with 'day'.,,,zarr,zarr,5.246
LOCA2,UCSD,EC-Earth3,ssp245,r2i1p1f1,day,hursmax,d03,s3://cadcat/loca2/ucsd/ec-earth3/ssp245/r2i1p1f1/day/hursmax/d03/,check_dataset,store.consolidated,OK,0,Consolidated metadata (.zmetadata) present.,,,zarr,zarr,5.249
LOCA2,UCSD,EC-Earth3,ssp245,r2i1p1f1,day,hursmax,d03,s3://cadcat/loca2/ucsd/ec-earth3/ssp245/r2i1p1f1/day/hursmax/d03/,check_dataset,store.array.shape,INFO,10,"hursmax: shape (31411, 495, 559), chunks (1952, 123, 139), dtype <f4.",,"shape=(31411, 495, 559) chunks=(1952, 123, 139) dtype=<f4",zarr,zarr,5.249
LOCA2,UCSD,EC-Earth3,ssp245,r2i1p1f1,day,hursmax,d03,s3://cadcat/loca2/ucsd/ec-earth3/ssp245/r2i1p1f1/day/hursmax/d03/,check_dataset,var.present,OK,0,Variable 'hursmax' present as named in the catalog.,,,zarr,zarr,5.249
LOCA2,UCSD,EC-Earth3,ssp245,r2i1p1f1,day,hursmax,d03,s3://cadcat/loca2/ucsd/ec-earth3/ssp245/r2i1p1f1/day/hursmax/d03/,check_dataset,attr.var.long_name.missing,ERROR,30,Required variable attribute 'long_name' is missing or empty. The metadata standard sets units + long_name as the minimum.,long_name,,zarr,zarr,5.249
LOCA2,UCSD,EC-Earth3,ssp245,r2i1p1f1,day,hursmax,d03,s3://cadcat/loca2/ucsd/ec-earth3/ssp245/r2i1p1f1/day/hursmax/d03/,check_dataset,attr.var.standard_name.missing,INFO,10,CF-recommended attribute 'standard_name' is absent.,standard_name,,zarr,zarr,5.249
LOCA2,UCSD,EC-Earth3,ssp245,r2i1p1f1,day,hursmax,d03,s3://cadcat/loca2/ucsd/ec-earth3/ssp245/r2i1p1f1/day/hursmax/d03/,check_dataset,attr.var.cell_methods.missing,INFO,10,CF-recommended attribute 'cell_methods' is absent.,cell_methods,,zarr,zarr,5.249
LOCA2,UCSD,EC-Earth3,ssp245,r2i1p1f1,day,hursmax,d03,s3://cadcat/loca2/ucsd/ec-earth3/ssp245/r2i1p1f1/day/hursmax/d03/,check_dataset,units.match,OK,0,units 'percent' match the reference table.,,,zarr,zarr,5.249
LOCA2,UCSD,EC-Earth3,ssp245,r2i1p1f1,day,hursmax,d03,s3://cadcat/loca2/ucsd/ec-earth3/ssp245/r2i1p1f1/day/hursmax/d03/,check_dataset,grid.convention,INFO,10,"Store is on a geographic grid (['lat', 'lon', 'time']).",,geographic,zarr,zarr,5.249
LOCA2,UCSD,EC-Earth3,ssp245,r2i1p1f1,day,hursmax,d03,s3://cadcat/loca2/ucsd/ec-earth3/ssp245/r2i1p1f1/day/hursmax/d03/,check_dataset,crs.spatial_ref.missing,ERROR,30,LOCA2 stores should carry a spatial_ref coordinate holding the WGS84 definition.,spatial_ref,,zarr,zarr,5.249
LOCA2,UCSD,EC-Earth3,ssp245,r2i1p1f1,day,hursmax,d03,s3://cadcat/loca2/ucsd/ec-earth3/ssp245/r2i1p1f1/day/hursmax/d03/,check_dataset,attr.global.recommended.missing,INFO,10,Missing 2 of 6 recommended global attributes; datasets are supposed to be self-describing.,"comment, history, institution, references, source, title","comment, references",zarr,zarr,5.249
LOCA2,UCSD,EC-Earth3,ssp245,r2i1p1f1,day,hursmax,d03,s3://cadcat/loca2/ucsd/ec-earth3/ssp245/r2i1p1f1/day/hursmax/d03/,check_dataset,attr.global.empty,WARN,20,1 global attribute(s) are present but empty. A reader cannot tell an empty value from an unanswered question.,omit the attribute or give it a value,experiment,zarr,zarr,5.249
LOCA2,UCSD,EC-Earth3,ssp245,r2i1p1f1,day,hursmax,d03,s3://cadcat/loca2/ucsd/ec-earth3/ssp245/r2i1p1f1/day/hursmax/d03/,check_dataset,time.calendar,INFO,10,Calendar reported as 'proleptic_gregorian'.,,proleptic_gregorian,zarr,zarr,5.249
LOCA2,UCSD,EC-Earth3,ssp245,r2i1p1f1,day,hursmax,d03,s3://cadcat/loca2/ucsd/ec-earth3/ssp245/r2i1p1f1/day/hursmax/d03/,check_dataset,time.bounds.match,OK,0,Axis 2015-01-01..2100-12-31 matches the convention.,,,zarr,zarr,5.249
LOCA2,UCSD,EC-Earth3,ssp245,r2i1p1f1,day,hursmax,d03,s3://cadcat/loca2/ucsd/ec-earth3/ssp245/r2i1p1f1/day/hursmax/d03/,check_dataset,time.extent.match,OK,0,Time axis 2015-2100 matches the documented extent.,,,zarr,zarr,5.249
LOCA2,UCSD,EC-Earth3,ssp245,r2i1p1f1,day,hursmax,d03,s3://cadcat/loca2/ucsd/ec-earth3/ssp245/r2i1p1f1/day/hursmax/d03/,check_dataset,time.frequency.match,OK,0,Median step 24.00 h is consistent with 'day'.,,,zarr,zarr,5.249
LOCA2,UCSD,KACE-1-0-G,ssp370,r1i1p1f1,day,hursmax,d03,s3://cadcat/loca2/ucsd/kace-1-0-g/ssp370/r1i1p1f1/day/hursmax/d03/,check_dataset,store.consolidated,OK,0,Consolidated metadata (.zmetadata) present.,,,zarr,zarr,4.408
LOCA2,UCSD,KACE-1-0-G,ssp370,r1i1p1f1,day,hursmax,d03,s3://cadcat/loca2/ucsd/kace-1-0-g/ssp370/r1i1p1f1/day/hursmax/d03/,check_dataset,store.array.shape,INFO,10,"hursmax: shape (31411, 495, 559), chunks (1952, 123, 139), dtype <f4.",,"shape=(31411, 495, 559) chunks=(1952, 123, 139) dtype=<f4",zarr,zarr,4.408
LOCA2,UCSD,KACE-1-0-G,ssp370,r1i1p1f1,day,hursmax,d03,s3://cadcat/loca2/ucsd/kace-1-0-g/ssp370/r1i1p1f1/day/hursmax/d03/,check_dataset,var.present,OK,0,Variable 'hursmax' present as named in the catalog.,,,zarr,zarr,4.408
LOCA2,UCSD,KACE-1-0-G,ssp370,r1i1p1f1,day,hursmax,d03,s3://cadcat/loca2/ucsd/kace-1-0-g/ssp370/r1i1p1f1/day/hursmax/d03/,check_dataset,attr.var.long_name.missing,ERROR,30,Required variable attribute 'long_name' is missing or empty. The metadata standard sets units + long_name as the minimum.,long_name,,zarr,zarr,4.408
LOCA2,UCSD,KACE-1-0-G,ssp370,r1i1p1f1,day,hursmax,d03,s3://cadcat/loca2/ucsd/kace-1-0-g/ssp370/r1i1p1f1/day/hursmax/d03/,check_dataset,attr.var.standard_name.missing,INFO,10,CF-recommended attribute 'standard_name' is absent.,standard_name,,zarr,zarr,4.408
LOCA2,UCSD,KACE-1-0-G,ssp370,r1i1p1f1,day,hursmax,d03,s3://cadcat/loca2/ucsd/kace-1-0-g/ssp370/r1i1p1f1/day/hursmax/d03/,check_dataset,attr.var.cell_methods.missing,INFO,10,CF-recommended attribute 'cell_methods' is absent.,cell_methods,,zarr,zarr,4.408
LOCA2,UCSD,KACE-1-0-G,ssp370,r1i1p1f1,day,hursmax,d03,s3://cadcat/loca2/ucsd/kace-1-0-g/ssp370/r1i1p1f1/day/hursmax/d03/,check_dataset,units.match,OK,0,units 'percent' match the reference table.,,,zarr,zarr,4.408
LOCA2,UCSD,KACE-1-0-G,ssp370,r1i1p1f1,day,hursmax,d03,s3://cadcat/loca2/ucsd/kace-1-0-g/ssp370/r1i1p1f1/day/hursmax/d03/,check_dataset,grid.convention,INFO,10,"Store is on a geographic grid (['lat', 'lon', 'time']).",,geographic,zarr,zarr,4.408
LOCA2,UCSD,KACE-1-0-G,ssp370,r1i1p1f1,day,hursmax,d03,s3://cadcat/loca2/ucsd/kace-1-0-g/ssp370/r1i1p1f1/day/hursmax/d03/,check_dataset,crs.spatial_ref.missing,ERROR,30,LOCA2 stores should carry a spatial_ref coordinate holding the WGS84 definition.,spatial_ref,,zarr,zarr,4.408
LOCA2,UCSD,KACE-1-0-G,ssp370,r1i1p1f1,day,hursmax,d03,s3://cadcat/loca2/ucsd/kace-1-0-g/ssp370/r1i1p1f1/day/hursmax/d03/,check_dataset,attr.global.recommended.missing,INFO,10,Missing 1 of 6 recommended global attributes; datasets are supposed to be self-describing.,"comment, history, institution, references, source, title",comment,zarr,zarr,4.408
LOCA2,UCSD,KACE-1-0-G,ssp370,r1i1p1f1,day,hursmax,d03,s3://cadcat/loca2/ucsd/kace-1-0-g/ssp370/r1i1p1f1/day/hursmax/d03/,check_dataset,attr.global.empty,WARN,20,1 global attribute(s) are present but empty. A reader cannot tell an empty value from an unanswered question.,omit the attribute or give it a value,experiment,zarr,zarr,4.408
LOCA2,UCSD,KACE-1-0-G,ssp370,r1i1p1f1,day,hursmax,d03,s3://cadcat/loca2/ucsd/kace-1-0-g/ssp370/r1i1p1f1/day/hursmax/d03/,check_dataset,time.calendar,INFO,10,Calendar reported as 'proleptic_gregorian'.,,proleptic_gregorian,zarr,zarr,4.408
LOCA2,UCSD,KACE-1-0-G,ssp370,r1i1p1f1,day,hursmax,d03,s3://cadcat/loca2/ucsd/kace-1-0-g/ssp370/r1i1p1f1/day/hursmax/d03/,check_dataset,time.bounds.match,OK,0,Axis 2015-01-01..2100-12-31 matches the convention.,,,zarr,zarr,4.408
LOCA2,UCSD,KACE-1-0-G,ssp370,r1i1p1f1,day,hursmax,d03,s3://cadcat/loca2/ucsd/kace-1-0-g/ssp370/r1i1p1f1/day/hursmax/d03/,check_dataset,time.extent.match,OK,0,Time axis 2015-2100 matches the documented extent.,,,zarr,zarr,4.408
LOCA2,UCSD,KACE-1-0-G,ssp370,r1i1p1f1,day,hursmax,d03,s3://cadcat/loca2/ucsd/kace-1-0-g/ssp370/r1i1p1f1/day/hursmax/d03/,check_dataset,time.frequency.match,OK,0,Median step 24.00 h is consistent with 'day'.,,,zarr,zarr,4.408
LOCA2,UCSD,EC-Earth3,ssp585,r3i1p1f1,day,hursmax,d03,s3://cadcat/loca2/ucsd/ec-earth3/ssp585/r3i1p1f1/day/hursmax/d03/,check_dataset,store.consolidated,OK,0,Consolidated metadata (.zmetadata) present.,,,zarr,zarr,3.844
LOCA2,UCSD,EC-Earth3,ssp585,r3i1p1f1,day,hursmax,d03,s3://cadcat/loca2/ucsd/ec-earth3/ssp585/r3i1p1f1/day/hursmax/d03/,check_dataset,store.array.shape,INFO,10,"hursmax: shape (31411, 495, 559), chunks (1952, 123, 139), dtype <f4.",,"shape=(31411, 495, 559) chunks=(1952, 123, 139) dtype=<f4",zarr,zarr,3.844
LOCA2,UCSD,EC-Earth3,ssp585,r3i1p1f1,day,hursmax,d03,s3://cadcat/loca2/ucsd/ec-earth3/ssp585/r3i1p1f1/day/hursmax/d03/,check_dataset,var.present,OK,0,Variable 'hursmax' present as named in the catalog.,,,zarr,zarr,3.844
LOCA2,UCSD,EC-Earth3,ssp585,r3i1p1f1,day,hursmax,d03,s3://cadcat/loca2/ucsd/ec-earth3/ssp585/r3i1p1f1/day/hursmax/d03/,check_dataset,attr.var.long_name.missing,ERROR,30,Required variable attribute 'long_name' is missing or empty. The metadata standard sets units + long_name as the minimum.,long_name,,zarr,zarr,3.844
LOCA2,UCSD,EC-Earth3,ssp585,r3i1p1f1,day,hursmax,d03,s3://cadcat/loca2/ucsd/ec-earth3/ssp585/r3i1p1f1/day/hursmax/d03/,check_dataset,attr.var.standard_name.missing,INFO,10,CF-recommended attribute 'standard_name' is absent.,standard_name,,zarr,zarr,3.844
LOCA2,UCSD,EC-Earth3,ssp585,r3i1p1f1,day,hursmax,d03,s3://cadcat/loca2/ucsd/ec-earth3/ssp585/r3i1p1f1/day/hursmax/d03/,check_dataset,attr.var.cell_methods.missing,INFO,10,CF-recommended attribute 'cell_methods' is absent.,cell_methods,,zarr,zarr,3.844
LOCA2,UCSD,EC-Earth3,ssp585,r3i1p1f1,day,hursmax,d03,s3://cadcat/loca2/ucsd/ec-earth3/ssp585/r3i1p1f1/day/hursmax/d03/,check_dataset,units.match,OK,0,units 'percent' match the reference table.,,,zarr,zarr,3.844
LOCA2,UCSD,EC-Earth3,ssp585,r3i1p1f1,day,hursmax,d03,s3://cadcat/loca2/ucsd/ec-earth3/ssp585/r3i1p1f1/day/hursmax/d03/,check_dataset,grid.convention,INFO,10,"Store is on a geographic grid (['lat', 'lon', 'time']).",,geographic,zarr,zarr,3.844
LOCA2,UCSD,EC-Earth3,ssp585,r3i1p1f1,day,hursmax,d03,s3://cadcat/loca2/ucsd/ec-earth3/ssp585/r3i1p1f1/day/hursmax/d03/,check_dataset,crs.spatial_ref.missing,ERROR,30,LOCA2 stores should carry a spatial_ref coordinate holding the WGS84 definition.,spatial_ref,,zarr,zarr,3.844
LOCA2,UCSD,EC-Earth3,ssp585,r3i1p1f1,day,hursmax,d03,s3://cadcat/loca2/ucsd/ec-earth3/ssp585/r3i1p1f1/day/hursmax/d03/,check_dataset,attr.global.recommended.missing,INFO,10,Missing 2 of 6 recommended global attributes; datasets are supposed to be self-describing.,"comment, history, institution, references, source, title","comment, references",zarr,zarr,3.844
LOCA2,UCSD,EC-Earth3,ssp585,r3i1p1f1,day,hursmax,d03,s3://cadcat/loca2/ucsd/ec-earth3/ssp585/r3i1p1f1/day/hursmax/d03/,check_dataset,attr.global.empty,WARN,20,1 global attribute(s) are present but empty. A reader cannot tell an empty value from an unanswered question.,omit the attribute or give it a value,experiment,zarr,zarr,3.844
LOCA2,UCSD,EC-Earth3,ssp585,r3i1p1f1,day,hursmax,d03,s3://cadcat/loca2/ucsd/ec-earth3/ssp585/r3i1p1f1/day/hursmax/d03/,check_dataset,time.calendar,INFO,10,Calendar reported as 'proleptic_gregorian'.,,proleptic_gregorian,zarr,zarr,3.844
LOCA2,UCSD,EC-Earth3,ssp585,r3i1p1f1,day,hursmax,d03,s3://cadcat/loca2/ucsd/ec-earth3/ssp585/r3i1p1f1/day/hursmax/d03/,check_dataset,time.bounds.match,OK,0,Axis 2015-01-01..2100-12-31 matches the convention.,,,zarr,zarr,3.844
LOCA2,UCSD,EC-Earth3,ssp585,r3i1p1f1,day,hursmax,d03,s3://cadcat/loca2/ucsd/ec-earth3/ssp585/r3i1p1f1/day/hursmax/d03/,check_dataset,time.extent.match,OK,0,Time axis 2015-2100 matches the documented extent.,,,zarr,zarr,3.844
LOCA2,UCSD,EC-Earth3,ssp585,r3i1p1f1,day,hursmax,d03,s3://cadcat/loca2/ucsd/ec-earth3/ssp585/r3i1p1f1/day/hursmax/d03/,check_dataset,time.frequency.match,OK,0,Median step 24.00 h is consistent with 'day'.,,,zarr,zarr,3.844
LOCA2,UCSD,HadGEM3-GC31-LL,historical,r2i1p1f3,day,hursmin,d03,s3://cadcat/loca2/ucsd/hadgem3-gc31-ll/historical/r2i1p1f3/day/hursmin/d03/,check_dataset,store.consolidated,OK,0,Consolidated metadata (.zmetadata) present.,,,zarr,zarr,5.246
LOCA2,UCSD,HadGEM3-GC31-LL,historical,r2i1p1f3,day,hursmin,d03,s3://cadcat/loca2/ucsd/hadgem3-gc31-ll/historical/r2i1p1f3/day/hursmin/d03/,check_dataset,store.array.shape,INFO,10,"hursmin: shape (23741, 495, 559), chunks (1697, 132, 149), dtype <f4.",,"shape=(23741, 495, 559) chunks=(1697, 132, 149) dtype=<f4",zarr,zarr,5.246
LOCA2,UCSD,HadGEM3-GC31-LL,historical,r2i1p1f3,day,hursmin,d03,s3://cadcat/loca2/ucsd/hadgem3-gc31-ll/historical/r2i1p1f3/day/hursmin/d03/,check_dataset,var.present,OK,0,Variable 'hursmin' present as named in the catalog.,,,zarr,zarr,5.246
LOCA2,UCSD,HadGEM3-GC31-LL,historical,r2i1p1f3,day,hursmin,d03,s3://cadcat/loca2/ucsd/hadgem3-gc31-ll/historical/r2i1p1f3/day/hursmin/d03/,check_dataset,attr.var.long_name.missing,ERROR,30,Required variable attribute 'long_name' is missing or empty. The metadata standard sets units + long_name as the minimum.,long_name,,zarr,zarr,5.246
LOCA2,UCSD,HadGEM3-GC31-LL,historical,r2i1p1f3,day,hursmin,d03,s3://cadcat/loca2/ucsd/hadgem3-gc31-ll/historical/r2i1p1f3/day/hursmin/d03/,check_dataset,attr.var.standard_name.missing,INFO,10,CF-recommended attribute 'standard_name' is absent.,standard_name,,zarr,zarr,5.246
LOCA2,UCSD,HadGEM3-GC31-LL,historical,r2i1p1f3,day,hursmin,d03,s3://cadcat/loca2/ucsd/hadgem3-gc31-ll/historical/r2i1p1f3/day/hursmin/d03/,check_dataset,attr.var.cell_methods.missing,INFO,10,CF-recommended attribute 'cell_methods' is absent.,cell_methods,,zarr,zarr,5.246
LOCA2,UCSD,HadGEM3-GC31-LL,historical,r2i1p1f3,day,hursmin,d03,s3://cadcat/loca2/ucsd/hadgem3-gc31-ll/historical/r2i1p1f3/day/hursmin/d03/,check_dataset,units.match,OK,0,units 'percent' match the reference table.,,,zarr,zarr,5.246
LOCA2,UCSD,HadGEM3-GC31-LL,historical,r2i1p1f3,day,hursmin,d03,s3://cadcat/loca2/ucsd/hadgem3-gc31-ll/historical/r2i1p1f3/day/hursmin/d03/,check_dataset,grid.convention,INFO,10,"Store is on a geographic grid (['lat', 'lon', 'time']).",,geographic,zarr,zarr,5.246
LOCA2,UCSD,HadGEM3-GC31-LL,historical,r2i1p1f3,day,hursmin,d03,s3://cadcat/loca2/ucsd/hadgem3-gc31-ll/historical/r2i1p1f3/day/hursmin/d03/,check_dataset,crs.spatial_ref.missing,ERROR,30,LOCA2 stores should carry a spatial_ref coordinate holding the WGS84 definition.,spatial_ref,,zarr,zarr,5.246
LOCA2,UCSD,HadGEM3-GC31-LL,historical,r2i1p1f3,day,hursmin,d03,s3://cadcat/loca2/ucsd/hadgem3-gc31-ll/historical/r2i1p1f3/day/hursmin/d03/,check_dataset,attr.global.recommended.missing,INFO,10,Missing 2 of 6 recommended global attributes; datasets are supposed to be self-describing.,"comment, history, institution, references, source, title","comment, references",zarr,zarr,5.246
LOCA2,UCSD,HadGEM3-GC31-LL,historical,r2i1p1f3,day,hursmin,d03,s3://cadcat/loca2/ucsd/hadgem3-gc31-ll/historical/r2i1p1f3/day/hursmin/d03/,check_dataset,time.calendar,INFO,10,Calendar reported as 'proleptic_gregorian'.,,proleptic_gregorian,zarr,zarr,5.246
LOCA2,UCSD,HadGEM3-GC31-LL,historical,r2i1p1f3,day,hursmin,d03,s3://cadcat/loca2/ucsd/hadgem3-gc31-ll/historical/r2i1p1f3/day/hursmin/d03/,check_dataset,time.bounds.match,OK,0,Axis 1950-01-01..2014-12-31 matches the convention.,,,zarr,zarr,5.246
LOCA2,UCSD,HadGEM3-GC31-LL,historical,r2i1p1f3,day,hursmin,d03,s3://cadcat/loca2/ucsd/hadgem3-gc31-ll/historical/r2i1p1f3/day/hursmin/d03/,check_dataset,time.extent.match,OK,0,Time axis 1950-2014 matches the documented extent.,,,zarr,zarr,5.246
LOCA2,UCSD,HadGEM3-GC31-LL,historical,r2i1p1f3,day,hursmin,d03,s3://cadcat/loca2/ucsd/hadgem3-gc31-ll/historical/r2i1p1f3/day/hursmin/d03/,check_dataset,time.frequency.match,OK,0,Median step 24.00 h is consistent with 'day'.,,,zarr,zarr,5.246
LOCA2,UCSD,EC-Earth3,ssp245,r2i1p1f1,day,hursmin,d03,s3://cadcat/loca2/ucsd/ec-earth3/ssp245/r2i1p1f1/day/hursmin/d03/,check_dataset,store.consolidated,OK,0,Consolidated metadata (.zmetadata) present.,,,zarr,zarr,3.821
LOCA2,UCSD,EC-Earth3,ssp245,r2i1p1f1,day,hursmin,d03,s3://cadcat/loca2/ucsd/ec-earth3/ssp245/r2i1p1f1/day/hursmin/d03/,check_dataset,store.array.shape,INFO,10,"hursmin: shape (31411, 495, 559), chunks (1952, 123, 139), dtype <f4.",,"shape=(31411, 495, 559) chunks=(1952, 123, 139) dtype=<f4",zarr,zarr,3.821
LOCA2,UCSD,EC-Earth3,ssp245,r2i1p1f1,day,hursmin,d03,s3://cadcat/loca2/ucsd/ec-earth3/ssp245/r2i1p1f1/day/hursmin/d03/,check_dataset,var.present,OK,0,Variable 'hursmin' present as named in the catalog.,,,zarr,zarr,3.821
LOCA2,UCSD,EC-Earth3,ssp245,r2i1p1f1,day,hursmin,d03,s3://cadcat/loca2/ucsd/ec-earth3/ssp245/r2i1p1f1/day/hursmin/d03/,check_dataset,attr.var.long_name.missing,ERROR,30,Required variable attribute 'long_name' is missing or empty. The metadata standard sets units + long_name as the minimum.,long_name,,zarr,zarr,3.821
LOCA2,UCSD,EC-Earth3,ssp245,r2i1p1f1,day,hursmin,d03,s3://cadcat/loca2/ucsd/ec-earth3/ssp245/r2i1p1f1/day/hursmin/d03/,check_dataset,attr.var.standard_name.missing,INFO,10,CF-recommended attribute 'standard_name' is absent.,standard_name,,zarr,zarr,3.821
LOCA2,UCSD,EC-Earth3,ssp245,r2i1p1f1,day,hursmin,d03,s3://cadcat/loca2/ucsd/ec-earth3/ssp245/r2i1p1f1/day/hursmin/d03/,check_dataset,attr.var.cell_methods.missing,INFO,10,CF-recommended attribute 'cell_methods' is absent.,cell_methods,,zarr,zarr,3.821
LOCA2,UCSD,EC-Earth3,ssp245,r2i1p1f1,day,hursmin,d03,s3://cadcat/loca2/ucsd/ec-earth3/ssp245/r2i1p1f1/day/hursmin/d03/,check_dataset,units.match,OK,0,units 'percent' match the reference table.,,,zarr,zarr,3.821
LOCA2,UCSD,EC-Earth3,ssp245,r2i1p1f1,day,hursmin,d03,s3://cadcat/loca2/ucsd/ec-earth3/ssp245/r2i1p1f1/day/hursmin/d03/,check_dataset,grid.convention,INFO,10,"Store is on a geographic grid (['lat', 'lon', 'time']).",,geographic,zarr,zarr,3.821
LOCA2,UCSD,EC-Earth3,ssp245,r2i1p1f1,day,hursmin,d03,s3://cadcat/loca2/ucsd/ec-earth3/ssp245/r2i1p1f1/day/hursmin/d03/,check_dataset,crs.spatial_ref.missing,ERROR,30,LOCA2 stores should carry a spatial_ref coordinate holding the WGS84 definition.,spatial_ref,,zarr,zarr,3.821
LOCA2,UCSD,EC-Earth3,ssp245,r2i1p1f1,day,hursmin,d03,s3://cadcat/loca2/ucsd/ec-earth3/ssp245/r2i1p1f1/day/hursmin/d03/,check_dataset,attr.global.recommended.missing,INFO,10,Missing 2 of 6 recommended global attributes; datasets are supposed to be self-describing.,"comment, history, institution, references, source, title","comment, references",zarr,zarr,3.821
LOCA2,UCSD,EC-Earth3,ssp245,r2i1p1f1,day,hursmin,d03,s3://cadcat/loca2/ucsd/ec-earth3/ssp245/r2i1p1f1/day/hursmin/d03/,check_dataset,time.calendar,INFO,10,Calendar reported as 'proleptic_gregorian'.,,proleptic_gregorian,zarr,zarr,3.821
LOCA2,UCSD,EC-Earth3,ssp245,r2i1p1f1,day,hursmin,d03,s3://cadcat/loca2/ucsd/ec-earth3/ssp245/r2i1p1f1/day/hursmin/d03/,check_dataset,time.bounds.match,OK,0,Axis 2015-01-01..2100-12-31 matches the convention.,,,zarr,zarr,3.821
LOCA2,UCSD,EC-Earth3,ssp245,r2i1p1f1,day,hursmin,d03,s3://cadcat/loca2/ucsd/ec-earth3/ssp245/r2i1p1f1/day/hursmin/d03/,check_dataset,time.extent.match,OK,0,Time axis 2015-2100 matches the documented extent.,,,zarr,zarr,3.821
LOCA2,UCSD,EC-Earth3,ssp245,r2i1p1f1,day,hursmin,d03,s3://cadcat/loca2/ucsd/ec-earth3/ssp245/r2i1p1f1/day/hursmin/d03/,check_dataset,time.frequency.match,OK,0,Median step 24.00 h is consistent with 'day'.,,,zarr,zarr,3.821
LOCA2,UCSD,KACE-1-0-G,ssp370,r1i1p1f1,day,hursmin,d03,s3://cadcat/loca2/ucsd/kace-1-0-g/ssp370/r1i1p1f1/day/hursmin/d03/,check_dataset,store.consolidated,OK,0,Consolidated metadata (.zmetadata) present.,,,zarr,zarr,4.156
LOCA2,UCSD,KACE-1-0-G,ssp370,r1i1p1f1,day,hursmin,d03,s3://cadcat/loca2/ucsd/kace-1-0-g/ssp370/r1i1p1f1/day/hursmin/d03/,check_dataset,store.array.shape,INFO,10,"hursmin: shape (31411, 495, 559), chunks (1952, 123, 139), dtype <f4.",,"shape=(31411, 495, 559) chunks=(1952, 123, 139) dtype=<f4",zarr,zarr,4.156
LOCA2,UCSD,KACE-1-0-G,ssp370,r1i1p1f1,day,hursmin,d03,s3://cadcat/loca2/ucsd/kace-1-0-g/ssp370/r1i1p1f1/day/hursmin/d03/,check_dataset,var.present,OK,0,Variable 'hursmin' present as named in the catalog.,,,zarr,zarr,4.156
LOCA2,UCSD,KACE-1-0-G,ssp370,r1i1p1f1,day,hursmin,d03,s3://cadcat/loca2/ucsd/kace-1-0-g/ssp370/r1i1p1f1/day/hursmin/d03/,check_dataset,attr.var.long_name.missing,ERROR,30,Required variable attribute 'long_name' is missing or empty. The metadata standard sets units + long_name as the minimum.,long_name,,zarr,zarr,4.156
LOCA2,UCSD,KACE-1-0-G,ssp370,r1i1p1f1,day,hursmin,d03,s3://cadcat/loca2/ucsd/kace-1-0-g/ssp370/r1i1p1f1/day/hursmin/d03/,check_dataset,attr.var.standard_name.missing,INFO,10,CF-recommended attribute 'standard_name' is absent.,standard_name,,zarr,zarr,4.156
LOCA2,UCSD,KACE-1-0-G,ssp370,r1i1p1f1,day,hursmin,d03,s3://cadcat/loca2/ucsd/kace-1-0-g/ssp370/r1i1p1f1/day/hursmin/d03/,check_dataset,attr.var.cell_methods.missing,INFO,10,CF-recommended attribute 'cell_methods' is absent.,cell_methods,,zarr,zarr,4.156
LOCA2,UCSD,KACE-1-0-G,ssp370,r1i1p1f1,day,hursmin,d03,s3://cadcat/loca2/ucsd/kace-1-0-g/ssp370/r1i1p1f1/day/hursmin/d03/,check_dataset,units.match,OK,0,units 'percent' match the reference table.,,,zarr,zarr,4.156
LOCA2,UCSD,KACE-1-0-G,ssp370,r1i1p1f1,day,hursmin,d03,s3://cadcat/loca2/ucsd/kace-1-0-g/ssp370/r1i1p1f1/day/hursmin/d03/,check_dataset,grid.convention,INFO,10,"Store is on a geographic grid (['lat', 'lon', 'time']).",,geographic,zarr,zarr,4.156
LOCA2,UCSD,KACE-1-0-G,ssp370,r1i1p1f1,day,hursmin,d03,s3://cadcat/loca2/ucsd/kace-1-0-g/ssp370/r1i1p1f1/day/hursmin/d03/,check_dataset,crs.spatial_ref.missing,ERROR,30,LOCA2 stores should carry a spatial_ref coordinate holding the WGS84 definition.,spatial_ref,,zarr,zarr,4.156
LOCA2,UCSD,KACE-1-0-G,ssp370,r1i1p1f1,day,hursmin,d03,s3://cadcat/loca2/ucsd/kace-1-0-g/ssp370/r1i1p1f1/day/hursmin/d03/,check_dataset,attr.global.recommended.missing,INFO,10,Missing 1 of 6 recommended global attributes; datasets are supposed to be self-describing.,"comment, history, institution, references, source, title",comment,zarr,zarr,4.156
LOCA2,UCSD,KACE-1-0-G,ssp370,r1i1p1f1,day,hursmin,d03,s3://cadcat/loca2/ucsd/kace-1-0-g/ssp370/r1i1p1f1/day/hursmin/d03/,check_dataset,time.calendar,INFO,10,Calendar reported as 'proleptic_gregorian'.,,proleptic_gregorian,zarr,zarr,4.156
LOCA2,UCSD,KACE-1-0-G,ssp370,r1i1p1f1,day,hursmin,d03,s3://cadcat/loca2/ucsd/kace-1-0-g/ssp370/r1i1p1f1/day/hursmin/d03/,check_dataset,time.bounds.match,OK,0,Axis 2015-01-01..2100-12-31 matches the convention.,,,zarr,zarr,4.156
LOCA2,UCSD,KACE-1-0-G,ssp370,r1i1p1f1,day,hursmin,d03,s3://cadcat/loca2/ucsd/kace-1-0-g/ssp370/r1i1p1f1/day/hursmin/d03/,check_dataset,time.extent.match,OK,0,Time axis 2015-2100 matches the documented extent.,,,zarr,zarr,4.156
LOCA2,UCSD,KACE-1-0-G,ssp370,r1i1p1f1,day,hursmin,d03,s3://cadcat/loca2/ucsd/kace-1-0-g/ssp370/r1i1p1f1/day/hursmin/d03/,check_dataset,time.frequency.match,OK,0,Median step 24.00 h is consistent with 'day'.,,,zarr,zarr,4.156
LOCA2,UCSD,EC-Earth3,ssp585,r3i1p1f1,day,hursmin,d03,s3://cadcat/loca2/ucsd/ec-earth3/ssp585/r3i1p1f1/day/hursmin/d03/,check_dataset,store.consolidated,OK,0,Consolidated metadata (.zmetadata) present.,,,zarr,zarr,5.33
LOCA2,UCSD,EC-Earth3,ssp585,r3i1p1f1,day,hursmin,d03,s3://cadcat/loca2/ucsd/ec-earth3/ssp585/r3i1p1f1/day/hursmin/d03/,check_dataset,store.array.shape,INFO,10,"hursmin: shape (31411, 495, 559), chunks (1952, 123, 139), dtype <f4.",,"shape=(31411, 495, 559) chunks=(1952, 123, 139) dtype=<f4",zarr,zarr,5.33
LOCA2,UCSD,EC-Earth3,ssp585,r3i1p1f1,day,hursmin,d03,s3://cadcat/loca2/ucsd/ec-earth3/ssp585/r3i1p1f1/day/hursmin/d03/,check_dataset,var.present,OK,0,Variable 'hursmin' present as named in the catalog.,,,zarr,zarr,5.33
LOCA2,UCSD,EC-Earth3,ssp585,r3i1p1f1,day,hursmin,d03,s3://cadcat/loca2/ucsd/ec-earth3/ssp585/r3i1p1f1/day/hursmin/d03/,check_dataset,attr.var.long_name.missing,ERROR,30,Required variable attribute 'long_name' is missing or empty. The metadata standard sets units + long_name as the minimum.,long_name,,zarr,zarr,5.33
LOCA2,UCSD,EC-Earth3,ssp585,r3i1p1f1,day,hursmin,d03,s3://cadcat/loca2/ucsd/ec-earth3/ssp585/r3i1p1f1/day/hursmin/d03/,check_dataset,attr.var.standard_name.missing,INFO,10,CF-recommended attribute 'standard_name' is absent.,standard_name,,zarr,zarr,5.33
LOCA2,UCSD,EC-Earth3,ssp585,r3i1p1f1,day,hursmin,d03,s3://cadcat/loca2/ucsd/ec-earth3/ssp585/r3i1p1f1/day/hursmin/d03/,check_dataset,attr.var.cell_methods.missing,INFO,10,CF-recommended attribute 'cell_methods' is absent.,cell_methods,,zarr,zarr,5.33
LOCA2,UCSD,EC-Earth3,ssp585,r3i1p1f1,day,hursmin,d03,s3://cadcat/loca2/ucsd/ec-earth3/ssp585/r3i1p1f1/day/hursmin/d03/,check_dataset,units.match,OK,0,units 'percent' match the reference table.,,,zarr,zarr,5.33
LOCA2,UCSD,EC-Earth3,ssp585,r3i1p1f1,day,hursmin,d03,s3://cadcat/loca2/ucsd/ec-earth3/ssp585/r3i1p1f1/day/hursmin/d03/,check_dataset,grid.convention,INFO,10,"Store is on a geographic grid (['lat', 'lon', 'time']).",,geographic,zarr,zarr,5.33
LOCA2,UCSD,EC-Earth3,ssp585,r3i1p1f1,day,hursmin,d03,s3://cadcat/loca2/ucsd/ec-earth3/ssp585/r3i1p1f1/day/hursmin/d03/,check_dataset,crs.spatial_ref.missing,ERROR,30,LOCA2 stores should carry a spatial_ref coordinate holding the WGS84 definition.,spatial_ref,,zarr,zarr,5.33
LOCA2,UCSD,EC-Earth3,ssp585,r3i1p1f1,day,hursmin,d03,s3://cadcat/loca2/ucsd/ec-earth3/ssp585/r3i1p1f1/day/hursmin/d03/,check_dataset,attr.global.recommended.missing,INFO,10,Missing 2 of 6 recommended global attributes; datasets are supposed to be self-describing.,"comment, history, institution, references, source, title","comment, references",zarr,zarr,5.33
LOCA2,UCSD,EC-Earth3,ssp585,r3i1p1f1,day,hursmin,d03,s3://cadcat/loca2/ucsd/ec-earth3/ssp585/r3i1p1f1/day/hursmin/d03/,check_dataset,time.calendar,INFO,10,Calendar reported as 'proleptic_gregorian'.,,proleptic_gregorian,zarr,zarr,5.33
LOCA2,UCSD,EC-Earth3,ssp585,r3i1p1f1,day,hursmin,d03,s3://cadcat/loca2/ucsd/ec-earth3/ssp585/r3i1p1f1/day/hursmin/d03/,check_dataset,time.bounds.match,OK,0,Axis 2015-01-01..2100-12-31 matches the convention.,,,zarr,zarr,5.33
LOCA2,UCSD,EC-Earth3,ssp585,r3i1p1f1,day,hursmin,d03,s3://cadcat/loca2/ucsd/ec-earth3/ssp585/r3i1p1f1/day/hursmin/d03/,check_dataset,time.extent.match,OK,0,Time axis 2015-2100 matches the documented extent.,,,zarr,zarr,5.33
LOCA2,UCSD,EC-Earth3,ssp585,r3i1p1f1,day,hursmin,d03,s3://cadcat/loca2/ucsd/ec-earth3/ssp585/r3i1p1f1/day/hursmin/d03/,check_dataset,time.frequency.match,OK,0,Median step 24.00 h is consistent with 'day'.,,,zarr,zarr,5.33
LOCA2,UCSD,INM-CM5-0,historical,r2i1p1f1,day,huss,d03,s3://cadcat/loca2/ucsd/inm-cm5-0/historical/r2i1p1f1/day/huss/d03/,check_dataset,store.consolidated,OK,0,Consolidated metadata (.zmetadata) present.,,,zarr,zarr,3.858
LOCA2,UCSD,INM-CM5-0,historical,r2i1p1f1,day,huss,d03,s3://cadcat/loca2/ucsd/inm-cm5-0/historical/r2i1p1f1/day/huss/d03/,check_dataset,store.array.shape,INFO,10,"huss: shape (23741, 495, 559), chunks (1697, 132, 149), dtype <f4.",,"shape=(23741, 495, 559) chunks=(1697, 132, 149) dtype=<f4",zarr,zarr,3.858
LOCA2,UCSD,INM-CM5-0,historical,r2i1p1f1,day,huss,d03,s3://cadcat/loca2/ucsd/inm-cm5-0/historical/r2i1p1f1/day/huss/d03/,check_dataset,var.present,OK,0,Variable 'huss' present as named in the catalog.,,,zarr,zarr,3.858
LOCA2,UCSD,INM-CM5-0,historical,r2i1p1f1,day,huss,d03,s3://cadcat/loca2/ucsd/inm-cm5-0/historical/r2i1p1f1/day/huss/d03/,check_dataset,attr.var.standard_name.missing,INFO,10,CF-recommended attribute 'standard_name' is absent.,standard_name,,zarr,zarr,3.858
LOCA2,UCSD,INM-CM5-0,historical,r2i1p1f1,day,huss,d03,s3://cadcat/loca2/ucsd/inm-cm5-0/historical/r2i1p1f1/day/huss/d03/,check_dataset,attr.var.cell_methods.missing,INFO,10,CF-recommended attribute 'cell_methods' is absent.,cell_methods,,zarr,zarr,3.858
LOCA2,UCSD,INM-CM5-0,historical,r2i1p1f1,day,huss,d03,s3://cadcat/loca2/ucsd/inm-cm5-0/historical/r2i1p1f1/day/huss/d03/,check_dataset,units.match,OK,0,units '1' match the reference table.,,,zarr,zarr,3.858
LOCA2,UCSD,INM-CM5-0,historical,r2i1p1f1,day,huss,d03,s3://cadcat/loca2/ucsd/inm-cm5-0/historical/r2i1p1f1/day/huss/d03/,check_dataset,long_name.differs,INFO,10,long_name differs from the reference table display name.,Specific humidity at 2m,huss,zarr,zarr,3.858
LOCA2,UCSD,INM-CM5-0,historical,r2i1p1f1,day,huss,d03,s3://cadcat/loca2/ucsd/inm-cm5-0/historical/r2i1p1f1/day/huss/d03/,check_dataset,grid.convention,INFO,10,"Store is on a geographic grid (['lat', 'lon', 'time']).",,geographic,zarr,zarr,3.858
LOCA2,UCSD,INM-CM5-0,historical,r2i1p1f1,day,huss,d03,s3://cadcat/loca2/ucsd/inm-cm5-0/historical/r2i1p1f1/day/huss/d03/,check_dataset,crs.spatial_ref.missing,ERROR,30,LOCA2 stores should carry a spatial_ref coordinate holding the WGS84 definition.,spatial_ref,,zarr,zarr,3.858
LOCA2,UCSD,INM-CM5-0,historical,r2i1p1f1,day,huss,d03,s3://cadcat/loca2/ucsd/inm-cm5-0/historical/r2i1p1f1/day/huss/d03/,check_dataset,attr.global.recommended.missing,INFO,10,Missing 1 of 6 recommended global attributes; datasets are supposed to be self-describing.,"comment, history, institution, references, source, title",comment,zarr,zarr,3.858
LOCA2,UCSD,INM-CM5-0,historical,r2i1p1f1,day,huss,d03,s3://cadcat/loca2/ucsd/inm-cm5-0/historical/r2i1p1f1/day/huss/d03/,check_dataset,attr.global.empty,WARN,20,1 global attribute(s) are present but empty. A reader cannot tell an empty value from an unanswered question.,omit the attribute or give it a value,experiment,zarr,zarr,3.858
LOCA2,UCSD,INM-CM5-0,historical,r2i1p1f1,day,huss,d03,s3://cadcat/loca2/ucsd/inm-cm5-0/historical/r2i1p1f1/day/huss/d03/,check_dataset,time.calendar,INFO,10,Calendar reported as 'proleptic_gregorian'.,,proleptic_gregorian,zarr,zarr,3.858
LOCA2,UCSD,INM-CM5-0,historical,r2i1p1f1,day,huss,d03,s3://cadcat/loca2/ucsd/inm-cm5-0/historical/r2i1p1f1/day/huss/d03/,check_dataset,time.bounds.match,OK,0,Axis 1950-01-01..2014-12-31 matches the convention.,,,zarr,zarr,3.858
LOCA2,UCSD,INM-CM5-0,historical,r2i1p1f1,day,huss,d03,s3://cadcat/loca2/ucsd/inm-cm5-0/historical/r2i1p1f1/day/huss/d03/,check_dataset,time.extent.match,OK,0,Time axis 1950-2014 matches the documented extent.,,,zarr,zarr,3.858
LOCA2,UCSD,INM-CM5-0,historical,r2i1p1f1,day,huss,d03,s3://cadcat/loca2/ucsd/inm-cm5-0/historical/r2i1p1f1/day/huss/d03/,check_dataset,time.frequency.match,OK,0,Median step 24.00 h is consistent with 'day'.,,,zarr,zarr,3.858
LOCA2,UCSD,EC-Earth3-Veg,ssp245,r5i1p1f1,day,huss,d03,s3://cadcat/loca2/ucsd/ec-earth3-veg/ssp245/r5i1p1f1/day/huss/d03/,check_dataset,store.consolidated,OK,0,Consolidated metadata (.zmetadata) present.,,,zarr,zarr,5.002
LOCA2,UCSD,EC-Earth3-Veg,ssp245,r5i1p1f1,day,huss,d03,s3://cadcat/loca2/ucsd/ec-earth3-veg/ssp245/r5i1p1f1/day/huss/d03/,check_dataset,store.array.shape,INFO,10,"huss: shape (31411, 495, 559), chunks (1952, 123, 139), dtype <f4.",,"shape=(31411, 495, 559) chunks=(1952, 123, 139) dtype=<f4",zarr,zarr,5.002
LOCA2,UCSD,EC-Earth3-Veg,ssp245,r5i1p1f1,day,huss,d03,s3://cadcat/loca2/ucsd/ec-earth3-veg/ssp245/r5i1p1f1/day/huss/d03/,check_dataset,var.present,OK,0,Variable 'huss' present as named in the catalog.,,,zarr,zarr,5.002
LOCA2,UCSD,EC-Earth3-Veg,ssp245,r5i1p1f1,day,huss,d03,s3://cadcat/loca2/ucsd/ec-earth3-veg/ssp245/r5i1p1f1/day/huss/d03/,check_dataset,attr.var.standard_name.missing,INFO,10,CF-recommended attribute 'standard_name' is absent.,standard_name,,zarr,zarr,5.002
LOCA2,UCSD,EC-Earth3-Veg,ssp245,r5i1p1f1,day,huss,d03,s3://cadcat/loca2/ucsd/ec-earth3-veg/ssp245/r5i1p1f1/day/huss/d03/,check_dataset,attr.var.cell_methods.missing,INFO,10,CF-recommended attribute 'cell_methods' is absent.,cell_methods,,zarr,zarr,5.002
LOCA2,UCSD,EC-Earth3-Veg,ssp245,r5i1p1f1,day,huss,d03,s3://cadcat/loca2/ucsd/ec-earth3-veg/ssp245/r5i1p1f1/day/huss/d03/,check_dataset,units.match,OK,0,units '1' match the reference table.,,,zarr,zarr,5.002
LOCA2,UCSD,EC-Earth3-Veg,ssp245,r5i1p1f1,day,huss,d03,s3://cadcat/loca2/ucsd/ec-earth3-veg/ssp245/r5i1p1f1/day/huss/d03/,check_dataset,long_name.differs,INFO,10,long_name differs from the reference table display name.,Specific humidity at 2m,huss,zarr,zarr,5.002
LOCA2,UCSD,EC-Earth3-Veg,ssp245,r5i1p1f1,day,huss,d03,s3://cadcat/loca2/ucsd/ec-earth3-veg/ssp245/r5i1p1f1/day/huss/d03/,check_dataset,grid.convention,INFO,10,"Store is on a geographic grid (['lat', 'lon', 'time']).",,geographic,zarr,zarr,5.002
LOCA2,UCSD,EC-Earth3-Veg,ssp245,r5i1p1f1,day,huss,d03,s3://cadcat/loca2/ucsd/ec-earth3-veg/ssp245/r5i1p1f1/day/huss/d03/,check_dataset,crs.spatial_ref.missing,ERROR,30,LOCA2 stores should carry a spatial_ref coordinate holding the WGS84 definition.,spatial_ref,,zarr,zarr,5.002
LOCA2,UCSD,EC-Earth3-Veg,ssp245,r5i1p1f1,day,huss,d03,s3://cadcat/loca2/ucsd/ec-earth3-veg/ssp245/r5i1p1f1/day/huss/d03/,check_dataset,attr.global.recommended.missing,INFO,10,Missing 2 of 6 recommended global attributes; datasets are supposed to be self-describing.,"comment, history, institution, references, source, title","comment, references",zarr,zarr,5.002
LOCA2,UCSD,EC-Earth3-Veg,ssp245,r5i1p1f1,day,huss,d03,s3://cadcat/loca2/ucsd/ec-earth3-veg/ssp245/r5i1p1f1/day/huss/d03/,check_dataset,attr.global.empty,WARN,20,1 global attribute(s) are present but empty. A reader cannot tell an empty value from an unanswered question.,omit the attribute or give it a value,experiment,zarr,zarr,5.002
LOCA2,UCSD,EC-Earth3-Veg,ssp245,r5i1p1f1,day,huss,d03,s3://cadcat/loca2/ucsd/ec-earth3-veg/ssp245/r5i1p1f1/day/huss/d03/,check_dataset,time.calendar,INFO,10,Calendar reported as 'proleptic_gregorian'.,,proleptic_gregorian,zarr,zarr,5.002
LOCA2,UCSD,EC-Earth3-Veg,ssp245,r5i1p1f1,day,huss,d03,s3://cadcat/loca2/ucsd/ec-earth3-veg/ssp245/r5i1p1f1/day/huss/d03/,check_dataset,time.bounds.match,OK,0,Axis 2015-01-01..2100-12-31 matches the convention.,,,zarr,zarr,5.002
LOCA2,UCSD,EC-Earth3-Veg,ssp245,r5i1p1f1,day,huss,d03,s3://cadcat/loca2/ucsd/ec-earth3-veg/ssp245/r5i1p1f1/day/huss/d03/,check_dataset,time.extent.match,OK,0,Time axis 2015-2100 matches the documented extent.,,,zarr,zarr,5.002
LOCA2,UCSD,EC-Earth3-Veg,ssp245,r5i1p1f1,day,huss,d03,s3://cadcat/loca2/ucsd/ec-earth3-veg/ssp245/r5i1p1f1/day/huss/d03/,check_dataset,time.frequency.match,OK,0,Median step 24.00 h is consistent with 'day'.,,,zarr,zarr,5.002
LOCA2,UCSD,KACE-1-0-G,ssp370,r1i1p1f1,day,huss,d03,s3://cadcat/loca2/ucsd/kace-1-0-g/ssp370/r1i1p1f1/day/huss/d03/,check_dataset,store.consolidated,OK,0,Consolidated metadata (.zmetadata) present.,,,zarr,zarr,4.316
LOCA2,UCSD,KACE-1-0-G,ssp370,r1i1p1f1,day,huss,d03,s3://cadcat/loca2/ucsd/kace-1-0-g/ssp370/r1i1p1f1/day/huss/d03/,check_dataset,store.array.shape,INFO,10,"huss: shape (31411, 495, 559), chunks (1952, 123, 139), dtype <f4.",,"shape=(31411, 495, 559) chunks=(1952, 123, 139) dtype=<f4",zarr,zarr,4.316
LOCA2,UCSD,KACE-1-0-G,ssp370,r1i1p1f1,day,huss,d03,s3://cadcat/loca2/ucsd/kace-1-0-g/ssp370/r1i1p1f1/day/huss/d03/,check_dataset,var.present,OK,0,Variable 'huss' present as named in the catalog.,,,zarr,zarr,4.316
LOCA2,UCSD,KACE-1-0-G,ssp370,r1i1p1f1,day,huss,d03,s3://cadcat/loca2/ucsd/kace-1-0-g/ssp370/r1i1p1f1/day/huss/d03/,check_dataset,attr.var.standard_name.missing,INFO,10,CF-recommended attribute 'standard_name' is absent.,standard_name,,zarr,zarr,4.316
LOCA2,UCSD,KACE-1-0-G,ssp370,r1i1p1f1,day,huss,d03,s3://cadcat/loca2/ucsd/kace-1-0-g/ssp370/r1i1p1f1/day/huss/d03/,check_dataset,attr.var.cell_methods.missing,INFO,10,CF-recommended attribute 'cell_methods' is absent.,cell_methods,,zarr,zarr,4.316
LOCA2,UCSD,KACE-1-0-G,ssp370,r1i1p1f1,day,huss,d03,s3://cadcat/loca2/ucsd/kace-1-0-g/ssp370/r1i1p1f1/day/huss/d03/,check_dataset,units.match,OK,0,units '1' match the reference table.,,,zarr,zarr,4.316
LOCA2,UCSD,KACE-1-0-G,ssp370,r1i1p1f1,day,huss,d03,s3://cadcat/loca2/ucsd/kace-1-0-g/ssp370/r1i1p1f1/day/huss/d03/,check_dataset,long_name.differs,INFO,10,long_name differs from the reference table display name.,Specific humidity at 2m,huss,zarr,zarr,4.316
LOCA2,UCSD,KACE-1-0-G,ssp370,r1i1p1f1,day,huss,d03,s3://cadcat/loca2/ucsd/kace-1-0-g/ssp370/r1i1p1f1/day/huss/d03/,check_dataset,grid.convention,INFO,10,"Store is on a geographic grid (['lat', 'lon', 'time']).",,geographic,zarr,zarr,4.316
LOCA2,UCSD,KACE-1-0-G,ssp370,r1i1p1f1,day,huss,d03,s3://cadcat/loca2/ucsd/kace-1-0-g/ssp370/r1i1p1f1/day/huss/d03/,check_dataset,crs.spatial_ref.missing,ERROR,30,LOCA2 stores should carry a spatial_ref coordinate holding the WGS84 definition.,spatial_ref,,zarr,zarr,4.316
LOCA2,UCSD,KACE-1-0-G,ssp370,r1i1p1f1,day,huss,d03,s3://cadcat/loca2/ucsd/kace-1-0-g/ssp370/r1i1p1f1/day/huss/d03/,check_dataset,attr.global.recommended.missing,INFO,10,Missing 1 of 6 recommended global attributes; datasets are supposed to be self-describing.,"comment, history, institution, references, source, title",comment,zarr,zarr,4.316
LOCA2,UCSD,KACE-1-0-G,ssp370,r1i1p1f1,day,huss,d03,s3://cadcat/loca2/ucsd/kace-1-0-g/ssp370/r1i1p1f1/day/huss/d03/,check_dataset,attr.global.empty,WARN,20,1 global attribute(s) are present but empty. A reader cannot tell an empty value from an unanswered question.,omit the attribute or give it a value,experiment,zarr,zarr,4.316
LOCA2,UCSD,KACE-1-0-G,ssp370,r1i1p1f1,day,huss,d03,s3://cadcat/loca2/ucsd/kace-1-0-g/ssp370/r1i1p1f1/day/huss/d03/,check_dataset,time.calendar,INFO,10,Calendar reported as 'proleptic_gregorian'.,,proleptic_gregorian,zarr,zarr,4.316
LOCA2,UCSD,KACE-1-0-G,ssp370,r1i1p1f1,day,huss,d03,s3://cadcat/loca2/ucsd/kace-1-0-g/ssp370/r1i1p1f1/day/huss/d03/,check_dataset,time.bounds.match,OK,0,Axis 2015-01-01..2100-12-31 matches the convention.,,,zarr,zarr,4.316
LOCA2,UCSD,KACE-1-0-G,ssp370,r1i1p1f1,day,huss,d03,s3://cadcat/loca2/ucsd/kace-1-0-g/ssp370/r1i1p1f1/day/huss/d03/,check_dataset,time.extent.match,OK,0,Time axis 2015-2100 matches the documented extent.,,,zarr,zarr,4.316
LOCA2,UCSD,KACE-1-0-G,ssp370,r1i1p1f1,day,huss,d03,s3://cadcat/loca2/ucsd/kace-1-0-g/ssp370/r1i1p1f1/day/huss/d03/,check_dataset,time.frequency.match,OK,0,Median step 24.00 h is consistent with 'day'.,,,zarr,zarr,4.316
LOCA2,UCSD,MPI-ESM1-2-HR,ssp585,r2i1p1f1,day,huss,d03,s3://cadcat/loca2/ucsd/mpi-esm1-2-hr/ssp585/r2i1p1f1/day/huss/d03/,check_dataset,store.consolidated,OK,0,Consolidated metadata (.zmetadata) present.,,,zarr,zarr,4.281
LOCA2,UCSD,MPI-ESM1-2-HR,ssp585,r2i1p1f1,day,huss,d03,s3://cadcat/loca2/ucsd/mpi-esm1-2-hr/ssp585/r2i1p1f1/day/huss/d03/,check_dataset,store.array.shape,INFO,10,"huss: shape (31411, 495, 559), chunks (1952, 123, 139), dtype <f4.",,"shape=(31411, 495, 559) chunks=(1952, 123, 139) dtype=<f4",zarr,zarr,4.281
LOCA2,UCSD,MPI-ESM1-2-HR,ssp585,r2i1p1f1,day,huss,d03,s3://cadcat/loca2/ucsd/mpi-esm1-2-hr/ssp585/r2i1p1f1/day/huss/d03/,check_dataset,var.present,OK,0,Variable 'huss' present as named in the catalog.,,,zarr,zarr,4.281
LOCA2,UCSD,MPI-ESM1-2-HR,ssp585,r2i1p1f1,day,huss,d03,s3://cadcat/loca2/ucsd/mpi-esm1-2-hr/ssp585/r2i1p1f1/day/huss/d03/,check_dataset,attr.var.standard_name.missing,INFO,10,CF-recommended attribute 'standard_name' is absent.,standard_name,,zarr,zarr,4.281
LOCA2,UCSD,MPI-ESM1-2-HR,ssp585,r2i1p1f1,day,huss,d03,s3://cadcat/loca2/ucsd/mpi-esm1-2-hr/ssp585/r2i1p1f1/day/huss/d03/,check_dataset,attr.var.cell_methods.missing,INFO,10,CF-recommended attribute 'cell_methods' is absent.,cell_methods,,zarr,zarr,4.281
LOCA2,UCSD,MPI-ESM1-2-HR,ssp585,r2i1p1f1,day,huss,d03,s3://cadcat/loca2/ucsd/mpi-esm1-2-hr/ssp585/r2i1p1f1/day/huss/d03/,check_dataset,units.match,OK,0,units '1' match the reference table.,,,zarr,zarr,4.281
LOCA2,UCSD,MPI-ESM1-2-HR,ssp585,r2i1p1f1,day,huss,d03,s3://cadcat/loca2/ucsd/mpi-esm1-2-hr/ssp585/r2i1p1f1/day/huss/d03/,check_dataset,long_name.differs,INFO,10,long_name differs from the reference table display name.,Specific humidity at 2m,huss,zarr,zarr,4.281
LOCA2,UCSD,MPI-ESM1-2-HR,ssp585,r2i1p1f1,day,huss,d03,s3://cadcat/loca2/ucsd/mpi-esm1-2-hr/ssp585/r2i1p1f1/day/huss/d03/,check_dataset,grid.convention,INFO,10,"Store is on a geographic grid (['lat', 'lon', 'time']).",,geographic,zarr,zarr,4.281
LOCA2,UCSD,MPI-ESM1-2-HR,ssp585,r2i1p1f1,day,huss,d03,s3://cadcat/loca2/ucsd/mpi-esm1-2-hr/ssp585/r2i1p1f1/day/huss/d03/,check_dataset,crs.spatial_ref.missing,ERROR,30,LOCA2 stores should carry a spatial_ref coordinate holding the WGS84 definition.,spatial_ref,,zarr,zarr,4.281
LOCA2,UCSD,MPI-ESM1-2-HR,ssp585,r2i1p1f1,day,huss,d03,s3://cadcat/loca2/ucsd/mpi-esm1-2-hr/ssp585/r2i1p1f1/day/huss/d03/,check_dataset,attr.global.recommended.missing,INFO,10,Missing 1 of 6 recommended global attributes; datasets are supposed to be self-describing.,"comment, history, institution, references, source, title",comment,zarr,zarr,4.281
LOCA2,UCSD,MPI-ESM1-2-HR,ssp585,r2i1p1f1,day,huss,d03,s3://cadcat/loca2/ucsd/mpi-esm1-2-hr/ssp585/r2i1p1f1/day/huss/d03/,check_dataset,attr.global.empty,WARN,20,1 global attribute(s) are present but empty. A reader cannot tell an empty value from an unanswered question.,omit the attribute or give it a value,experiment,zarr,zarr,4.281
LOCA2,UCSD,MPI-ESM1-2-HR,ssp585,r2i1p1f1,day,huss,d03,s3://cadcat/loca2/ucsd/mpi-esm1-2-hr/ssp585/r2i1p1f1/day/huss/d03/,check_dataset,time.calendar,INFO,10,Calendar reported as 'proleptic_gregorian'.,,proleptic_gregorian,zarr,zarr,4.281
LOCA2,UCSD,MPI-ESM1-2-HR,ssp585,r2i1p1f1,day,huss,d03,s3://cadcat/loca2/ucsd/mpi-esm1-2-hr/ssp585/r2i1p1f1/day/huss/d03/,check_dataset,time.bounds.match,OK,0,Axis 2015-01-01..2100-12-31 matches the convention.,,,zarr,zarr,4.281
LOCA2,UCSD,MPI-ESM1-2-HR,ssp585,r2i1p1f1,day,huss,d03,s3://cadcat/loca2/ucsd/mpi-esm1-2-hr/ssp585/r2i1p1f1/day/huss/d03/,check_dataset,time.extent.match,OK,0,Time axis 2015-2100 matches the documented extent.,,,zarr,zarr,4.281
LOCA2,UCSD,MPI-ESM1-2-HR,ssp585,r2i1p1f1,day,huss,d03,s3://cadcat/loca2/ucsd/mpi-esm1-2-hr/ssp585/r2i1p1f1/day/huss/d03/,check_dataset,time.frequency.match,OK,0,Median step 24.00 h is consistent with 'day'.,,,zarr,zarr,4.281
LOCA2,UCSD,FGOALS-g3,historical,r5i1p1f1,day,pr,d03,s3://cadcat/loca2/ucsd/fgoals-g3/historical/r5i1p1f1/day/pr/d03/,check_dataset,store.consolidated,OK,0,Consolidated metadata (.zmetadata) present.,,,zarr,zarr,3.803
LOCA2,UCSD,FGOALS-g3,historical,r5i1p1f1,day,pr,d03,s3://cadcat/loca2/ucsd/fgoals-g3/historical/r5i1p1f1/day/pr/d03/,check_dataset,store.array.shape,INFO,10,"pr: shape (23741, 495, 559), chunks (1697, 132, 149), dtype <f4.",,"shape=(23741, 495, 559) chunks=(1697, 132, 149) dtype=<f4",zarr,zarr,3.803
LOCA2,UCSD,FGOALS-g3,historical,r5i1p1f1,day,pr,d03,s3://cadcat/loca2/ucsd/fgoals-g3/historical/r5i1p1f1/day/pr/d03/,check_dataset,var.present,OK,0,Variable 'pr' present as named in the catalog.,,,zarr,zarr,3.803
LOCA2,UCSD,FGOALS-g3,historical,r5i1p1f1,day,pr,d03,s3://cadcat/loca2/ucsd/fgoals-g3/historical/r5i1p1f1/day/pr/d03/,check_dataset,attr.var.standard_name.missing,INFO,10,CF-recommended attribute 'standard_name' is absent.,standard_name,,zarr,zarr,3.803
LOCA2,UCSD,FGOALS-g3,historical,r5i1p1f1,day,pr,d03,s3://cadcat/loca2/ucsd/fgoals-g3/historical/r5i1p1f1/day/pr/d03/,check_dataset,attr.var.cell_methods.missing,INFO,10,CF-recommended attribute 'cell_methods' is absent.,cell_methods,,zarr,zarr,3.803
LOCA2,UCSD,FGOALS-g3,historical,r5i1p1f1,day,pr,d03,s3://cadcat/loca2/ucsd/fgoals-g3/historical/r5i1p1f1/day/pr/d03/,check_dataset,units.match,OK,0,units 'kg m-2 s-1' match the reference table.,,,zarr,zarr,3.803
LOCA2,UCSD,FGOALS-g3,historical,r5i1p1f1,day,pr,d03,s3://cadcat/loca2/ucsd/fgoals-g3/historical/r5i1p1f1/day/pr/d03/,check_dataset,long_name.differs,INFO,10,long_name differs from the reference table display name.,Precipitation (total),pr,zarr,zarr,3.803
LOCA2,UCSD,FGOALS-g3,historical,r5i1p1f1,day,pr,d03,s3://cadcat/loca2/ucsd/fgoals-g3/historical/r5i1p1f1/day/pr/d03/,check_dataset,grid.convention,INFO,10,"Store is on a geographic grid (['lat', 'lon', 'time']).",,geographic,zarr,zarr,3.803
LOCA2,UCSD,FGOALS-g3,historical,r5i1p1f1,day,pr,d03,s3://cadcat/loca2/ucsd/fgoals-g3/historical/r5i1p1f1/day/pr/d03/,check_dataset,crs.spatial_ref.missing,ERROR,30,LOCA2 stores should carry a spatial_ref coordinate holding the WGS84 definition.,spatial_ref,,zarr,zarr,3.803
LOCA2,UCSD,FGOALS-g3,historical,r5i1p1f1,day,pr,d03,s3://cadcat/loca2/ucsd/fgoals-g3/historical/r5i1p1f1/day/pr/d03/,check_dataset,attr.global.recommended.missing,INFO,10,Missing 2 of 6 recommended global attributes; datasets are supposed to be self-describing.,"comment, history, institution, references, source, title","comment, references",zarr,zarr,3.803
LOCA2,UCSD,FGOALS-g3,historical,r5i1p1f1,day,pr,d03,s3://cadcat/loca2/ucsd/fgoals-g3/historical/r5i1p1f1/day/pr/d03/,check_dataset,attr.global.empty,WARN,20,1 global attribute(s) are present but empty. A reader cannot tell an empty value from an unanswered question.,omit the attribute or give it a value,experiment,zarr,zarr,3.803
LOCA2,UCSD,FGOALS-g3,historical,r5i1p1f1,day,pr,d03,s3://cadcat/loca2/ucsd/fgoals-g3/historical/r5i1p1f1/day/pr/d03/,check_dataset,time.calendar,INFO,10,Calendar reported as 'proleptic_gregorian'.,,proleptic_gregorian,zarr,zarr,3.803
LOCA2,UCSD,FGOALS-g3,historical,r5i1p1f1,day,pr,d03,s3://cadcat/loca2/ucsd/fgoals-g3/historical/r5i1p1f1/day/pr/d03/,check_dataset,time.bounds.match,OK,0,Axis 1950-01-01..2014-12-31 matches the convention.,,,zarr,zarr,3.803
LOCA2,UCSD,FGOALS-g3,historical,r5i1p1f1,day,pr,d03,s3://cadcat/loca2/ucsd/fgoals-g3/historical/r5i1p1f1/day/pr/d03/,check_dataset,time.extent.match,OK,0,Time axis 1950-2014 matches the documented extent.,,,zarr,zarr,3.803
LOCA2,UCSD,FGOALS-g3,historical,r5i1p1f1,day,pr,d03,s3://cadcat/loca2/ucsd/fgoals-g3/historical/r5i1p1f1/day/pr/d03/,check_dataset,time.frequency.match,OK,0,Median step 24.00 h is consistent with 'day'.,,,zarr,zarr,3.803
LOCA2,UCSD,EC-Earth3-Veg,ssp245,r5i1p1f1,day,pr,d03,s3://cadcat/loca2/ucsd/ec-earth3-veg/ssp245/r5i1p1f1/day/pr/d03/,check_dataset,store.consolidated,OK,0,Consolidated metadata (.zmetadata) present.,,,zarr,zarr,4.383
LOCA2,UCSD,EC-Earth3-Veg,ssp245,r5i1p1f1,day,pr,d03,s3://cadcat/loca2/ucsd/ec-earth3-veg/ssp245/r5i1p1f1/day/pr/d03/,check_dataset,store.array.shape,INFO,10,"pr: shape (31411, 495, 559), chunks (1952, 123, 139), dtype <f4.",,"shape=(31411, 495, 559) chunks=(1952, 123, 139) dtype=<f4",zarr,zarr,4.383
LOCA2,UCSD,EC-Earth3-Veg,ssp245,r5i1p1f1,day,pr,d03,s3://cadcat/loca2/ucsd/ec-earth3-veg/ssp245/r5i1p1f1/day/pr/d03/,check_dataset,var.present,OK,0,Variable 'pr' present as named in the catalog.,,,zarr,zarr,4.383
LOCA2,UCSD,EC-Earth3-Veg,ssp245,r5i1p1f1,day,pr,d03,s3://cadcat/loca2/ucsd/ec-earth3-veg/ssp245/r5i1p1f1/day/pr/d03/,check_dataset,attr.var.standard_name.missing,INFO,10,CF-recommended attribute 'standard_name' is absent.,standard_name,,zarr,zarr,4.383
LOCA2,UCSD,EC-Earth3-Veg,ssp245,r5i1p1f1,day,pr,d03,s3://cadcat/loca2/ucsd/ec-earth3-veg/ssp245/r5i1p1f1/day/pr/d03/,check_dataset,attr.var.cell_methods.missing,INFO,10,CF-recommended attribute 'cell_methods' is absent.,cell_methods,,zarr,zarr,4.383
LOCA2,UCSD,EC-Earth3-Veg,ssp245,r5i1p1f1,day,pr,d03,s3://cadcat/loca2/ucsd/ec-earth3-veg/ssp245/r5i1p1f1/day/pr/d03/,check_dataset,units.match,OK,0,units 'kg m-2 s-1' match the reference table.,,,zarr,zarr,4.383
LOCA2,UCSD,EC-Earth3-Veg,ssp245,r5i1p1f1,day,pr,d03,s3://cadcat/loca2/ucsd/ec-earth3-veg/ssp245/r5i1p1f1/day/pr/d03/,check_dataset,long_name.differs,INFO,10,long_name differs from the reference table display name.,Precipitation (total),pr,zarr,zarr,4.383
LOCA2,UCSD,EC-Earth3-Veg,ssp245,r5i1p1f1,day,pr,d03,s3://cadcat/loca2/ucsd/ec-earth3-veg/ssp245/r5i1p1f1/day/pr/d03/,check_dataset,grid.convention,INFO,10,"Store is on a geographic grid (['lat', 'lon', 'time']).",,geographic,zarr,zarr,4.383
LOCA2,UCSD,EC-Earth3-Veg,ssp245,r5i1p1f1,day,pr,d03,s3://cadcat/loca2/ucsd/ec-earth3-veg/ssp245/r5i1p1f1/day/pr/d03/,check_dataset,crs.spatial_ref.missing,ERROR,30,LOCA2 stores should carry a spatial_ref coordinate holding the WGS84 definition.,spatial_ref,,zarr,zarr,4.383
LOCA2,UCSD,EC-Earth3-Veg,ssp245,r5i1p1f1,day,pr,d03,s3://cadcat/loca2/ucsd/ec-earth3-veg/ssp245/r5i1p1f1/day/pr/d03/,check_dataset,attr.global.recommended.missing,INFO,10,Missing 2 of 6 recommended global attributes; datasets are supposed to be self-describing.,"comment, history, institution, references, source, title","comment, references",zarr,zarr,4.383
LOCA2,UCSD,EC-Earth3-Veg,ssp245,r5i1p1f1,day,pr,d03,s3://cadcat/loca2/ucsd/ec-earth3-veg/ssp245/r5i1p1f1/day/pr/d03/,check_dataset,attr.global.empty,WARN,20,1 global attribute(s) are present but empty. A reader cannot tell an empty value from an unanswered question.,omit the attribute or give it a value,experiment,zarr,zarr,4.383
LOCA2,UCSD,EC-Earth3-Veg,ssp245,r5i1p1f1,day,pr,d03,s3://cadcat/loca2/ucsd/ec-earth3-veg/ssp245/r5i1p1f1/day/pr/d03/,check_dataset,time.calendar,INFO,10,Calendar reported as 'proleptic_gregorian'.,,proleptic_gregorian,zarr,zarr,4.383
LOCA2,UCSD,EC-Earth3-Veg,ssp245,r5i1p1f1,day,pr,d03,s3://cadcat/loca2/ucsd/ec-earth3-veg/ssp245/r5i1p1f1/day/pr/d03/,check_dataset,time.bounds.match,OK,0,Axis 2015-01-01..2100-12-31 matches the convention.,,,zarr,zarr,4.383
LOCA2,UCSD,EC-Earth3-Veg,ssp245,r5i1p1f1,day,pr,d03,s3://cadcat/loca2/ucsd/ec-earth3-veg/ssp245/r5i1p1f1/day/pr/d03/,check_dataset,time.extent.match,OK,0,Time axis 2015-2100 matches the documented extent.,,,zarr,zarr,4.383
LOCA2,UCSD,EC-Earth3-Veg,ssp245,r5i1p1f1,day,pr,d03,s3://cadcat/loca2/ucsd/ec-earth3-veg/ssp245/r5i1p1f1/day/pr/d03/,check_dataset,time.frequency.match,OK,0,Median step 24.00 h is consistent with 'day'.,,,zarr,zarr,4.383
LOCA2,UCSD,IPSL-CM6A-LR,ssp370,r10i1p1f1,day,pr,d03,s3://cadcat/loca2/ucsd/ipsl-cm6a-lr/ssp370/r10i1p1f1/day/pr/d03/,check_dataset,store.consolidated,OK,0,Consolidated metadata (.zmetadata) present.,,,zarr,zarr,4.751
LOCA2,UCSD,IPSL-CM6A-LR,ssp370,r10i1p1f1,day,pr,d03,s3://cadcat/loca2/ucsd/ipsl-cm6a-lr/ssp370/r10i1p1f1/day/pr/d03/,check_dataset,store.array.shape,INFO,10,"pr: shape (31411, 495, 559), chunks (1952, 123, 139), dtype <f4.",,"shape=(31411, 495, 559) chunks=(1952, 123, 139) dtype=<f4",zarr,zarr,4.751
LOCA2,UCSD,IPSL-CM6A-LR,ssp370,r10i1p1f1,day,pr,d03,s3://cadcat/loca2/ucsd/ipsl-cm6a-lr/ssp370/r10i1p1f1/day/pr/d03/,check_dataset,var.present,OK,0,Variable 'pr' present as named in the catalog.,,,zarr,zarr,4.751
LOCA2,UCSD,IPSL-CM6A-LR,ssp370,r10i1p1f1,day,pr,d03,s3://cadcat/loca2/ucsd/ipsl-cm6a-lr/ssp370/r10i1p1f1/day/pr/d03/,check_dataset,attr.var.standard_name.missing,INFO,10,CF-recommended attribute 'standard_name' is absent.,standard_name,,zarr,zarr,4.751
LOCA2,UCSD,IPSL-CM6A-LR,ssp370,r10i1p1f1,day,pr,d03,s3://cadcat/loca2/ucsd/ipsl-cm6a-lr/ssp370/r10i1p1f1/day/pr/d03/,check_dataset,attr.var.cell_methods.missing,INFO,10,CF-recommended attribute 'cell_methods' is absent.,cell_methods,,zarr,zarr,4.751
LOCA2,UCSD,IPSL-CM6A-LR,ssp370,r10i1p1f1,day,pr,d03,s3://cadcat/loca2/ucsd/ipsl-cm6a-lr/ssp370/r10i1p1f1/day/pr/d03/,check_dataset,units.match,OK,0,units 'kg m-2 s-1' match the reference table.,,,zarr,zarr,4.751
LOCA2,UCSD,IPSL-CM6A-LR,ssp370,r10i1p1f1,day,pr,d03,s3://cadcat/loca2/ucsd/ipsl-cm6a-lr/ssp370/r10i1p1f1/day/pr/d03/,check_dataset,long_name.differs,INFO,10,long_name differs from the reference table display name.,Precipitation (total),pr,zarr,zarr,4.751
LOCA2,UCSD,IPSL-CM6A-LR,ssp370,r10i1p1f1,day,pr,d03,s3://cadcat/loca2/ucsd/ipsl-cm6a-lr/ssp370/r10i1p1f1/day/pr/d03/,check_dataset,grid.convention,INFO,10,"Store is on a geographic grid (['lat', 'lon', 'time']).",,geographic,zarr,zarr,4.751
LOCA2,UCSD,IPSL-CM6A-LR,ssp370,r10i1p1f1,day,pr,d03,s3://cadcat/loca2/ucsd/ipsl-cm6a-lr/ssp370/r10i1p1f1/day/pr/d03/,check_dataset,crs.spatial_ref.missing,ERROR,30,LOCA2 stores should carry a spatial_ref coordinate holding the WGS84 definition.,spatial_ref,,zarr,zarr,4.751
LOCA2,UCSD,IPSL-CM6A-LR,ssp370,r10i1p1f1,day,pr,d03,s3://cadcat/loca2/ucsd/ipsl-cm6a-lr/ssp370/r10i1p1f1/day/pr/d03/,check_dataset,attr.global.recommended.missing,INFO,10,Missing 2 of 6 recommended global attributes; datasets are supposed to be self-describing.,"comment, history, institution, references, source, title","comment, references",zarr,zarr,4.751
LOCA2,UCSD,IPSL-CM6A-LR,ssp370,r10i1p1f1,day,pr,d03,s3://cadcat/loca2/ucsd/ipsl-cm6a-lr/ssp370/r10i1p1f1/day/pr/d03/,check_dataset,attr.global.empty,WARN,20,1 global attribute(s) are present but empty. A reader cannot tell an empty value from an unanswered question.,omit the attribute or give it a value,experiment,zarr,zarr,4.751
LOCA2,UCSD,IPSL-CM6A-LR,ssp370,r10i1p1f1,day,pr,d03,s3://cadcat/loca2/ucsd/ipsl-cm6a-lr/ssp370/r10i1p1f1/day/pr/d03/,check_dataset,time.calendar,INFO,10,Calendar reported as 'proleptic_gregorian'.,,proleptic_gregorian,zarr,zarr,4.751
LOCA2,UCSD,IPSL-CM6A-LR,ssp370,r10i1p1f1,day,pr,d03,s3://cadcat/loca2/ucsd/ipsl-cm6a-lr/ssp370/r10i1p1f1/day/pr/d03/,check_dataset,time.bounds.match,OK,0,Axis 2015-01-01..2100-12-31 matches the convention.,,,zarr,zarr,4.751
LOCA2,UCSD,IPSL-CM6A-LR,ssp370,r10i1p1f1,day,pr,d03,s3://cadcat/loca2/ucsd/ipsl-cm6a-lr/ssp370/r10i1p1f1/day/pr/d03/,check_dataset,time.extent.match,OK,0,Time axis 2015-2100 matches the documented extent.,,,zarr,zarr,4.751
LOCA2,UCSD,IPSL-CM6A-LR,ssp370,r10i1p1f1,day,pr,d03,s3://cadcat/loca2/ucsd/ipsl-cm6a-lr/ssp370/r10i1p1f1/day/pr/d03/,check_dataset,time.frequency.match,OK,0,Median step 24.00 h is consistent with 'day'.,,,zarr,zarr,4.751
LOCA2,UCSD,FGOALS-g3,ssp585,r1i1p1f1,day,pr,d03,s3://cadcat/loca2/ucsd/fgoals-g3/ssp585/r1i1p1f1/day/pr/d03/,check_dataset,store.consolidated,OK,0,Consolidated metadata (.zmetadata) present.,,,zarr,zarr,4.548
LOCA2,UCSD,FGOALS-g3,ssp585,r1i1p1f1,day,pr,d03,s3://cadcat/loca2/ucsd/fgoals-g3/ssp585/r1i1p1f1/day/pr/d03/,check_dataset,store.array.shape,INFO,10,"pr: shape (31411, 495, 559), chunks (1952, 123, 139), dtype <f4.",,"shape=(31411, 495, 559) chunks=(1952, 123, 139) dtype=<f4",zarr,zarr,4.548
LOCA2,UCSD,FGOALS-g3,ssp585,r1i1p1f1,day,pr,d03,s3://cadcat/loca2/ucsd/fgoals-g3/ssp585/r1i1p1f1/day/pr/d03/,check_dataset,var.present,OK,0,Variable 'pr' present as named in the catalog.,,,zarr,zarr,4.548
LOCA2,UCSD,FGOALS-g3,ssp585,r1i1p1f1,day,pr,d03,s3://cadcat/loca2/ucsd/fgoals-g3/ssp585/r1i1p1f1/day/pr/d03/,check_dataset,attr.var.standard_name.missing,INFO,10,CF-recommended attribute 'standard_name' is absent.,standard_name,,zarr,zarr,4.548
LOCA2,UCSD,FGOALS-g3,ssp585,r1i1p1f1,day,pr,d03,s3://cadcat/loca2/ucsd/fgoals-g3/ssp585/r1i1p1f1/day/pr/d03/,check_dataset,attr.var.cell_methods.missing,INFO,10,CF-recommended attribute 'cell_methods' is absent.,cell_methods,,zarr,zarr,4.548
LOCA2,UCSD,FGOALS-g3,ssp585,r1i1p1f1,day,pr,d03,s3://cadcat/loca2/ucsd/fgoals-g3/ssp585/r1i1p1f1/day/pr/d03/,check_dataset,units.match,OK,0,units 'kg m-2 s-1' match the reference table.,,,zarr,zarr,4.548
LOCA2,UCSD,FGOALS-g3,ssp585,r1i1p1f1,day,pr,d03,s3://cadcat/loca2/ucsd/fgoals-g3/ssp585/r1i1p1f1/day/pr/d03/,check_dataset,long_name.differs,INFO,10,long_name differs from the reference table display name.,Precipitation (total),pr,zarr,zarr,4.548
LOCA2,UCSD,FGOALS-g3,ssp585,r1i1p1f1,day,pr,d03,s3://cadcat/loca2/ucsd/fgoals-g3/ssp585/r1i1p1f1/day/pr/d03/,check_dataset,grid.convention,INFO,10,"Store is on a geographic grid (['lat', 'lon', 'time']).",,geographic,zarr,zarr,4.548
LOCA2,UCSD,FGOALS-g3,ssp585,r1i1p1f1,day,pr,d03,s3://cadcat/loca2/ucsd/fgoals-g3/ssp585/r1i1p1f1/day/pr/d03/,check_dataset,crs.spatial_ref.missing,ERROR,30,LOCA2 stores should carry a spatial_ref coordinate holding the WGS84 definition.,spatial_ref,,zarr,zarr,4.548
LOCA2,UCSD,FGOALS-g3,ssp585,r1i1p1f1,day,pr,d03,s3://cadcat/loca2/ucsd/fgoals-g3/ssp585/r1i1p1f1/day/pr/d03/,check_dataset,attr.global.recommended.missing,INFO,10,Missing 2 of 6 recommended global attributes; datasets are supposed to be self-describing.,"comment, history, institution, references, source, title","comment, references",zarr,zarr,4.548
LOCA2,UCSD,FGOALS-g3,ssp585,r1i1p1f1,day,pr,d03,s3://cadcat/loca2/ucsd/fgoals-g3/ssp585/r1i1p1f1/day/pr/d03/,check_dataset,attr.global.empty,WARN,20,1 global attribute(s) are present but empty. A reader cannot tell an empty value from an unanswered question.,omit the attribute or give it a value,experiment,zarr,zarr,4.548
LOCA2,UCSD,FGOALS-g3,ssp585,r1i1p1f1,day,pr,d03,s3://cadcat/loca2/ucsd/fgoals-g3/ssp585/r1i1p1f1/day/pr/d03/,check_dataset,time.calendar,INFO,10,Calendar reported as 'proleptic_gregorian'.,,proleptic_gregorian,zarr,zarr,4.548
LOCA2,UCSD,FGOALS-g3,ssp585,r1i1p1f1,day,pr,d03,s3://cadcat/loca2/ucsd/fgoals-g3/ssp585/r1i1p1f1/day/pr/d03/,check_dataset,time.bounds.match,OK,0,Axis 2015-01-01..2100-12-31 matches the convention.,,,zarr,zarr,4.548
LOCA2,UCSD,FGOALS-g3,ssp585,r1i1p1f1,day,pr,d03,s3://cadcat/loca2/ucsd/fgoals-g3/ssp585/r1i1p1f1/day/pr/d03/,check_dataset,time.extent.match,OK,0,Time axis 2015-2100 matches the documented extent.,,,zarr,zarr,4.548
LOCA2,UCSD,FGOALS-g3,ssp585,r1i1p1f1,day,pr,d03,s3://cadcat/loca2/ucsd/fgoals-g3/ssp585/r1i1p1f1/day/pr/d03/,check_dataset,time.frequency.match,OK,0,Median step 24.00 h is consistent with 'day'.,,,zarr,zarr,4.548
LOCA2,UCSD,IPSL-CM6A-LR,historical,r5i1p1f1,day,rsds,d03,s3://cadcat/loca2/ucsd/ipsl-cm6a-lr/historical/r5i1p1f1/day/rsds/d03/,check_dataset,store.consolidated,OK,0,Consolidated metadata (.zmetadata) present.,,,zarr,zarr,4.315
LOCA2,UCSD,IPSL-CM6A-LR,historical,r5i1p1f1,day,rsds,d03,s3://cadcat/loca2/ucsd/ipsl-cm6a-lr/historical/r5i1p1f1/day/rsds/d03/,check_dataset,store.array.shape,INFO,10,"rsds: shape (23741, 495, 559), chunks (1697, 132, 149), dtype <f4.",,"shape=(23741, 495, 559) chunks=(1697, 132, 149) dtype=<f4",zarr,zarr,4.315
LOCA2,UCSD,IPSL-CM6A-LR,historical,r5i1p1f1,day,rsds,d03,s3://cadcat/loca2/ucsd/ipsl-cm6a-lr/historical/r5i1p1f1/day/rsds/d03/,check_dataset,var.present,OK,0,Variable 'rsds' present as named in the catalog.,,,zarr,zarr,4.315
LOCA2,UCSD,IPSL-CM6A-LR,historical,r5i1p1f1,day,rsds,d03,s3://cadcat/loca2/ucsd/ipsl-cm6a-lr/historical/r5i1p1f1/day/rsds/d03/,check_dataset,attr.var.standard_name.missing,INFO,10,CF-recommended attribute 'standard_name' is absent.,standard_name,,zarr,zarr,4.315
LOCA2,UCSD,IPSL-CM6A-LR,historical,r5i1p1f1,day,rsds,d03,s3://cadcat/loca2/ucsd/ipsl-cm6a-lr/historical/r5i1p1f1/day/rsds/d03/,check_dataset,attr.var.cell_methods.missing,INFO,10,CF-recommended attribute 'cell_methods' is absent.,cell_methods,,zarr,zarr,4.315
LOCA2,UCSD,IPSL-CM6A-LR,historical,r5i1p1f1,day,rsds,d03,s3://cadcat/loca2/ucsd/ipsl-cm6a-lr/historical/r5i1p1f1/day/rsds/d03/,check_dataset,units.match,OK,0,units 'W m-2' match the reference table.,,,zarr,zarr,4.315
LOCA2,UCSD,IPSL-CM6A-LR,historical,r5i1p1f1,day,rsds,d03,s3://cadcat/loca2/ucsd/ipsl-cm6a-lr/historical/r5i1p1f1/day/rsds/d03/,check_dataset,long_name.differs,INFO,10,long_name differs from the reference table display name.,Shortwave flux at the surface,rsds,zarr,zarr,4.315
LOCA2,UCSD,IPSL-CM6A-LR,historical,r5i1p1f1,day,rsds,d03,s3://cadcat/loca2/ucsd/ipsl-cm6a-lr/historical/r5i1p1f1/day/rsds/d03/,check_dataset,grid.convention,INFO,10,"Store is on a geographic grid (['lat', 'lon', 'time']).",,geographic,zarr,zarr,4.315
LOCA2,UCSD,IPSL-CM6A-LR,historical,r5i1p1f1,day,rsds,d03,s3://cadcat/loca2/ucsd/ipsl-cm6a-lr/historical/r5i1p1f1/day/rsds/d03/,check_dataset,crs.spatial_ref.missing,ERROR,30,LOCA2 stores should carry a spatial_ref coordinate holding the WGS84 definition.,spatial_ref,,zarr,zarr,4.315
LOCA2,UCSD,IPSL-CM6A-LR,historical,r5i1p1f1,day,rsds,d03,s3://cadcat/loca2/ucsd/ipsl-cm6a-lr/historical/r5i1p1f1/day/rsds/d03/,check_dataset,attr.global.recommended.missing,INFO,10,Missing 2 of 6 recommended global attributes; datasets are supposed to be self-describing.,"comment, history, institution, references, source, title","comment, references",zarr,zarr,4.315
LOCA2,UCSD,IPSL-CM6A-LR,historical,r5i1p1f1,day,rsds,d03,s3://cadcat/loca2/ucsd/ipsl-cm6a-lr/historical/r5i1p1f1/day/rsds/d03/,check_dataset,attr.global.empty,WARN,20,1 global attribute(s) are present but empty. A reader cannot tell an empty value from an unanswered question.,omit the attribute or give it a value,experiment,zarr,zarr,4.315
LOCA2,UCSD,IPSL-CM6A-LR,historical,r5i1p1f1,day,rsds,d03,s3://cadcat/loca2/ucsd/ipsl-cm6a-lr/historical/r5i1p1f1/day/rsds/d03/,check_dataset,time.calendar,INFO,10,Calendar reported as 'proleptic_gregorian'.,,proleptic_gregorian,zarr,zarr,4.315
LOCA2,UCSD,IPSL-CM6A-LR,historical,r5i1p1f1,day,rsds,d03,s3://cadcat/loca2/ucsd/ipsl-cm6a-lr/historical/r5i1p1f1/day/rsds/d03/,check_dataset,time.bounds.match,OK,0,Axis 1950-01-01..2014-12-31 matches the convention.,,,zarr,zarr,4.315
LOCA2,UCSD,IPSL-CM6A-LR,historical,r5i1p1f1,day,rsds,d03,s3://cadcat/loca2/ucsd/ipsl-cm6a-lr/historical/r5i1p1f1/day/rsds/d03/,check_dataset,time.extent.match,OK,0,Time axis 1950-2014 matches the documented extent.,,,zarr,zarr,4.315
LOCA2,UCSD,IPSL-CM6A-LR,historical,r5i1p1f1,day,rsds,d03,s3://cadcat/loca2/ucsd/ipsl-cm6a-lr/historical/r5i1p1f1/day/rsds/d03/,check_dataset,time.frequency.match,OK,0,Median step 24.00 h is consistent with 'day'.,,,zarr,zarr,4.315
LOCA2,UCSD,EC-Earth3,ssp245,r1i1p1f1,day,rsds,d03,s3://cadcat/loca2/ucsd/ec-earth3/ssp245/r1i1p1f1/day/rsds/d03/,check_dataset,store.consolidated,OK,0,Consolidated metadata (.zmetadata) present.,,,zarr,zarr,4.411
LOCA2,UCSD,EC-Earth3,ssp245,r1i1p1f1,day,rsds,d03,s3://cadcat/loca2/ucsd/ec-earth3/ssp245/r1i1p1f1/day/rsds/d03/,check_dataset,store.array.shape,INFO,10,"rsds: shape (31411, 495, 559), chunks (1952, 123, 139), dtype <f4.",,"shape=(31411, 495, 559) chunks=(1952, 123, 139) dtype=<f4",zarr,zarr,4.411
LOCA2,UCSD,EC-Earth3,ssp245,r1i1p1f1,day,rsds,d03,s3://cadcat/loca2/ucsd/ec-earth3/ssp245/r1i1p1f1/day/rsds/d03/,check_dataset,var.present,OK,0,Variable 'rsds' present as named in the catalog.,,,zarr,zarr,4.411
LOCA2,UCSD,EC-Earth3,ssp245,r1i1p1f1,day,rsds,d03,s3://cadcat/loca2/ucsd/ec-earth3/ssp245/r1i1p1f1/day/rsds/d03/,check_dataset,attr.var.standard_name.missing,INFO,10,CF-recommended attribute 'standard_name' is absent.,standard_name,,zarr,zarr,4.411
LOCA2,UCSD,EC-Earth3,ssp245,r1i1p1f1,day,rsds,d03,s3://cadcat/loca2/ucsd/ec-earth3/ssp245/r1i1p1f1/day/rsds/d03/,check_dataset,attr.var.cell_methods.missing,INFO,10,CF-recommended attribute 'cell_methods' is absent.,cell_methods,,zarr,zarr,4.411
LOCA2,UCSD,EC-Earth3,ssp245,r1i1p1f1,day,rsds,d03,s3://cadcat/loca2/ucsd/ec-earth3/ssp245/r1i1p1f1/day/rsds/d03/,check_dataset,units.match,OK,0,units 'W m-2' match the reference table.,,,zarr,zarr,4.411
LOCA2,UCSD,EC-Earth3,ssp245,r1i1p1f1,day,rsds,d03,s3://cadcat/loca2/ucsd/ec-earth3/ssp245/r1i1p1f1/day/rsds/d03/,check_dataset,long_name.differs,INFO,10,long_name differs from the reference table display name.,Shortwave flux at the surface,rsds,zarr,zarr,4.411
LOCA2,UCSD,EC-Earth3,ssp245,r1i1p1f1,day,rsds,d03,s3://cadcat/loca2/ucsd/ec-earth3/ssp245/r1i1p1f1/day/rsds/d03/,check_dataset,grid.convention,INFO,10,"Store is on a geographic grid (['lat', 'lon', 'time']).",,geographic,zarr,zarr,4.411
LOCA2,UCSD,EC-Earth3,ssp245,r1i1p1f1,day,rsds,d03,s3://cadcat/loca2/ucsd/ec-earth3/ssp245/r1i1p1f1/day/rsds/d03/,check_dataset,crs.spatial_ref.missing,ERROR,30,LOCA2 stores should carry a spatial_ref coordinate holding the WGS84 definition.,spatial_ref,,zarr,zarr,4.411
LOCA2,UCSD,EC-Earth3,ssp245,r1i1p1f1,day,rsds,d03,s3://cadcat/loca2/ucsd/ec-earth3/ssp245/r1i1p1f1/day/rsds/d03/,check_dataset,attr.global.recommended.missing,INFO,10,Missing 1 of 6 recommended global attributes; datasets are supposed to be self-describing.,"comment, history, institution, references, source, title",references,zarr,zarr,4.411
LOCA2,UCSD,EC-Earth3,ssp245,r1i1p1f1,day,rsds,d03,s3://cadcat/loca2/ucsd/ec-earth3/ssp245/r1i1p1f1/day/rsds/d03/,check_dataset,attr.global.empty,WARN,20,1 global attribute(s) are present but empty. A reader cannot tell an empty value from an unanswered question.,omit the attribute or give it a value,experiment,zarr,zarr,4.411
LOCA2,UCSD,EC-Earth3,ssp245,r1i1p1f1,day,rsds,d03,s3://cadcat/loca2/ucsd/ec-earth3/ssp245/r1i1p1f1/day/rsds/d03/,check_dataset,time.calendar,INFO,10,Calendar reported as 'proleptic_gregorian'.,,proleptic_gregorian,zarr,zarr,4.411
LOCA2,UCSD,EC-Earth3,ssp245,r1i1p1f1,day,rsds,d03,s3://cadcat/loca2/ucsd/ec-earth3/ssp245/r1i1p1f1/day/rsds/d03/,check_dataset,time.bounds.match,OK,0,Axis 2015-01-01..2100-12-31 matches the convention.,,,zarr,zarr,4.411
LOCA2,UCSD,EC-Earth3,ssp245,r1i1p1f1,day,rsds,d03,s3://cadcat/loca2/ucsd/ec-earth3/ssp245/r1i1p1f1/day/rsds/d03/,check_dataset,time.extent.match,OK,0,Time axis 2015-2100 matches the documented extent.,,,zarr,zarr,4.411
LOCA2,UCSD,EC-Earth3,ssp245,r1i1p1f1,day,rsds,d03,s3://cadcat/loca2/ucsd/ec-earth3/ssp245/r1i1p1f1/day/rsds/d03/,check_dataset,time.frequency.match,OK,0,Median step 24.00 h is consistent with 'day'.,,,zarr,zarr,4.411
LOCA2,UCSD,MIROC6,ssp370,r1i1p1f1,day,rsds,d03,s3://cadcat/loca2/ucsd/miroc6/ssp370/r1i1p1f1/day/rsds/d03/,check_dataset,store.consolidated,OK,0,Consolidated metadata (.zmetadata) present.,,,zarr,zarr,4.838
LOCA2,UCSD,MIROC6,ssp370,r1i1p1f1,day,rsds,d03,s3://cadcat/loca2/ucsd/miroc6/ssp370/r1i1p1f1/day/rsds/d03/,check_dataset,store.array.shape,INFO,10,"rsds: shape (31411, 495, 559), chunks (1952, 123, 139), dtype <f4.",,"shape=(31411, 495, 559) chunks=(1952, 123, 139) dtype=<f4",zarr,zarr,4.838
LOCA2,UCSD,MIROC6,ssp370,r1i1p1f1,day,rsds,d03,s3://cadcat/loca2/ucsd/miroc6/ssp370/r1i1p1f1/day/rsds/d03/,check_dataset,var.present,OK,0,Variable 'rsds' present as named in the catalog.,,,zarr,zarr,4.838
LOCA2,UCSD,MIROC6,ssp370,r1i1p1f1,day,rsds,d03,s3://cadcat/loca2/ucsd/miroc6/ssp370/r1i1p1f1/day/rsds/d03/,check_dataset,attr.var.standard_name.missing,INFO,10,CF-recommended attribute 'standard_name' is absent.,standard_name,,zarr,zarr,4.838
LOCA2,UCSD,MIROC6,ssp370,r1i1p1f1,day,rsds,d03,s3://cadcat/loca2/ucsd/miroc6/ssp370/r1i1p1f1/day/rsds/d03/,check_dataset,attr.var.cell_methods.missing,INFO,10,CF-recommended attribute 'cell_methods' is absent.,cell_methods,,zarr,zarr,4.838
LOCA2,UCSD,MIROC6,ssp370,r1i1p1f1,day,rsds,d03,s3://cadcat/loca2/ucsd/miroc6/ssp370/r1i1p1f1/day/rsds/d03/,check_dataset,units.match,OK,0,units 'W m-2' match the reference table.,,,zarr,zarr,4.838
LOCA2,UCSD,MIROC6,ssp370,r1i1p1f1,day,rsds,d03,s3://cadcat/loca2/ucsd/miroc6/ssp370/r1i1p1f1/day/rsds/d03/,check_dataset,long_name.differs,INFO,10,long_name differs from the reference table display name.,Shortwave flux at the surface,rsds,zarr,zarr,4.838
LOCA2,UCSD,MIROC6,ssp370,r1i1p1f1,day,rsds,d03,s3://cadcat/loca2/ucsd/miroc6/ssp370/r1i1p1f1/day/rsds/d03/,check_dataset,grid.convention,INFO,10,"Store is on a geographic grid (['lat', 'lon', 'time']).",,geographic,zarr,zarr,4.838
LOCA2,UCSD,MIROC6,ssp370,r1i1p1f1,day,rsds,d03,s3://cadcat/loca2/ucsd/miroc6/ssp370/r1i1p1f1/day/rsds/d03/,check_dataset,crs.spatial_ref.missing,ERROR,30,LOCA2 stores should carry a spatial_ref coordinate holding the WGS84 definition.,spatial_ref,,zarr,zarr,4.838
LOCA2,UCSD,MIROC6,ssp370,r1i1p1f1,day,rsds,d03,s3://cadcat/loca2/ucsd/miroc6/ssp370/r1i1p1f1/day/rsds/d03/,check_dataset,attr.global.recommended.missing,INFO,10,Missing 2 of 6 recommended global attributes; datasets are supposed to be self-describing.,"comment, history, institution, references, source, title","comment, references",zarr,zarr,4.838
LOCA2,UCSD,MIROC6,ssp370,r1i1p1f1,day,rsds,d03,s3://cadcat/loca2/ucsd/miroc6/ssp370/r1i1p1f1/day/rsds/d03/,check_dataset,attr.global.empty,WARN,20,1 global attribute(s) are present but empty. A reader cannot tell an empty value from an unanswered question.,omit the attribute or give it a value,experiment,zarr,zarr,4.838
LOCA2,UCSD,MIROC6,ssp370,r1i1p1f1,day,rsds,d03,s3://cadcat/loca2/ucsd/miroc6/ssp370/r1i1p1f1/day/rsds/d03/,check_dataset,time.calendar,INFO,10,Calendar reported as 'proleptic_gregorian'.,,proleptic_gregorian,zarr,zarr,4.838
LOCA2,UCSD,MIROC6,ssp370,r1i1p1f1,day,rsds,d03,s3://cadcat/loca2/ucsd/miroc6/ssp370/r1i1p1f1/day/rsds/d03/,check_dataset,time.bounds.match,OK,0,Axis 2015-01-01..2100-12-31 matches the convention.,,,zarr,zarr,4.838
LOCA2,UCSD,MIROC6,ssp370,r1i1p1f1,day,rsds,d03,s3://cadcat/loca2/ucsd/miroc6/ssp370/r1i1p1f1/day/rsds/d03/,check_dataset,time.extent.match,OK,0,Time axis 2015-2100 matches the documented extent.,,,zarr,zarr,4.838
LOCA2,UCSD,MIROC6,ssp370,r1i1p1f1,day,rsds,d03,s3://cadcat/loca2/ucsd/miroc6/ssp370/r1i1p1f1/day/rsds/d03/,check_dataset,time.frequency.match,OK,0,Median step 24.00 h is consistent with 'day'.,,,zarr,zarr,4.838
LOCA2,UCSD,EC-Earth3,ssp585,r1i1p1f1,day,rsds,d03,s3://cadcat/loca2/ucsd/ec-earth3/ssp585/r1i1p1f1/day/rsds/d03/,check_dataset,store.consolidated,OK,0,Consolidated metadata (.zmetadata) present.,,,zarr,zarr,4.568
LOCA2,UCSD,EC-Earth3,ssp585,r1i1p1f1,day,rsds,d03,s3://cadcat/loca2/ucsd/ec-earth3/ssp585/r1i1p1f1/day/rsds/d03/,check_dataset,store.array.shape,INFO,10,"rsds: shape (31411, 495, 559), chunks (1952, 123, 139), dtype <f4.",,"shape=(31411, 495, 559) chunks=(1952, 123, 139) dtype=<f4",zarr,zarr,4.568
LOCA2,UCSD,EC-Earth3,ssp585,r1i1p1f1,day,rsds,d03,s3://cadcat/loca2/ucsd/ec-earth3/ssp585/r1i1p1f1/day/rsds/d03/,check_dataset,var.present,OK,0,Variable 'rsds' present as named in the catalog.,,,zarr,zarr,4.568
LOCA2,UCSD,EC-Earth3,ssp585,r1i1p1f1,day,rsds,d03,s3://cadcat/loca2/ucsd/ec-earth3/ssp585/r1i1p1f1/day/rsds/d03/,check_dataset,attr.var.standard_name.missing,INFO,10,CF-recommended attribute 'standard_name' is absent.,standard_name,,zarr,zarr,4.568
LOCA2,UCSD,EC-Earth3,ssp585,r1i1p1f1,day,rsds,d03,s3://cadcat/loca2/ucsd/ec-earth3/ssp585/r1i1p1f1/day/rsds/d03/,check_dataset,attr.var.cell_methods.missing,INFO,10,CF-recommended attribute 'cell_methods' is absent.,cell_methods,,zarr,zarr,4.568
LOCA2,UCSD,EC-Earth3,ssp585,r1i1p1f1,day,rsds,d03,s3://cadcat/loca2/ucsd/ec-earth3/ssp585/r1i1p1f1/day/rsds/d03/,check_dataset,units.match,OK,0,units 'W m-2' match the reference table.,,,zarr,zarr,4.568
LOCA2,UCSD,EC-Earth3,ssp585,r1i1p1f1,day,rsds,d03,s3://cadcat/loca2/ucsd/ec-earth3/ssp585/r1i1p1f1/day/rsds/d03/,check_dataset,long_name.differs,INFO,10,long_name differs from the reference table display name.,Shortwave flux at the surface,rsds,zarr,zarr,4.568
LOCA2,UCSD,EC-Earth3,ssp585,r1i1p1f1,day,rsds,d03,s3://cadcat/loca2/ucsd/ec-earth3/ssp585/r1i1p1f1/day/rsds/d03/,check_dataset,grid.convention,INFO,10,"Store is on a geographic grid (['lat', 'lon', 'time']).",,geographic,zarr,zarr,4.568
LOCA2,UCSD,EC-Earth3,ssp585,r1i1p1f1,day,rsds,d03,s3://cadcat/loca2/ucsd/ec-earth3/ssp585/r1i1p1f1/day/rsds/d03/,check_dataset,crs.spatial_ref.missing,ERROR,30,LOCA2 stores should carry a spatial_ref coordinate holding the WGS84 definition.,spatial_ref,,zarr,zarr,4.568
LOCA2,UCSD,EC-Earth3,ssp585,r1i1p1f1,day,rsds,d03,s3://cadcat/loca2/ucsd/ec-earth3/ssp585/r1i1p1f1/day/rsds/d03/,check_dataset,attr.global.recommended.missing,INFO,10,Missing 1 of 6 recommended global attributes; datasets are supposed to be self-describing.,"comment, history, institution, references, source, title",references,zarr,zarr,4.568
LOCA2,UCSD,EC-Earth3,ssp585,r1i1p1f1,day,rsds,d03,s3://cadcat/loca2/ucsd/ec-earth3/ssp585/r1i1p1f1/day/rsds/d03/,check_dataset,attr.global.empty,WARN,20,1 global attribute(s) are present but empty. A reader cannot tell an empty value from an unanswered question.,omit the attribute or give it a value,experiment,zarr,zarr,4.568
LOCA2,UCSD,EC-Earth3,ssp585,r1i1p1f1,day,rsds,d03,s3://cadcat/loca2/ucsd/ec-earth3/ssp585/r1i1p1f1/day/rsds/d03/,check_dataset,time.calendar,INFO,10,Calendar reported as 'proleptic_gregorian'.,,proleptic_gregorian,zarr,zarr,4.568
LOCA2,UCSD,EC-Earth3,ssp585,r1i1p1f1,day,rsds,d03,s3://cadcat/loca2/ucsd/ec-earth3/ssp585/r1i1p1f1/day/rsds/d03/,check_dataset,time.bounds.match,OK,0,Axis 2015-01-01..2100-12-31 matches the convention.,,,zarr,zarr,4.568
LOCA2,UCSD,EC-Earth3,ssp585,r1i1p1f1,day,rsds,d03,s3://cadcat/loca2/ucsd/ec-earth3/ssp585/r1i1p1f1/day/rsds/d03/,check_dataset,time.extent.match,OK,0,Time axis 2015-2100 matches the documented extent.,,,zarr,zarr,4.568
LOCA2,UCSD,EC-Earth3,ssp585,r1i1p1f1,day,rsds,d03,s3://cadcat/loca2/ucsd/ec-earth3/ssp585/r1i1p1f1/day/rsds/d03/,check_dataset,time.frequency.match,OK,0,Median step 24.00 h is consistent with 'day'.,,,zarr,zarr,4.568
LOCA2,UCSD,FGOALS-g3,historical,r5i1p1f1,day,tasmax,d03,s3://cadcat/loca2/ucsd/fgoals-g3/historical/r5i1p1f1/day/tasmax/d03/,check_dataset,store.consolidated,OK,0,Consolidated metadata (.zmetadata) present.,,,zarr,zarr,5.393
LOCA2,UCSD,FGOALS-g3,historical,r5i1p1f1,day,tasmax,d03,s3://cadcat/loca2/ucsd/fgoals-g3/historical/r5i1p1f1/day/tasmax/d03/,check_dataset,store.array.shape,INFO,10,"tasmax: shape (23741, 495, 559), chunks (1697, 132, 149), dtype <f4.",,"shape=(23741, 495, 559) chunks=(1697, 132, 149) dtype=<f4",zarr,zarr,5.393
LOCA2,UCSD,FGOALS-g3,historical,r5i1p1f1,day,tasmax,d03,s3://cadcat/loca2/ucsd/fgoals-g3/historical/r5i1p1f1/day/tasmax/d03/,check_dataset,var.present,OK,0,Variable 'tasmax' present as named in the catalog.,,,zarr,zarr,5.393
LOCA2,UCSD,FGOALS-g3,historical,r5i1p1f1,day,tasmax,d03,s3://cadcat/loca2/ucsd/fgoals-g3/historical/r5i1p1f1/day/tasmax/d03/,check_dataset,attr.var.standard_name.missing,INFO,10,CF-recommended attribute 'standard_name' is absent.,standard_name,,zarr,zarr,5.393
LOCA2,UCSD,FGOALS-g3,historical,r5i1p1f1,day,tasmax,d03,s3://cadcat/loca2/ucsd/fgoals-g3/historical/r5i1p1f1/day/tasmax/d03/,check_dataset,attr.var.cell_methods.missing,INFO,10,CF-recommended attribute 'cell_methods' is absent.,cell_methods,,zarr,zarr,5.393
LOCA2,UCSD,FGOALS-g3,historical,r5i1p1f1,day,tasmax,d03,s3://cadcat/loca2/ucsd/fgoals-g3/historical/r5i1p1f1/day/tasmax/d03/,check_dataset,units.match,OK,0,units 'K' match the reference table.,,,zarr,zarr,5.393
LOCA2,UCSD,FGOALS-g3,historical,r5i1p1f1,day,tasmax,d03,s3://cadcat/loca2/ucsd/fgoals-g3/historical/r5i1p1f1/day/tasmax/d03/,check_dataset,long_name.differs,INFO,10,long_name differs from the reference table display name.,Maximum air temperature at 2m,tasmax,zarr,zarr,5.393
LOCA2,UCSD,FGOALS-g3,historical,r5i1p1f1,day,tasmax,d03,s3://cadcat/loca2/ucsd/fgoals-g3/historical/r5i1p1f1/day/tasmax/d03/,check_dataset,grid.convention,INFO,10,"Store is on a geographic grid (['lat', 'lon', 'time']).",,geographic,zarr,zarr,5.393
LOCA2,UCSD,FGOALS-g3,historical,r5i1p1f1,day,tasmax,d03,s3://cadcat/loca2/ucsd/fgoals-g3/historical/r5i1p1f1/day/tasmax/d03/,check_dataset,crs.spatial_ref.missing,ERROR,30,LOCA2 stores should carry a spatial_ref coordinate holding the WGS84 definition.,spatial_ref,,zarr,zarr,5.393
LOCA2,UCSD,FGOALS-g3,historical,r5i1p1f1,day,tasmax,d03,s3://cadcat/loca2/ucsd/fgoals-g3/historical/r5i1p1f1/day/tasmax/d03/,check_dataset,attr.global.recommended.missing,INFO,10,Missing 2 of 6 recommended global attributes; datasets are supposed to be self-describing.,"comment, history, institution, references, source, title","comment, references",zarr,zarr,5.393
LOCA2,UCSD,FGOALS-g3,historical,r5i1p1f1,day,tasmax,d03,s3://cadcat/loca2/ucsd/fgoals-g3/historical/r5i1p1f1/day/tasmax/d03/,check_dataset,attr.global.empty,WARN,20,1 global attribute(s) are present but empty. A reader cannot tell an empty value from an unanswered question.,omit the attribute or give it a value,experiment,zarr,zarr,5.393
LOCA2,UCSD,FGOALS-g3,historical,r5i1p1f1,day,tasmax,d03,s3://cadcat/loca2/ucsd/fgoals-g3/historical/r5i1p1f1/day/tasmax/d03/,check_dataset,time.calendar,INFO,10,Calendar reported as 'proleptic_gregorian'.,,proleptic_gregorian,zarr,zarr,5.393
LOCA2,UCSD,FGOALS-g3,historical,r5i1p1f1,day,tasmax,d03,s3://cadcat/loca2/ucsd/fgoals-g3/historical/r5i1p1f1/day/tasmax/d03/,check_dataset,time.bounds.match,OK,0,Axis 1950-01-01..2014-12-31 matches the convention.,,,zarr,zarr,5.393
LOCA2,UCSD,FGOALS-g3,historical,r5i1p1f1,day,tasmax,d03,s3://cadcat/loca2/ucsd/fgoals-g3/historical/r5i1p1f1/day/tasmax/d03/,check_dataset,time.extent.match,OK,0,Time axis 1950-2014 matches the documented extent.,,,zarr,zarr,5.393
LOCA2,UCSD,FGOALS-g3,historical,r5i1p1f1,day,tasmax,d03,s3://cadcat/loca2/ucsd/fgoals-g3/historical/r5i1p1f1/day/tasmax/d03/,check_dataset,time.frequency.match,OK,0,Median step 24.00 h is consistent with 'day'.,,,zarr,zarr,5.393
LOCA2,UCSD,EC-Earth3-Veg,ssp245,r5i1p1f1,day,tasmax,d03,s3://cadcat/loca2/ucsd/ec-earth3-veg/ssp245/r5i1p1f1/day/tasmax/d03/,check_dataset,store.consolidated,OK,0,Consolidated metadata (.zmetadata) present.,,,zarr,zarr,4.535
LOCA2,UCSD,EC-Earth3-Veg,ssp245,r5i1p1f1,day,tasmax,d03,s3://cadcat/loca2/ucsd/ec-earth3-veg/ssp245/r5i1p1f1/day/tasmax/d03/,check_dataset,store.array.shape,INFO,10,"tasmax: shape (31411, 495, 559), chunks (1952, 123, 139), dtype <f4.",,"shape=(31411, 495, 559) chunks=(1952, 123, 139) dtype=<f4",zarr,zarr,4.535
LOCA2,UCSD,EC-Earth3-Veg,ssp245,r5i1p1f1,day,tasmax,d03,s3://cadcat/loca2/ucsd/ec-earth3-veg/ssp245/r5i1p1f1/day/tasmax/d03/,check_dataset,var.present,OK,0,Variable 'tasmax' present as named in the catalog.,,,zarr,zarr,4.535
LOCA2,UCSD,EC-Earth3-Veg,ssp245,r5i1p1f1,day,tasmax,d03,s3://cadcat/loca2/ucsd/ec-earth3-veg/ssp245/r5i1p1f1/day/tasmax/d03/,check_dataset,attr.var.standard_name.missing,INFO,10,CF-recommended attribute 'standard_name' is absent.,standard_name,,zarr,zarr,4.535
LOCA2,UCSD,EC-Earth3-Veg,ssp245,r5i1p1f1,day,tasmax,d03,s3://cadcat/loca2/ucsd/ec-earth3-veg/ssp245/r5i1p1f1/day/tasmax/d03/,check_dataset,attr.var.cell_methods.missing,INFO,10,CF-recommended attribute 'cell_methods' is absent.,cell_methods,,zarr,zarr,4.535
LOCA2,UCSD,EC-Earth3-Veg,ssp245,r5i1p1f1,day,tasmax,d03,s3://cadcat/loca2/ucsd/ec-earth3-veg/ssp245/r5i1p1f1/day/tasmax/d03/,check_dataset,units.match,OK,0,units 'K' match the reference table.,,,zarr,zarr,4.535
LOCA2,UCSD,EC-Earth3-Veg,ssp245,r5i1p1f1,day,tasmax,d03,s3://cadcat/loca2/ucsd/ec-earth3-veg/ssp245/r5i1p1f1/day/tasmax/d03/,check_dataset,long_name.differs,INFO,10,long_name differs from the reference table display name.,Maximum air temperature at 2m,tasmax,zarr,zarr,4.535
LOCA2,UCSD,EC-Earth3-Veg,ssp245,r5i1p1f1,day,tasmax,d03,s3://cadcat/loca2/ucsd/ec-earth3-veg/ssp245/r5i1p1f1/day/tasmax/d03/,check_dataset,grid.convention,INFO,10,"Store is on a geographic grid (['lat', 'lon', 'time']).",,geographic,zarr,zarr,4.535
LOCA2,UCSD,EC-Earth3-Veg,ssp245,r5i1p1f1,day,tasmax,d03,s3://cadcat/loca2/ucsd/ec-earth3-veg/ssp245/r5i1p1f1/day/tasmax/d03/,check_dataset,crs.spatial_ref.missing,ERROR,30,LOCA2 stores should carry a spatial_ref coordinate holding the WGS84 definition.,spatial_ref,,zarr,zarr,4.535
LOCA2,UCSD,EC-Earth3-Veg,ssp245,r5i1p1f1,day,tasmax,d03,s3://cadcat/loca2/ucsd/ec-earth3-veg/ssp245/r5i1p1f1/day/tasmax/d03/,check_dataset,attr.global.recommended.missing,INFO,10,Missing 2 of 6 recommended global attributes; datasets are supposed to be self-describing.,"comment, history, institution, references, source, title","comment, references",zarr,zarr,4.535
LOCA2,UCSD,EC-Earth3-Veg,ssp245,r5i1p1f1,day,tasmax,d03,s3://cadcat/loca2/ucsd/ec-earth3-veg/ssp245/r5i1p1f1/day/tasmax/d03/,check_dataset,attr.global.empty,WARN,20,1 global attribute(s) are present but empty. A reader cannot tell an empty value from an unanswered question.,omit the attribute or give it a value,experiment,zarr,zarr,4.535
LOCA2,UCSD,EC-Earth3-Veg,ssp245,r5i1p1f1,day,tasmax,d03,s3://cadcat/loca2/ucsd/ec-earth3-veg/ssp245/r5i1p1f1/day/tasmax/d03/,check_dataset,time.calendar,INFO,10,Calendar reported as 'proleptic_gregorian'.,,proleptic_gregorian,zarr,zarr,4.535
LOCA2,UCSD,EC-Earth3-Veg,ssp245,r5i1p1f1,day,tasmax,d03,s3://cadcat/loca2/ucsd/ec-earth3-veg/ssp245/r5i1p1f1/day/tasmax/d03/,check_dataset,time.bounds.match,OK,0,Axis 2015-01-01..2100-12-31 matches the convention.,,,zarr,zarr,4.535
LOCA2,UCSD,EC-Earth3-Veg,ssp245,r5i1p1f1,day,tasmax,d03,s3://cadcat/loca2/ucsd/ec-earth3-veg/ssp245/r5i1p1f1/day/tasmax/d03/,check_dataset,time.extent.match,OK,0,Time axis 2015-2100 matches the documented extent.,,,zarr,zarr,4.535
LOCA2,UCSD,EC-Earth3-Veg,ssp245,r5i1p1f1,day,tasmax,d03,s3://cadcat/loca2/ucsd/ec-earth3-veg/ssp245/r5i1p1f1/day/tasmax/d03/,check_dataset,time.frequency.match,OK,0,Median step 24.00 h is consistent with 'day'.,,,zarr,zarr,4.535
LOCA2,UCSD,IPSL-CM6A-LR,ssp370,r10i1p1f1,day,tasmax,d03,s3://cadcat/loca2/ucsd/ipsl-cm6a-lr/ssp370/r10i1p1f1/day/tasmax/d03/,check_dataset,store.consolidated,OK,0,Consolidated metadata (.zmetadata) present.,,,zarr,zarr,4.833
LOCA2,UCSD,IPSL-CM6A-LR,ssp370,r10i1p1f1,day,tasmax,d03,s3://cadcat/loca2/ucsd/ipsl-cm6a-lr/ssp370/r10i1p1f1/day/tasmax/d03/,check_dataset,store.array.shape,INFO,10,"tasmax: shape (31411, 495, 559), chunks (1952, 123, 139), dtype <f4.",,"shape=(31411, 495, 559) chunks=(1952, 123, 139) dtype=<f4",zarr,zarr,4.833
LOCA2,UCSD,IPSL-CM6A-LR,ssp370,r10i1p1f1,day,tasmax,d03,s3://cadcat/loca2/ucsd/ipsl-cm6a-lr/ssp370/r10i1p1f1/day/tasmax/d03/,check_dataset,var.present,OK,0,Variable 'tasmax' present as named in the catalog.,,,zarr,zarr,4.833
LOCA2,UCSD,IPSL-CM6A-LR,ssp370,r10i1p1f1,day,tasmax,d03,s3://cadcat/loca2/ucsd/ipsl-cm6a-lr/ssp370/r10i1p1f1/day/tasmax/d03/,check_dataset,attr.var.standard_name.missing,INFO,10,CF-recommended attribute 'standard_name' is absent.,standard_name,,zarr,zarr,4.833
LOCA2,UCSD,IPSL-CM6A-LR,ssp370,r10i1p1f1,day,tasmax,d03,s3://cadcat/loca2/ucsd/ipsl-cm6a-lr/ssp370/r10i1p1f1/day/tasmax/d03/,check_dataset,attr.var.cell_methods.missing,INFO,10,CF-recommended attribute 'cell_methods' is absent.,cell_methods,,zarr,zarr,4.833
LOCA2,UCSD,IPSL-CM6A-LR,ssp370,r10i1p1f1,day,tasmax,d03,s3://cadcat/loca2/ucsd/ipsl-cm6a-lr/ssp370/r10i1p1f1/day/tasmax/d03/,check_dataset,units.match,OK,0,units 'K' match the reference table.,,,zarr,zarr,4.833
LOCA2,UCSD,IPSL-CM6A-LR,ssp370,r10i1p1f1,day,tasmax,d03,s3://cadcat/loca2/ucsd/ipsl-cm6a-lr/ssp370/r10i1p1f1/day/tasmax/d03/,check_dataset,long_name.differs,INFO,10,long_name differs from the reference table display name.,Maximum air temperature at 2m,tasmax,zarr,zarr,4.833
LOCA2,UCSD,IPSL-CM6A-LR,ssp370,r10i1p1f1,day,tasmax,d03,s3://cadcat/loca2/ucsd/ipsl-cm6a-lr/ssp370/r10i1p1f1/day/tasmax/d03/,check_dataset,grid.convention,INFO,10,"Store is on a geographic grid (['lat', 'lon', 'time']).",,geographic,zarr,zarr,4.833
LOCA2,UCSD,IPSL-CM6A-LR,ssp370,r10i1p1f1,day,tasmax,d03,s3://cadcat/loca2/ucsd/ipsl-cm6a-lr/ssp370/r10i1p1f1/day/tasmax/d03/,check_dataset,crs.spatial_ref.missing,ERROR,30,LOCA2 stores should carry a spatial_ref coordinate holding the WGS84 definition.,spatial_ref,,zarr,zarr,4.833
LOCA2,UCSD,IPSL-CM6A-LR,ssp370,r10i1p1f1,day,tasmax,d03,s3://cadcat/loca2/ucsd/ipsl-cm6a-lr/ssp370/r10i1p1f1/day/tasmax/d03/,check_dataset,attr.global.recommended.missing,INFO,10,Missing 2 of 6 recommended global attributes; datasets are supposed to be self-describing.,"comment, history, institution, references, source, title","comment, references",zarr,zarr,4.833
LOCA2,UCSD,IPSL-CM6A-LR,ssp370,r10i1p1f1,day,tasmax,d03,s3://cadcat/loca2/ucsd/ipsl-cm6a-lr/ssp370/r10i1p1f1/day/tasmax/d03/,check_dataset,attr.global.empty,WARN,20,1 global attribute(s) are present but empty. A reader cannot tell an empty value from an unanswered question.,omit the attribute or give it a value,experiment,zarr,zarr,4.833
LOCA2,UCSD,IPSL-CM6A-LR,ssp370,r10i1p1f1,day,tasmax,d03,s3://cadcat/loca2/ucsd/ipsl-cm6a-lr/ssp370/r10i1p1f1/day/tasmax/d03/,check_dataset,time.calendar,INFO,10,Calendar reported as 'proleptic_gregorian'.,,proleptic_gregorian,zarr,zarr,4.833
LOCA2,UCSD,IPSL-CM6A-LR,ssp370,r10i1p1f1,day,tasmax,d03,s3://cadcat/loca2/ucsd/ipsl-cm6a-lr/ssp370/r10i1p1f1/day/tasmax/d03/,check_dataset,time.bounds.match,OK,0,Axis 2015-01-01..2100-12-31 matches the convention.,,,zarr,zarr,4.833
LOCA2,UCSD,IPSL-CM6A-LR,ssp370,r10i1p1f1,day,tasmax,d03,s3://cadcat/loca2/ucsd/ipsl-cm6a-lr/ssp370/r10i1p1f1/day/tasmax/d03/,check_dataset,time.extent.match,OK,0,Time axis 2015-2100 matches the documented extent.,,,zarr,zarr,4.833
LOCA2,UCSD,IPSL-CM6A-LR,ssp370,r10i1p1f1,day,tasmax,d03,s3://cadcat/loca2/ucsd/ipsl-cm6a-lr/ssp370/r10i1p1f1/day/tasmax/d03/,check_dataset,time.frequency.match,OK,0,Median step 24.00 h is consistent with 'day'.,,,zarr,zarr,4.833
LOCA2,UCSD,FGOALS-g3,ssp585,r1i1p1f1,day,tasmax,d03,s3://cadcat/loca2/ucsd/fgoals-g3/ssp585/r1i1p1f1/day/tasmax/d03/,check_dataset,store.consolidated,OK,0,Consolidated metadata (.zmetadata) present.,,,zarr,zarr,5.085
LOCA2,UCSD,FGOALS-g3,ssp585,r1i1p1f1,day,tasmax,d03,s3://cadcat/loca2/ucsd/fgoals-g3/ssp585/r1i1p1f1/day/tasmax/d03/,check_dataset,store.array.shape,INFO,10,"tasmax: shape (31411, 495, 559), chunks (1952, 123, 139), dtype <f4.",,"shape=(31411, 495, 559) chunks=(1952, 123, 139) dtype=<f4",zarr,zarr,5.085
LOCA2,UCSD,FGOALS-g3,ssp585,r1i1p1f1,day,tasmax,d03,s3://cadcat/loca2/ucsd/fgoals-g3/ssp585/r1i1p1f1/day/tasmax/d03/,check_dataset,var.present,OK,0,Variable 'tasmax' present as named in the catalog.,,,zarr,zarr,5.085
LOCA2,UCSD,FGOALS-g3,ssp585,r1i1p1f1,day,tasmax,d03,s3://cadcat/loca2/ucsd/fgoals-g3/ssp585/r1i1p1f1/day/tasmax/d03/,check_dataset,attr.var.standard_name.missing,INFO,10,CF-recommended attribute 'standard_name' is absent.,standard_name,,zarr,zarr,5.085
LOCA2,UCSD,FGOALS-g3,ssp585,r1i1p1f1,day,tasmax,d03,s3://cadcat/loca2/ucsd/fgoals-g3/ssp585/r1i1p1f1/day/tasmax/d03/,check_dataset,attr.var.cell_methods.missing,INFO,10,CF-recommended attribute 'cell_methods' is absent.,cell_methods,,zarr,zarr,5.085
LOCA2,UCSD,FGOALS-g3,ssp585,r1i1p1f1,day,tasmax,d03,s3://cadcat/loca2/ucsd/fgoals-g3/ssp585/r1i1p1f1/day/tasmax/d03/,check_dataset,units.match,OK,0,units 'K' match the reference table.,,,zarr,zarr,5.085
LOCA2,UCSD,FGOALS-g3,ssp585,r1i1p1f1,day,tasmax,d03,s3://cadcat/loca2/ucsd/fgoals-g3/ssp585/r1i1p1f1/day/tasmax/d03/,check_dataset,long_name.differs,INFO,10,long_name differs from the reference table display name.,Maximum air temperature at 2m,tasmax,zarr,zarr,5.085
LOCA2,UCSD,FGOALS-g3,ssp585,r1i1p1f1,day,tasmax,d03,s3://cadcat/loca2/ucsd/fgoals-g3/ssp585/r1i1p1f1/day/tasmax/d03/,check_dataset,grid.convention,INFO,10,"Store is on a geographic grid (['lat', 'lon', 'time']).",,geographic,zarr,zarr,5.085
LOCA2,UCSD,FGOALS-g3,ssp585,r1i1p1f1,day,tasmax,d03,s3://cadcat/loca2/ucsd/fgoals-g3/ssp585/r1i1p1f1/day/tasmax/d03/,check_dataset,crs.spatial_ref.missing,ERROR,30,LOCA2 stores should carry a spatial_ref coordinate holding the WGS84 definition.,spatial_ref,,zarr,zarr,5.085
LOCA2,UCSD,FGOALS-g3,ssp585,r1i1p1f1,day,tasmax,d03,s3://cadcat/loca2/ucsd/fgoals-g3/ssp585/r1i1p1f1/day/tasmax/d03/,check_dataset,attr.global.recommended.missing,INFO,10,Missing 2 of 6 recommended global attributes; datasets are supposed to be self-describing.,"comment, history, institution, references, source, title","comment, references",zarr,zarr,5.085
LOCA2,UCSD,FGOALS-g3,ssp585,r1i1p1f1,day,tasmax,d03,s3://cadcat/loca2/ucsd/fgoals-g3/ssp585/r1i1p1f1/day/tasmax/d03/,check_dataset,attr.global.empty,WARN,20,1 global attribute(s) are present but empty. A reader cannot tell an empty value from an unanswered question.,omit the attribute or give it a value,experiment,zarr,zarr,5.085
LOCA2,UCSD,FGOALS-g3,ssp585,r1i1p1f1,day,tasmax,d03,s3://cadcat/loca2/ucsd/fgoals-g3/ssp585/r1i1p1f1/day/tasmax/d03/,check_dataset,time.calendar,INFO,10,Calendar reported as 'proleptic_gregorian'.,,proleptic_gregorian,zarr,zarr,5.085
LOCA2,UCSD,FGOALS-g3,ssp585,r1i1p1f1,day,tasmax,d03,s3://cadcat/loca2/ucsd/fgoals-g3/ssp585/r1i1p1f1/day/tasmax/d03/,check_dataset,time.bounds.match,OK,0,Axis 2015-01-01..2100-12-31 matches the convention.,,,zarr,zarr,5.085
LOCA2,UCSD,FGOALS-g3,ssp585,r1i1p1f1,day,tasmax,d03,s3://cadcat/loca2/ucsd/fgoals-g3/ssp585/r1i1p1f1/day/tasmax/d03/,check_dataset,time.extent.match,OK,0,Time axis 2015-2100 matches the documented extent.,,,zarr,zarr,5.085
LOCA2,UCSD,FGOALS-g3,ssp585,r1i1p1f1,day,tasmax,d03,s3://cadcat/loca2/ucsd/fgoals-g3/ssp585/r1i1p1f1/day/tasmax/d03/,check_dataset,time.frequency.match,OK,0,Median step 24.00 h is consistent with 'day'.,,,zarr,zarr,5.085
LOCA2,UCSD,FGOALS-g3,historical,r5i1p1f1,day,tasmin,d03,s3://cadcat/loca2/ucsd/fgoals-g3/historical/r5i1p1f1/day/tasmin/d03/,check_dataset,store.consolidated,OK,0,Consolidated metadata (.zmetadata) present.,,,zarr,zarr,4.71
LOCA2,UCSD,FGOALS-g3,historical,r5i1p1f1,day,tasmin,d03,s3://cadcat/loca2/ucsd/fgoals-g3/historical/r5i1p1f1/day/tasmin/d03/,check_dataset,store.array.shape,INFO,10,"tasmin: shape (23741, 495, 559), chunks (1697, 132, 149), dtype <f4.",,"shape=(23741, 495, 559) chunks=(1697, 132, 149) dtype=<f4",zarr,zarr,4.71
LOCA2,UCSD,FGOALS-g3,historical,r5i1p1f1,day,tasmin,d03,s3://cadcat/loca2/ucsd/fgoals-g3/historical/r5i1p1f1/day/tasmin/d03/,check_dataset,var.present,OK,0,Variable 'tasmin' present as named in the catalog.,,,zarr,zarr,4.71
LOCA2,UCSD,FGOALS-g3,historical,r5i1p1f1,day,tasmin,d03,s3://cadcat/loca2/ucsd/fgoals-g3/historical/r5i1p1f1/day/tasmin/d03/,check_dataset,attr.var.standard_name.missing,INFO,10,CF-recommended attribute 'standard_name' is absent.,standard_name,,zarr,zarr,4.71
LOCA2,UCSD,FGOALS-g3,historical,r5i1p1f1,day,tasmin,d03,s3://cadcat/loca2/ucsd/fgoals-g3/historical/r5i1p1f1/day/tasmin/d03/,check_dataset,attr.var.cell_methods.missing,INFO,10,CF-recommended attribute 'cell_methods' is absent.,cell_methods,,zarr,zarr,4.71
LOCA2,UCSD,FGOALS-g3,historical,r5i1p1f1,day,tasmin,d03,s3://cadcat/loca2/ucsd/fgoals-g3/historical/r5i1p1f1/day/tasmin/d03/,check_dataset,units.match,OK,0,units 'K' match the reference table.,,,zarr,zarr,4.71
LOCA2,UCSD,FGOALS-g3,historical,r5i1p1f1,day,tasmin,d03,s3://cadcat/loca2/ucsd/fgoals-g3/historical/r5i1p1f1/day/tasmin/d03/,check_dataset,long_name.differs,INFO,10,long_name differs from the reference table display name.,Minimum air temperature at 2m,tasmin,zarr,zarr,4.71
LOCA2,UCSD,FGOALS-g3,historical,r5i1p1f1,day,tasmin,d03,s3://cadcat/loca2/ucsd/fgoals-g3/historical/r5i1p1f1/day/tasmin/d03/,check_dataset,grid.convention,INFO,10,"Store is on a geographic grid (['lat', 'lon', 'time']).",,geographic,zarr,zarr,4.71
LOCA2,UCSD,FGOALS-g3,historical,r5i1p1f1,day,tasmin,d03,s3://cadcat/loca2/ucsd/fgoals-g3/historical/r5i1p1f1/day/tasmin/d03/,check_dataset,crs.spatial_ref.missing,ERROR,30,LOCA2 stores should carry a spatial_ref coordinate holding the WGS84 definition.,spatial_ref,,zarr,zarr,4.71
LOCA2,UCSD,FGOALS-g3,historical,r5i1p1f1,day,tasmin,d03,s3://cadcat/loca2/ucsd/fgoals-g3/historical/r5i1p1f1/day/tasmin/d03/,check_dataset,attr.global.recommended.missing,INFO,10,Missing 2 of 6 recommended global attributes; datasets are supposed to be self-describing.,"comment, history, institution, references, source, title","comment, references",zarr,zarr,4.71
LOCA2,UCSD,FGOALS-g3,historical,r5i1p1f1,day,tasmin,d03,s3://cadcat/loca2/ucsd/fgoals-g3/historical/r5i1p1f1/day/tasmin/d03/,check_dataset,time.calendar,INFO,10,Calendar reported as 'proleptic_gregorian'.,,proleptic_gregorian,zarr,zarr,4.71
LOCA2,UCSD,FGOALS-g3,historical,r5i1p1f1,day,tasmin,d03,s3://cadcat/loca2/ucsd/fgoals-g3/historical/r5i1p1f1/day/tasmin/d03/,check_dataset,time.bounds.match,OK,0,Axis 1950-01-01..2014-12-31 matches the convention.,,,zarr,zarr,4.71
LOCA2,UCSD,FGOALS-g3,historical,r5i1p1f1,day,tasmin,d03,s3://cadcat/loca2/ucsd/fgoals-g3/historical/r5i1p1f1/day/tasmin/d03/,check_dataset,time.extent.match,OK,0,Time axis 1950-2014 matches the documented extent.,,,zarr,zarr,4.71
LOCA2,UCSD,FGOALS-g3,historical,r5i1p1f1,day,tasmin,d03,s3://cadcat/loca2/ucsd/fgoals-g3/historical/r5i1p1f1/day/tasmin/d03/,check_dataset,time.frequency.match,OK,0,Median step 24.00 h is consistent with 'day'.,,,zarr,zarr,4.71
LOCA2,UCSD,EC-Earth3-Veg,ssp245,r5i1p1f1,day,tasmin,d03,s3://cadcat/loca2/ucsd/ec-earth3-veg/ssp245/r5i1p1f1/day/tasmin/d03/,check_dataset,store.consolidated,OK,0,Consolidated metadata (.zmetadata) present.,,,zarr,zarr,4.835
LOCA2,UCSD,EC-Earth3-Veg,ssp245,r5i1p1f1,day,tasmin,d03,s3://cadcat/loca2/ucsd/ec-earth3-veg/ssp245/r5i1p1f1/day/tasmin/d03/,check_dataset,store.array.shape,INFO,10,"tasmin: shape (31411, 495, 559), chunks (1952, 123, 139), dtype <f4.",,"shape=(31411, 495, 559) chunks=(1952, 123, 139) dtype=<f4",zarr,zarr,4.835
LOCA2,UCSD,EC-Earth3-Veg,ssp245,r5i1p1f1,day,tasmin,d03,s3://cadcat/loca2/ucsd/ec-earth3-veg/ssp245/r5i1p1f1/day/tasmin/d03/,check_dataset,var.present,OK,0,Variable 'tasmin' present as named in the catalog.,,,zarr,zarr,4.835
LOCA2,UCSD,EC-Earth3-Veg,ssp245,r5i1p1f1,day,tasmin,d03,s3://cadcat/loca2/ucsd/ec-earth3-veg/ssp245/r5i1p1f1/day/tasmin/d03/,check_dataset,attr.var.standard_name.missing,INFO,10,CF-recommended attribute 'standard_name' is absent.,standard_name,,zarr,zarr,4.835
LOCA2,UCSD,EC-Earth3-Veg,ssp245,r5i1p1f1,day,tasmin,d03,s3://cadcat/loca2/ucsd/ec-earth3-veg/ssp245/r5i1p1f1/day/tasmin/d03/,check_dataset,attr.var.cell_methods.missing,INFO,10,CF-recommended attribute 'cell_methods' is absent.,cell_methods,,zarr,zarr,4.835
LOCA2,UCSD,EC-Earth3-Veg,ssp245,r5i1p1f1,day,tasmin,d03,s3://cadcat/loca2/ucsd/ec-earth3-veg/ssp245/r5i1p1f1/day/tasmin/d03/,check_dataset,units.match,OK,0,units 'K' match the reference table.,,,zarr,zarr,4.835
LOCA2,UCSD,EC-Earth3-Veg,ssp245,r5i1p1f1,day,tasmin,d03,s3://cadcat/loca2/ucsd/ec-earth3-veg/ssp245/r5i1p1f1/day/tasmin/d03/,check_dataset,long_name.differs,INFO,10,long_name differs from the reference table display name.,Minimum air temperature at 2m,tasmin,zarr,zarr,4.835
LOCA2,UCSD,EC-Earth3-Veg,ssp245,r5i1p1f1,day,tasmin,d03,s3://cadcat/loca2/ucsd/ec-earth3-veg/ssp245/r5i1p1f1/day/tasmin/d03/,check_dataset,grid.convention,INFO,10,"Store is on a geographic grid (['lat', 'lon', 'time']).",,geographic,zarr,zarr,4.835
LOCA2,UCSD,EC-Earth3-Veg,ssp245,r5i1p1f1,day,tasmin,d03,s3://cadcat/loca2/ucsd/ec-earth3-veg/ssp245/r5i1p1f1/day/tasmin/d03/,check_dataset,crs.spatial_ref.missing,ERROR,30,LOCA2 stores should carry a spatial_ref coordinate holding the WGS84 definition.,spatial_ref,,zarr,zarr,4.835
LOCA2,UCSD,EC-Earth3-Veg,ssp245,r5i1p1f1,day,tasmin,d03,s3://cadcat/loca2/ucsd/ec-earth3-veg/ssp245/r5i1p1f1/day/tasmin/d03/,check_dataset,attr.global.recommended.missing,INFO,10,Missing 2 of 6 recommended global attributes; datasets are supposed to be self-describing.,"comment, history, institution, references, source, title","comment, references",zarr,zarr,4.835
LOCA2,UCSD,EC-Earth3-Veg,ssp245,r5i1p1f1,day,tasmin,d03,s3://cadcat/loca2/ucsd/ec-earth3-veg/ssp245/r5i1p1f1/day/tasmin/d03/,check_dataset,time.calendar,INFO,10,Calendar reported as 'proleptic_gregorian'.,,proleptic_gregorian,zarr,zarr,4.835
LOCA2,UCSD,EC-Earth3-Veg,ssp245,r5i1p1f1,day,tasmin,d03,s3://cadcat/loca2/ucsd/ec-earth3-veg/ssp245/r5i1p1f1/day/tasmin/d03/,check_dataset,time.bounds.match,OK,0,Axis 2015-01-01..2100-12-31 matches the convention.,,,zarr,zarr,4.835
LOCA2,UCSD,EC-Earth3-Veg,ssp245,r5i1p1f1,day,tasmin,d03,s3://cadcat/loca2/ucsd/ec-earth3-veg/ssp245/r5i1p1f1/day/tasmin/d03/,check_dataset,time.extent.match,OK,0,Time axis 2015-2100 matches the documented extent.,,,zarr,zarr,4.835
LOCA2,UCSD,EC-Earth3-Veg,ssp245,r5i1p1f1,day,tasmin,d03,s3://cadcat/loca2/ucsd/ec-earth3-veg/ssp245/r5i1p1f1/day/tasmin/d03/,check_dataset,time.frequency.match,OK,0,Median step 24.00 h is consistent with 'day'.,,,zarr,zarr,4.835
LOCA2,UCSD,IPSL-CM6A-LR,ssp370,r10i1p1f1,day,tasmin,d03,s3://cadcat/loca2/ucsd/ipsl-cm6a-lr/ssp370/r10i1p1f1/day/tasmin/d03/,check_dataset,store.consolidated,OK,0,Consolidated metadata (.zmetadata) present.,,,zarr,zarr,5.437
LOCA2,UCSD,IPSL-CM6A-LR,ssp370,r10i1p1f1,day,tasmin,d03,s3://cadcat/loca2/ucsd/ipsl-cm6a-lr/ssp370/r10i1p1f1/day/tasmin/d03/,check_dataset,store.array.shape,INFO,10,"tasmin: shape (31411, 495, 559), chunks (1952, 123, 139), dtype <f4.",,"shape=(31411, 495, 559) chunks=(1952, 123, 139) dtype=<f4",zarr,zarr,5.437
LOCA2,UCSD,IPSL-CM6A-LR,ssp370,r10i1p1f1,day,tasmin,d03,s3://cadcat/loca2/ucsd/ipsl-cm6a-lr/ssp370/r10i1p1f1/day/tasmin/d03/,check_dataset,var.present,OK,0,Variable 'tasmin' present as named in the catalog.,,,zarr,zarr,5.437
LOCA2,UCSD,IPSL-CM6A-LR,ssp370,r10i1p1f1,day,tasmin,d03,s3://cadcat/loca2/ucsd/ipsl-cm6a-lr/ssp370/r10i1p1f1/day/tasmin/d03/,check_dataset,attr.var.standard_name.missing,INFO,10,CF-recommended attribute 'standard_name' is absent.,standard_name,,zarr,zarr,5.437
LOCA2,UCSD,IPSL-CM6A-LR,ssp370,r10i1p1f1,day,tasmin,d03,s3://cadcat/loca2/ucsd/ipsl-cm6a-lr/ssp370/r10i1p1f1/day/tasmin/d03/,check_dataset,attr.var.cell_methods.missing,INFO,10,CF-recommended attribute 'cell_methods' is absent.,cell_methods,,zarr,zarr,5.437
LOCA2,UCSD,IPSL-CM6A-LR,ssp370,r10i1p1f1,day,tasmin,d03,s3://cadcat/loca2/ucsd/ipsl-cm6a-lr/ssp370/r10i1p1f1/day/tasmin/d03/,check_dataset,units.match,OK,0,units 'K' match the reference table.,,,zarr,zarr,5.437
LOCA2,UCSD,IPSL-CM6A-LR,ssp370,r10i1p1f1,day,tasmin,d03,s3://cadcat/loca2/ucsd/ipsl-cm6a-lr/ssp370/r10i1p1f1/day/tasmin/d03/,check_dataset,long_name.differs,INFO,10,long_name differs from the reference table display name.,Minimum air temperature at 2m,tasmin,zarr,zarr,5.437
LOCA2,UCSD,IPSL-CM6A-LR,ssp370,r10i1p1f1,day,tasmin,d03,s3://cadcat/loca2/ucsd/ipsl-cm6a-lr/ssp370/r10i1p1f1/day/tasmin/d03/,check_dataset,grid.convention,INFO,10,"Store is on a geographic grid (['lat', 'lon', 'time']).",,geographic,zarr,zarr,5.437
LOCA2,UCSD,IPSL-CM6A-LR,ssp370,r10i1p1f1,day,tasmin,d03,s3://cadcat/loca2/ucsd/ipsl-cm6a-lr/ssp370/r10i1p1f1/day/tasmin/d03/,check_dataset,crs.spatial_ref.missing,ERROR,30,LOCA2 stores should carry a spatial_ref coordinate holding the WGS84 definition.,spatial_ref,,zarr,zarr,5.437
LOCA2,UCSD,IPSL-CM6A-LR,ssp370,r10i1p1f1,day,tasmin,d03,s3://cadcat/loca2/ucsd/ipsl-cm6a-lr/ssp370/r10i1p1f1/day/tasmin/d03/,check_dataset,attr.global.recommended.missing,INFO,10,Missing 2 of 6 recommended global attributes; datasets are supposed to be self-describing.,"comment, history, institution, references, source, title","comment, references",zarr,zarr,5.437
LOCA2,UCSD,IPSL-CM6A-LR,ssp370,r10i1p1f1,day,tasmin,d03,s3://cadcat/loca2/ucsd/ipsl-cm6a-lr/ssp370/r10i1p1f1/day/tasmin/d03/,check_dataset,time.calendar,INFO,10,Calendar reported as 'proleptic_gregorian'.,,proleptic_gregorian,zarr,zarr,5.437
LOCA2,UCSD,IPSL-CM6A-LR,ssp370,r10i1p1f1,day,tasmin,d03,s3://cadcat/loca2/ucsd/ipsl-cm6a-lr/ssp370/r10i1p1f1/day/tasmin/d03/,check_dataset,time.bounds.match,OK,0,Axis 2015-01-01..2100-12-31 matches the convention.,,,zarr,zarr,5.437
LOCA2,UCSD,IPSL-CM6A-LR,ssp370,r10i1p1f1,day,tasmin,d03,s3://cadcat/loca2/ucsd/ipsl-cm6a-lr/ssp370/r10i1p1f1/day/tasmin/d03/,check_dataset,time.extent.match,OK,0,Time axis 2015-2100 matches the documented extent.,,,zarr,zarr,5.437
LOCA2,UCSD,IPSL-CM6A-LR,ssp370,r10i1p1f1,day,tasmin,d03,s3://cadcat/loca2/ucsd/ipsl-cm6a-lr/ssp370/r10i1p1f1/day/tasmin/d03/,check_dataset,time.frequency.match,OK,0,Median step 24.00 h is consistent with 'day'.,,,zarr,zarr,5.437
LOCA2,UCSD,FGOALS-g3,ssp585,r1i1p1f1,day,tasmin,d03,s3://cadcat/loca2/ucsd/fgoals-g3/ssp585/r1i1p1f1/day/tasmin/d03/,check_dataset,store.consolidated,OK,0,Consolidated metadata (.zmetadata) present.,,,zarr,zarr,4.833
LOCA2,UCSD,FGOALS-g3,ssp585,r1i1p1f1,day,tasmin,d03,s3://cadcat/loca2/ucsd/fgoals-g3/ssp585/r1i1p1f1/day/tasmin/d03/,check_dataset,store.array.shape,INFO,10,"tasmin: shape (31411, 495, 559), chunks (1952, 123, 139), dtype <f4.",,"shape=(31411, 495, 559) chunks=(1952, 123, 139) dtype=<f4",zarr,zarr,4.833
LOCA2,UCSD,FGOALS-g3,ssp585,r1i1p1f1,day,tasmin,d03,s3://cadcat/loca2/ucsd/fgoals-g3/ssp585/r1i1p1f1/day/tasmin/d03/,check_dataset,var.present,OK,0,Variable 'tasmin' present as named in the catalog.,,,zarr,zarr,4.833
LOCA2,UCSD,FGOALS-g3,ssp585,r1i1p1f1,day,tasmin,d03,s3://cadcat/loca2/ucsd/fgoals-g3/ssp585/r1i1p1f1/day/tasmin/d03/,check_dataset,attr.var.standard_name.missing,INFO,10,CF-recommended attribute 'standard_name' is absent.,standard_name,,zarr,zarr,4.833
LOCA2,UCSD,FGOALS-g3,ssp585,r1i1p1f1,day,tasmin,d03,s3://cadcat/loca2/ucsd/fgoals-g3/ssp585/r1i1p1f1/day/tasmin/d03/,check_dataset,attr.var.cell_methods.missing,INFO,10,CF-recommended attribute 'cell_methods' is absent.,cell_methods,,zarr,zarr,4.833
LOCA2,UCSD,FGOALS-g3,ssp585,r1i1p1f1,day,tasmin,d03,s3://cadcat/loca2/ucsd/fgoals-g3/ssp585/r1i1p1f1/day/tasmin/d03/,check_dataset,units.match,OK,0,units 'K' match the reference table.,,,zarr,zarr,4.833
LOCA2,UCSD,FGOALS-g3,ssp585,r1i1p1f1,day,tasmin,d03,s3://cadcat/loca2/ucsd/fgoals-g3/ssp585/r1i1p1f1/day/tasmin/d03/,check_dataset,long_name.differs,INFO,10,long_name differs from the reference table display name.,Minimum air temperature at 2m,tasmin,zarr,zarr,4.833
LOCA2,UCSD,FGOALS-g3,ssp585,r1i1p1f1,day,tasmin,d03,s3://cadcat/loca2/ucsd/fgoals-g3/ssp585/r1i1p1f1/day/tasmin/d03/,check_dataset,grid.convention,INFO,10,"Store is on a geographic grid (['lat', 'lon', 'time']).",,geographic,zarr,zarr,4.833
LOCA2,UCSD,FGOALS-g3,ssp585,r1i1p1f1,day,tasmin,d03,s3://cadcat/loca2/ucsd/fgoals-g3/ssp585/r1i1p1f1/day/tasmin/d03/,check_dataset,crs.spatial_ref.missing,ERROR,30,LOCA2 stores should carry a spatial_ref coordinate holding the WGS84 definition.,spatial_ref,,zarr,zarr,4.833
LOCA2,UCSD,FGOALS-g3,ssp585,r1i1p1f1,day,tasmin,d03,s3://cadcat/loca2/ucsd/fgoals-g3/ssp585/r1i1p1f1/day/tasmin/d03/,check_dataset,attr.global.recommended.missing,INFO,10,Missing 2 of 6 recommended global attributes; datasets are supposed to be self-describing.,"comment, history, institution, references, source, title","comment, references",zarr,zarr,4.833
LOCA2,UCSD,FGOALS-g3,ssp585,r1i1p1f1,day,tasmin,d03,s3://cadcat/loca2/ucsd/fgoals-g3/ssp585/r1i1p1f1/day/tasmin/d03/,check_dataset,time.calendar,INFO,10,Calendar reported as 'proleptic_gregorian'.,,proleptic_gregorian,zarr,zarr,4.833
LOCA2,UCSD,FGOALS-g3,ssp585,r1i1p1f1,day,tasmin,d03,s3://cadcat/loca2/ucsd/fgoals-g3/ssp585/r1i1p1f1/day/tasmin/d03/,check_dataset,time.bounds.match,OK,0,Axis 2015-01-01..2100-12-31 matches the convention.,,,zarr,zarr,4.833
LOCA2,UCSD,FGOALS-g3,ssp585,r1i1p1f1,day,tasmin,d03,s3://cadcat/loca2/ucsd/fgoals-g3/ssp585/r1i1p1f1/day/tasmin/d03/,check_dataset,time.extent.match,OK,0,Time axis 2015-2100 matches the documented extent.,,,zarr,zarr,4.833
LOCA2,UCSD,FGOALS-g3,ssp585,r1i1p1f1,day,tasmin,d03,s3://cadcat/loca2/ucsd/fgoals-g3/ssp585/r1i1p1f1/day/tasmin/d03/,check_dataset,time.frequency.match,OK,0,Median step 24.00 h is consistent with 'day'.,,,zarr,zarr,4.833
LOCA2,UCSD,IPSL-CM6A-LR,historical,r5i1p1f1,day,uas,d03,s3://cadcat/loca2/ucsd/ipsl-cm6a-lr/historical/r5i1p1f1/day/uas/d03/,check_dataset,store.consolidated,OK,0,Consolidated metadata (.zmetadata) present.,,,zarr,zarr,5.357
LOCA2,UCSD,IPSL-CM6A-LR,historical,r5i1p1f1,day,uas,d03,s3://cadcat/loca2/ucsd/ipsl-cm6a-lr/historical/r5i1p1f1/day/uas/d03/,check_dataset,store.array.shape,INFO,10,"uas: shape (23741, 495, 559), chunks (1697, 132, 149), dtype <f4.",,"shape=(23741, 495, 559) chunks=(1697, 132, 149) dtype=<f4",zarr,zarr,5.357
LOCA2,UCSD,IPSL-CM6A-LR,historical,r5i1p1f1,day,uas,d03,s3://cadcat/loca2/ucsd/ipsl-cm6a-lr/historical/r5i1p1f1/day/uas/d03/,check_dataset,var.present,OK,0,Variable 'uas' present as named in the catalog.,,,zarr,zarr,5.357
LOCA2,UCSD,IPSL-CM6A-LR,historical,r5i1p1f1,day,uas,d03,s3://cadcat/loca2/ucsd/ipsl-cm6a-lr/historical/r5i1p1f1/day/uas/d03/,check_dataset,attr.var.standard_name.missing,INFO,10,CF-recommended attribute 'standard_name' is absent.,standard_name,,zarr,zarr,5.357
LOCA2,UCSD,IPSL-CM6A-LR,historical,r5i1p1f1,day,uas,d03,s3://cadcat/loca2/ucsd/ipsl-cm6a-lr/historical/r5i1p1f1/day/uas/d03/,check_dataset,attr.var.cell_methods.missing,INFO,10,CF-recommended attribute 'cell_methods' is absent.,cell_methods,,zarr,zarr,5.357
LOCA2,UCSD,IPSL-CM6A-LR,historical,r5i1p1f1,day,uas,d03,s3://cadcat/loca2/ucsd/ipsl-cm6a-lr/historical/r5i1p1f1/day/uas/d03/,check_dataset,units.match,OK,0,units 'm s-1' match the reference table.,,,zarr,zarr,5.357
LOCA2,UCSD,IPSL-CM6A-LR,historical,r5i1p1f1,day,uas,d03,s3://cadcat/loca2/ucsd/ipsl-cm6a-lr/historical/r5i1p1f1/day/uas/d03/,check_dataset,long_name.differs,INFO,10,long_name differs from the reference table display name.,West-East component of Wind at 10m,uas,zarr,zarr,5.357
LOCA2,UCSD,IPSL-CM6A-LR,historical,r5i1p1f1,day,uas,d03,s3://cadcat/loca2/ucsd/ipsl-cm6a-lr/historical/r5i1p1f1/day/uas/d03/,check_dataset,wind.rotation.undeclared,WARN,20,"'uas' declares no reference frame in its attributes. WRF output is grid-relative by default, but a consumer has no way to confirm that from the file, and rotated companions exist in this same archive.",a reference frame in long_name/description,uas,zarr,zarr,5.357
LOCA2,UCSD,IPSL-CM6A-LR,historical,r5i1p1f1,day,uas,d03,s3://cadcat/loca2/ucsd/ipsl-cm6a-lr/historical/r5i1p1f1/day/uas/d03/,check_dataset,grid.convention,INFO,10,"Store is on a geographic grid (['lat', 'lon', 'time']).",,geographic,zarr,zarr,5.357
LOCA2,UCSD,IPSL-CM6A-LR,historical,r5i1p1f1,day,uas,d03,s3://cadcat/loca2/ucsd/ipsl-cm6a-lr/historical/r5i1p1f1/day/uas/d03/,check_dataset,crs.spatial_ref.missing,ERROR,30,LOCA2 stores should carry a spatial_ref coordinate holding the WGS84 definition.,spatial_ref,,zarr,zarr,5.357
LOCA2,UCSD,IPSL-CM6A-LR,historical,r5i1p1f1,day,uas,d03,s3://cadcat/loca2/ucsd/ipsl-cm6a-lr/historical/r5i1p1f1/day/uas/d03/,check_dataset,attr.global.recommended.missing,INFO,10,Missing 2 of 6 recommended global attributes; datasets are supposed to be self-describing.,"comment, history, institution, references, source, title","comment, references",zarr,zarr,5.357
LOCA2,UCSD,IPSL-CM6A-LR,historical,r5i1p1f1,day,uas,d03,s3://cadcat/loca2/ucsd/ipsl-cm6a-lr/historical/r5i1p1f1/day/uas/d03/,check_dataset,attr.global.empty,WARN,20,1 global attribute(s) are present but empty. A reader cannot tell an empty value from an unanswered question.,omit the attribute or give it a value,experiment,zarr,zarr,5.357
LOCA2,UCSD,IPSL-CM6A-LR,historical,r5i1p1f1,day,uas,d03,s3://cadcat/loca2/ucsd/ipsl-cm6a-lr/historical/r5i1p1f1/day/uas/d03/,check_dataset,time.calendar,INFO,10,Calendar reported as 'proleptic_gregorian'.,,proleptic_gregorian,zarr,zarr,5.357
LOCA2,UCSD,IPSL-CM6A-LR,historical,r5i1p1f1,day,uas,d03,s3://cadcat/loca2/ucsd/ipsl-cm6a-lr/historical/r5i1p1f1/day/uas/d03/,check_dataset,time.bounds.match,OK,0,Axis 1950-01-01..2014-12-31 matches the convention.,,,zarr,zarr,5.357
LOCA2,UCSD,IPSL-CM6A-LR,historical,r5i1p1f1,day,uas,d03,s3://cadcat/loca2/ucsd/ipsl-cm6a-lr/historical/r5i1p1f1/day/uas/d03/,check_dataset,time.extent.match,OK,0,Time axis 1950-2014 matches the documented extent.,,,zarr,zarr,5.357
LOCA2,UCSD,IPSL-CM6A-LR,historical,r5i1p1f1,day,uas,d03,s3://cadcat/loca2/ucsd/ipsl-cm6a-lr/historical/r5i1p1f1/day/uas/d03/,check_dataset,time.frequency.match,OK,0,Median step 24.00 h is consistent with 'day'.,,,zarr,zarr,5.357
LOCA2,UCSD,HadGEM3-GC31-LL,ssp245,r1i1p1f3,day,uas,d03,s3://cadcat/loca2/ucsd/hadgem3-gc31-ll/ssp245/r1i1p1f3/day/uas/d03/,check_dataset,store.consolidated,OK,0,Consolidated metadata (.zmetadata) present.,,,zarr,zarr,4.762
LOCA2,UCSD,HadGEM3-GC31-LL,ssp245,r1i1p1f3,day,uas,d03,s3://cadcat/loca2/ucsd/hadgem3-gc31-ll/ssp245/r1i1p1f3/day/uas/d03/,check_dataset,store.array.shape,INFO,10,"uas: shape (31411, 495, 559), chunks (1952, 123, 139), dtype <f4.",,"shape=(31411, 495, 559) chunks=(1952, 123, 139) dtype=<f4",zarr,zarr,4.762
LOCA2,UCSD,HadGEM3-GC31-LL,ssp245,r1i1p1f3,day,uas,d03,s3://cadcat/loca2/ucsd/hadgem3-gc31-ll/ssp245/r1i1p1f3/day/uas/d03/,check_dataset,var.present,OK,0,Variable 'uas' present as named in the catalog.,,,zarr,zarr,4.762
LOCA2,UCSD,HadGEM3-GC31-LL,ssp245,r1i1p1f3,day,uas,d03,s3://cadcat/loca2/ucsd/hadgem3-gc31-ll/ssp245/r1i1p1f3/day/uas/d03/,check_dataset,attr.var.standard_name.missing,INFO,10,CF-recommended attribute 'standard_name' is absent.,standard_name,,zarr,zarr,4.762
LOCA2,UCSD,HadGEM3-GC31-LL,ssp245,r1i1p1f3,day,uas,d03,s3://cadcat/loca2/ucsd/hadgem3-gc31-ll/ssp245/r1i1p1f3/day/uas/d03/,check_dataset,attr.var.cell_methods.missing,INFO,10,CF-recommended attribute 'cell_methods' is absent.,cell_methods,,zarr,zarr,4.762
LOCA2,UCSD,HadGEM3-GC31-LL,ssp245,r1i1p1f3,day,uas,d03,s3://cadcat/loca2/ucsd/hadgem3-gc31-ll/ssp245/r1i1p1f3/day/uas/d03/,check_dataset,units.match,OK,0,units 'm s-1' match the reference table.,,,zarr,zarr,4.762
LOCA2,UCSD,HadGEM3-GC31-LL,ssp245,r1i1p1f3,day,uas,d03,s3://cadcat/loca2/ucsd/hadgem3-gc31-ll/ssp245/r1i1p1f3/day/uas/d03/,check_dataset,long_name.differs,INFO,10,long_name differs from the reference table display name.,West-East component of Wind at 10m,uas,zarr,zarr,4.762
LOCA2,UCSD,HadGEM3-GC31-LL,ssp245,r1i1p1f3,day,uas,d03,s3://cadcat/loca2/ucsd/hadgem3-gc31-ll/ssp245/r1i1p1f3/day/uas/d03/,check_dataset,wind.rotation.undeclared,WARN,20,"'uas' declares no reference frame in its attributes. WRF output is grid-relative by default, but a consumer has no way to confirm that from the file, and rotated companions exist in this same archive.",a reference frame in long_name/description,uas,zarr,zarr,4.762
LOCA2,UCSD,HadGEM3-GC31-LL,ssp245,r1i1p1f3,day,uas,d03,s3://cadcat/loca2/ucsd/hadgem3-gc31-ll/ssp245/r1i1p1f3/day/uas/d03/,check_dataset,grid.convention,INFO,10,"Store is on a geographic grid (['lat', 'lon', 'time']).",,geographic,zarr,zarr,4.762
LOCA2,UCSD,HadGEM3-GC31-LL,ssp245,r1i1p1f3,day,uas,d03,s3://cadcat/loca2/ucsd/hadgem3-gc31-ll/ssp245/r1i1p1f3/day/uas/d03/,check_dataset,crs.spatial_ref.missing,ERROR,30,LOCA2 stores should carry a spatial_ref coordinate holding the WGS84 definition.,spatial_ref,,zarr,zarr,4.762
LOCA2,UCSD,HadGEM3-GC31-LL,ssp245,r1i1p1f3,day,uas,d03,s3://cadcat/loca2/ucsd/hadgem3-gc31-ll/ssp245/r1i1p1f3/day/uas/d03/,check_dataset,attr.global.conventions.missing,ERROR,30,"No Conventions attribute. The standard asks every file to name the convention it follows, with CF preferred.",CF-1.x,,zarr,zarr,4.762
LOCA2,UCSD,HadGEM3-GC31-LL,ssp245,r1i1p1f3,day,uas,d03,s3://cadcat/loca2/ucsd/hadgem3-gc31-ll/ssp245/r1i1p1f3/day/uas/d03/,check_dataset,attr.global.recommended.missing,WARN,20,Missing 5 of 6 recommended global attributes; datasets are supposed to be self-describing.,"comment, history, institution, references, source, title","comment, history, institution, references, source",zarr,zarr,4.762
LOCA2,UCSD,HadGEM3-GC31-LL,ssp245,r1i1p1f3,day,uas,d03,s3://cadcat/loca2/ucsd/hadgem3-gc31-ll/ssp245/r1i1p1f3/day/uas/d03/,check_dataset,attr.global.empty,WARN,20,1 global attribute(s) are present but empty. A reader cannot tell an empty value from an unanswered question.,omit the attribute or give it a value,experiment,zarr,zarr,4.762
LOCA2,UCSD,HadGEM3-GC31-LL,ssp245,r1i1p1f3,day,uas,d03,s3://cadcat/loca2/ucsd/hadgem3-gc31-ll/ssp245/r1i1p1f3/day/uas/d03/,check_dataset,time.calendar,INFO,10,Calendar reported as 'proleptic_gregorian'.,,proleptic_gregorian,zarr,zarr,4.762
LOCA2,UCSD,HadGEM3-GC31-LL,ssp245,r1i1p1f3,day,uas,d03,s3://cadcat/loca2/ucsd/hadgem3-gc31-ll/ssp245/r1i1p1f3/day/uas/d03/,check_dataset,time.bounds.match,OK,0,Axis 2015-01-01..2100-12-31 matches the convention.,,,zarr,zarr,4.762
LOCA2,UCSD,HadGEM3-GC31-LL,ssp245,r1i1p1f3,day,uas,d03,s3://cadcat/loca2/ucsd/hadgem3-gc31-ll/ssp245/r1i1p1f3/day/uas/d03/,check_dataset,time.extent.match,OK,0,Time axis 2015-2100 matches the documented extent.,,,zarr,zarr,4.762
LOCA2,UCSD,HadGEM3-GC31-LL,ssp245,r1i1p1f3,day,uas,d03,s3://cadcat/loca2/ucsd/hadgem3-gc31-ll/ssp245/r1i1p1f3/day/uas/d03/,check_dataset,time.frequency.match,OK,0,Median step 24.00 h is consistent with 'day'.,,,zarr,zarr,4.762
LOCA2,UCSD,IPSL-CM6A-LR,ssp370,r8i1p1f1,day,uas,d03,s3://cadcat/loca2/ucsd/ipsl-cm6a-lr/ssp370/r8i1p1f1/day/uas/d03/,check_dataset,store.consolidated,OK,0,Consolidated metadata (.zmetadata) present.,,,zarr,zarr,5.392
LOCA2,UCSD,IPSL-CM6A-LR,ssp370,r8i1p1f1,day,uas,d03,s3://cadcat/loca2/ucsd/ipsl-cm6a-lr/ssp370/r8i1p1f1/day/uas/d03/,check_dataset,store.array.shape,INFO,10,"uas: shape (31411, 495, 559), chunks (1952, 123, 139), dtype <f4.",,"shape=(31411, 495, 559) chunks=(1952, 123, 139) dtype=<f4",zarr,zarr,5.392
LOCA2,UCSD,IPSL-CM6A-LR,ssp370,r8i1p1f1,day,uas,d03,s3://cadcat/loca2/ucsd/ipsl-cm6a-lr/ssp370/r8i1p1f1/day/uas/d03/,check_dataset,var.present,OK,0,Variable 'uas' present as named in the catalog.,,,zarr,zarr,5.392
LOCA2,UCSD,IPSL-CM6A-LR,ssp370,r8i1p1f1,day,uas,d03,s3://cadcat/loca2/ucsd/ipsl-cm6a-lr/ssp370/r8i1p1f1/day/uas/d03/,check_dataset,attr.var.standard_name.missing,INFO,10,CF-recommended attribute 'standard_name' is absent.,standard_name,,zarr,zarr,5.392
LOCA2,UCSD,IPSL-CM6A-LR,ssp370,r8i1p1f1,day,uas,d03,s3://cadcat/loca2/ucsd/ipsl-cm6a-lr/ssp370/r8i1p1f1/day/uas/d03/,check_dataset,attr.var.cell_methods.missing,INFO,10,CF-recommended attribute 'cell_methods' is absent.,cell_methods,,zarr,zarr,5.392
LOCA2,UCSD,IPSL-CM6A-LR,ssp370,r8i1p1f1,day,uas,d03,s3://cadcat/loca2/ucsd/ipsl-cm6a-lr/ssp370/r8i1p1f1/day/uas/d03/,check_dataset,units.match,OK,0,units 'm s-1' match the reference table.,,,zarr,zarr,5.392
LOCA2,UCSD,IPSL-CM6A-LR,ssp370,r8i1p1f1,day,uas,d03,s3://cadcat/loca2/ucsd/ipsl-cm6a-lr/ssp370/r8i1p1f1/day/uas/d03/,check_dataset,long_name.differs,INFO,10,long_name differs from the reference table display name.,West-East component of Wind at 10m,uas,zarr,zarr,5.392
LOCA2,UCSD,IPSL-CM6A-LR,ssp370,r8i1p1f1,day,uas,d03,s3://cadcat/loca2/ucsd/ipsl-cm6a-lr/ssp370/r8i1p1f1/day/uas/d03/,check_dataset,wind.rotation.undeclared,WARN,20,"'uas' declares no reference frame in its attributes. WRF output is grid-relative by default, but a consumer has no way to confirm that from the file, and rotated companions exist in this same archive.",a reference frame in long_name/description,uas,zarr,zarr,5.392
LOCA2,UCSD,IPSL-CM6A-LR,ssp370,r8i1p1f1,day,uas,d03,s3://cadcat/loca2/ucsd/ipsl-cm6a-lr/ssp370/r8i1p1f1/day/uas/d03/,check_dataset,grid.convention,INFO,10,"Store is on a geographic grid (['lat', 'lon', 'time']).",,geographic,zarr,zarr,5.392
LOCA2,UCSD,IPSL-CM6A-LR,ssp370,r8i1p1f1,day,uas,d03,s3://cadcat/loca2/ucsd/ipsl-cm6a-lr/ssp370/r8i1p1f1/day/uas/d03/,check_dataset,crs.spatial_ref.missing,ERROR,30,LOCA2 stores should carry a spatial_ref coordinate holding the WGS84 definition.,spatial_ref,,zarr,zarr,5.392
LOCA2,UCSD,IPSL-CM6A-LR,ssp370,r8i1p1f1,day,uas,d03,s3://cadcat/loca2/ucsd/ipsl-cm6a-lr/ssp370/r8i1p1f1/day/uas/d03/,check_dataset,attr.global.recommended.missing,INFO,10,Missing 2 of 6 recommended global attributes; datasets are supposed to be self-describing.,"comment, history, institution, references, source, title","comment, references",zarr,zarr,5.392
LOCA2,UCSD,IPSL-CM6A-LR,ssp370,r8i1p1f1,day,uas,d03,s3://cadcat/loca2/ucsd/ipsl-cm6a-lr/ssp370/r8i1p1f1/day/uas/d03/,check_dataset,attr.global.empty,WARN,20,1 global attribute(s) are present but empty. A reader cannot tell an empty value from an unanswered question.,omit the attribute or give it a value,experiment,zarr,zarr,5.392
LOCA2,UCSD,IPSL-CM6A-LR,ssp370,r8i1p1f1,day,uas,d03,s3://cadcat/loca2/ucsd/ipsl-cm6a-lr/ssp370/r8i1p1f1/day/uas/d03/,check_dataset,time.calendar,INFO,10,Calendar reported as 'proleptic_gregorian'.,,proleptic_gregorian,zarr,zarr,5.392
LOCA2,UCSD,IPSL-CM6A-LR,ssp370,r8i1p1f1,day,uas,d03,s3://cadcat/loca2/ucsd/ipsl-cm6a-lr/ssp370/r8i1p1f1/day/uas/d03/,check_dataset,time.bounds.match,OK,0,Axis 2015-01-01..2100-12-31 matches the convention.,,,zarr,zarr,5.392
LOCA2,UCSD,IPSL-CM6A-LR,ssp370,r8i1p1f1,day,uas,d03,s3://cadcat/loca2/ucsd/ipsl-cm6a-lr/ssp370/r8i1p1f1/day/uas/d03/,check_dataset,time.extent.match,OK,0,Time axis 2015-2100 matches the documented extent.,,,zarr,zarr,5.392
LOCA2,UCSD,IPSL-CM6A-LR,ssp370,r8i1p1f1,day,uas,d03,s3://cadcat/loca2/ucsd/ipsl-cm6a-lr/ssp370/r8i1p1f1/day/uas/d03/,check_dataset,time.frequency.match,OK,0,Median step 24.00 h is consistent with 'day'.,,,zarr,zarr,5.392
LOCA2,UCSD,EC-Earth3,ssp585,r1i1p1f1,day,uas,d03,s3://cadcat/loca2/ucsd/ec-earth3/ssp585/r1i1p1f1/day/uas/d03/,check_dataset,store.consolidated,OK,0,Consolidated metadata (.zmetadata) present.,,,zarr,zarr,5.084
LOCA2,UCSD,EC-Earth3,ssp585,r1i1p1f1,day,uas,d03,s3://cadcat/loca2/ucsd/ec-earth3/ssp585/r1i1p1f1/day/uas/d03/,check_dataset,store.array.shape,INFO,10,"uas: shape (31411, 495, 559), chunks (1952, 123, 139), dtype <f4.",,"shape=(31411, 495, 559) chunks=(1952, 123, 139) dtype=<f4",zarr,zarr,5.084
LOCA2,UCSD,EC-Earth3,ssp585,r1i1p1f1,day,uas,d03,s3://cadcat/loca2/ucsd/ec-earth3/ssp585/r1i1p1f1/day/uas/d03/,check_dataset,var.present,OK,0,Variable 'uas' present as named in the catalog.,,,zarr,zarr,5.084
LOCA2,UCSD,EC-Earth3,ssp585,r1i1p1f1,day,uas,d03,s3://cadcat/loca2/ucsd/ec-earth3/ssp585/r1i1p1f1/day/uas/d03/,check_dataset,attr.var.standard_name.missing,INFO,10,CF-recommended attribute 'standard_name' is absent.,standard_name,,zarr,zarr,5.084
LOCA2,UCSD,EC-Earth3,ssp585,r1i1p1f1,day,uas,d03,s3://cadcat/loca2/ucsd/ec-earth3/ssp585/r1i1p1f1/day/uas/d03/,check_dataset,attr.var.cell_methods.missing,INFO,10,CF-recommended attribute 'cell_methods' is absent.,cell_methods,,zarr,zarr,5.084
LOCA2,UCSD,EC-Earth3,ssp585,r1i1p1f1,day,uas,d03,s3://cadcat/loca2/ucsd/ec-earth3/ssp585/r1i1p1f1/day/uas/d03/,check_dataset,units.match,OK,0,units 'm s-1' match the reference table.,,,zarr,zarr,5.084
LOCA2,UCSD,EC-Earth3,ssp585,r1i1p1f1,day,uas,d03,s3://cadcat/loca2/ucsd/ec-earth3/ssp585/r1i1p1f1/day/uas/d03/,check_dataset,long_name.differs,INFO,10,long_name differs from the reference table display name.,West-East component of Wind at 10m,uas,zarr,zarr,5.084
LOCA2,UCSD,EC-Earth3,ssp585,r1i1p1f1,day,uas,d03,s3://cadcat/loca2/ucsd/ec-earth3/ssp585/r1i1p1f1/day/uas/d03/,check_dataset,wind.rotation.undeclared,WARN,20,"'uas' declares no reference frame in its attributes. WRF output is grid-relative by default, but a consumer has no way to confirm that from the file, and rotated companions exist in this same archive.",a reference frame in long_name/description,uas,zarr,zarr,5.084
LOCA2,UCSD,EC-Earth3,ssp585,r1i1p1f1,day,uas,d03,s3://cadcat/loca2/ucsd/ec-earth3/ssp585/r1i1p1f1/day/uas/d03/,check_dataset,grid.convention,INFO,10,"Store is on a geographic grid (['lat', 'lon', 'time']).",,geographic,zarr,zarr,5.084
LOCA2,UCSD,EC-Earth3,ssp585,r1i1p1f1,day,uas,d03,s3://cadcat/loca2/ucsd/ec-earth3/ssp585/r1i1p1f1/day/uas/d03/,check_dataset,crs.spatial_ref.missing,ERROR,30,LOCA2 stores should carry a spatial_ref coordinate holding the WGS84 definition.,spatial_ref,,zarr,zarr,5.084
LOCA2,UCSD,EC-Earth3,ssp585,r1i1p1f1,day,uas,d03,s3://cadcat/loca2/ucsd/ec-earth3/ssp585/r1i1p1f1/day/uas/d03/,check_dataset,attr.global.recommended.missing,INFO,10,Missing 1 of 6 recommended global attributes; datasets are supposed to be self-describing.,"comment, history, institution, references, source, title",references,zarr,zarr,5.084
LOCA2,UCSD,EC-Earth3,ssp585,r1i1p1f1,day,uas,d03,s3://cadcat/loca2/ucsd/ec-earth3/ssp585/r1i1p1f1/day/uas/d03/,check_dataset,attr.global.empty,WARN,20,1 global attribute(s) are present but empty. A reader cannot tell an empty value from an unanswered question.,omit the attribute or give it a value,experiment,zarr,zarr,5.084
LOCA2,UCSD,EC-Earth3,ssp585,r1i1p1f1,day,uas,d03,s3://cadcat/loca2/ucsd/ec-earth3/ssp585/r1i1p1f1/day/uas/d03/,check_dataset,time.calendar,INFO,10,Calendar reported as 'proleptic_gregorian'.,,proleptic_gregorian,zarr,zarr,5.084
LOCA2,UCSD,EC-Earth3,ssp585,r1i1p1f1,day,uas,d03,s3://cadcat/loca2/ucsd/ec-earth3/ssp585/r1i1p1f1/day/uas/d03/,check_dataset,time.bounds.match,OK,0,Axis 2015-01-01..2100-12-31 matches the convention.,,,zarr,zarr,5.084
LOCA2,UCSD,EC-Earth3,ssp585,r1i1p1f1,day,uas,d03,s3://cadcat/loca2/ucsd/ec-earth3/ssp585/r1i1p1f1/day/uas/d03/,check_dataset,time.extent.match,OK,0,Time axis 2015-2100 matches the documented extent.,,,zarr,zarr,5.084
LOCA2,UCSD,EC-Earth3,ssp585,r1i1p1f1,day,uas,d03,s3://cadcat/loca2/ucsd/ec-earth3/ssp585/r1i1p1f1/day/uas/d03/,check_dataset,time.frequency.match,OK,0,Median step 24.00 h is consistent with 'day'.,,,zarr,zarr,5.084
LOCA2,UCSD,IPSL-CM6A-LR,historical,r5i1p1f1,day,vas,d03,s3://cadcat/loca2/ucsd/ipsl-cm6a-lr/historical/r5i1p1f1/day/vas/d03/,check_dataset,store.consolidated,OK,0,Consolidated metadata (.zmetadata) present.,,,zarr,zarr,4.575
LOCA2,UCSD,IPSL-CM6A-LR,historical,r5i1p1f1,day,vas,d03,s3://cadcat/loca2/ucsd/ipsl-cm6a-lr/historical/r5i1p1f1/day/vas/d03/,check_dataset,store.array.shape,INFO,10,"vas: shape (23741, 495, 559), chunks (1697, 132, 149), dtype <f4.",,"shape=(23741, 495, 559) chunks=(1697, 132, 149) dtype=<f4",zarr,zarr,4.575
LOCA2,UCSD,IPSL-CM6A-LR,historical,r5i1p1f1,day,vas,d03,s3://cadcat/loca2/ucsd/ipsl-cm6a-lr/historical/r5i1p1f1/day/vas/d03/,check_dataset,var.present,OK,0,Variable 'vas' present as named in the catalog.,,,zarr,zarr,4.575
LOCA2,UCSD,IPSL-CM6A-LR,historical,r5i1p1f1,day,vas,d03,s3://cadcat/loca2/ucsd/ipsl-cm6a-lr/historical/r5i1p1f1/day/vas/d03/,check_dataset,attr.var.standard_name.missing,INFO,10,CF-recommended attribute 'standard_name' is absent.,standard_name,,zarr,zarr,4.575
LOCA2,UCSD,IPSL-CM6A-LR,historical,r5i1p1f1,day,vas,d03,s3://cadcat/loca2/ucsd/ipsl-cm6a-lr/historical/r5i1p1f1/day/vas/d03/,check_dataset,attr.var.cell_methods.missing,INFO,10,CF-recommended attribute 'cell_methods' is absent.,cell_methods,,zarr,zarr,4.575
LOCA2,UCSD,IPSL-CM6A-LR,historical,r5i1p1f1,day,vas,d03,s3://cadcat/loca2/ucsd/ipsl-cm6a-lr/historical/r5i1p1f1/day/vas/d03/,check_dataset,units.match,OK,0,units 'm s-1' match the reference table.,,,zarr,zarr,4.575
LOCA2,UCSD,IPSL-CM6A-LR,historical,r5i1p1f1,day,vas,d03,s3://cadcat/loca2/ucsd/ipsl-cm6a-lr/historical/r5i1p1f1/day/vas/d03/,check_dataset,long_name.differs,INFO,10,long_name differs from the reference table display name.,North-South component of Wind at 10m,vas,zarr,zarr,4.575
LOCA2,UCSD,IPSL-CM6A-LR,historical,r5i1p1f1,day,vas,d03,s3://cadcat/loca2/ucsd/ipsl-cm6a-lr/historical/r5i1p1f1/day/vas/d03/,check_dataset,wind.rotation.undeclared,WARN,20,"'vas' declares no reference frame in its attributes. WRF output is grid-relative by default, but a consumer has no way to confirm that from the file, and rotated companions exist in this same archive.",a reference frame in long_name/description,vas,zarr,zarr,4.575
LOCA2,UCSD,IPSL-CM6A-LR,historical,r5i1p1f1,day,vas,d03,s3://cadcat/loca2/ucsd/ipsl-cm6a-lr/historical/r5i1p1f1/day/vas/d03/,check_dataset,grid.convention,INFO,10,"Store is on a geographic grid (['lat', 'lon', 'time']).",,geographic,zarr,zarr,4.575
LOCA2,UCSD,IPSL-CM6A-LR,historical,r5i1p1f1,day,vas,d03,s3://cadcat/loca2/ucsd/ipsl-cm6a-lr/historical/r5i1p1f1/day/vas/d03/,check_dataset,crs.spatial_ref.missing,ERROR,30,LOCA2 stores should carry a spatial_ref coordinate holding the WGS84 definition.,spatial_ref,,zarr,zarr,4.575
LOCA2,UCSD,IPSL-CM6A-LR,historical,r5i1p1f1,day,vas,d03,s3://cadcat/loca2/ucsd/ipsl-cm6a-lr/historical/r5i1p1f1/day/vas/d03/,check_dataset,attr.global.recommended.missing,INFO,10,Missing 2 of 6 recommended global attributes; datasets are supposed to be self-describing.,"comment, history, institution, references, source, title","comment, references",zarr,zarr,4.575
LOCA2,UCSD,IPSL-CM6A-LR,historical,r5i1p1f1,day,vas,d03,s3://cadcat/loca2/ucsd/ipsl-cm6a-lr/historical/r5i1p1f1/day/vas/d03/,check_dataset,attr.global.empty,WARN,20,1 global attribute(s) are present but empty. A reader cannot tell an empty value from an unanswered question.,omit the attribute or give it a value,experiment,zarr,zarr,4.575
LOCA2,UCSD,IPSL-CM6A-LR,historical,r5i1p1f1,day,vas,d03,s3://cadcat/loca2/ucsd/ipsl-cm6a-lr/historical/r5i1p1f1/day/vas/d03/,check_dataset,time.calendar,INFO,10,Calendar reported as 'proleptic_gregorian'.,,proleptic_gregorian,zarr,zarr,4.575
LOCA2,UCSD,IPSL-CM6A-LR,historical,r5i1p1f1,day,vas,d03,s3://cadcat/loca2/ucsd/ipsl-cm6a-lr/historical/r5i1p1f1/day/vas/d03/,check_dataset,time.bounds.match,OK,0,Axis 1950-01-01..2014-12-31 matches the convention.,,,zarr,zarr,4.575
LOCA2,UCSD,IPSL-CM6A-LR,historical,r5i1p1f1,day,vas,d03,s3://cadcat/loca2/ucsd/ipsl-cm6a-lr/historical/r5i1p1f1/day/vas/d03/,check_dataset,time.extent.match,OK,0,Time axis 1950-2014 matches the documented extent.,,,zarr,zarr,4.575
LOCA2,UCSD,IPSL-CM6A-LR,historical,r5i1p1f1,day,vas,d03,s3://cadcat/loca2/ucsd/ipsl-cm6a-lr/historical/r5i1p1f1/day/vas/d03/,check_dataset,time.frequency.match,OK,0,Median step 24.00 h is consistent with 'day'.,,,zarr,zarr,4.575
LOCA2,UCSD,HadGEM3-GC31-LL,ssp245,r1i1p1f3,day,vas,d03,s3://cadcat/loca2/ucsd/hadgem3-gc31-ll/ssp245/r1i1p1f3/day/vas/d03/,check_dataset,store.consolidated,OK,0,Consolidated metadata (.zmetadata) present.,,,zarr,zarr,4.822
LOCA2,UCSD,HadGEM3-GC31-LL,ssp245,r1i1p1f3,day,vas,d03,s3://cadcat/loca2/ucsd/hadgem3-gc31-ll/ssp245/r1i1p1f3/day/vas/d03/,check_dataset,store.array.shape,INFO,10,"vas: shape (31411, 495, 559), chunks (1952, 123, 139), dtype <f4.",,"shape=(31411, 495, 559) chunks=(1952, 123, 139) dtype=<f4",zarr,zarr,4.822
LOCA2,UCSD,HadGEM3-GC31-LL,ssp245,r1i1p1f3,day,vas,d03,s3://cadcat/loca2/ucsd/hadgem3-gc31-ll/ssp245/r1i1p1f3/day/vas/d03/,check_dataset,var.present,OK,0,Variable 'vas' present as named in the catalog.,,,zarr,zarr,4.822
LOCA2,UCSD,HadGEM3-GC31-LL,ssp245,r1i1p1f3,day,vas,d03,s3://cadcat/loca2/ucsd/hadgem3-gc31-ll/ssp245/r1i1p1f3/day/vas/d03/,check_dataset,attr.var.standard_name.missing,INFO,10,CF-recommended attribute 'standard_name' is absent.,standard_name,,zarr,zarr,4.822
LOCA2,UCSD,HadGEM3-GC31-LL,ssp245,r1i1p1f3,day,vas,d03,s3://cadcat/loca2/ucsd/hadgem3-gc31-ll/ssp245/r1i1p1f3/day/vas/d03/,check_dataset,attr.var.cell_methods.missing,INFO,10,CF-recommended attribute 'cell_methods' is absent.,cell_methods,,zarr,zarr,4.822
LOCA2,UCSD,HadGEM3-GC31-LL,ssp245,r1i1p1f3,day,vas,d03,s3://cadcat/loca2/ucsd/hadgem3-gc31-ll/ssp245/r1i1p1f3/day/vas/d03/,check_dataset,units.match,OK,0,units 'm s-1' match the reference table.,,,zarr,zarr,4.822
LOCA2,UCSD,HadGEM3-GC31-LL,ssp245,r1i1p1f3,day,vas,d03,s3://cadcat/loca2/ucsd/hadgem3-gc31-ll/ssp245/r1i1p1f3/day/vas/d03/,check_dataset,long_name.differs,INFO,10,long_name differs from the reference table display name.,North-South component of Wind at 10m,vas,zarr,zarr,4.822
LOCA2,UCSD,HadGEM3-GC31-LL,ssp245,r1i1p1f3,day,vas,d03,s3://cadcat/loca2/ucsd/hadgem3-gc31-ll/ssp245/r1i1p1f3/day/vas/d03/,check_dataset,wind.rotation.undeclared,WARN,20,"'vas' declares no reference frame in its attributes. WRF output is grid-relative by default, but a consumer has no way to confirm that from the file, and rotated companions exist in this same archive.",a reference frame in long_name/description,vas,zarr,zarr,4.822
LOCA2,UCSD,HadGEM3-GC31-LL,ssp245,r1i1p1f3,day,vas,d03,s3://cadcat/loca2/ucsd/hadgem3-gc31-ll/ssp245/r1i1p1f3/day/vas/d03/,check_dataset,grid.convention,INFO,10,"Store is on a geographic grid (['lat', 'lon', 'time']).",,geographic,zarr,zarr,4.822
LOCA2,UCSD,HadGEM3-GC31-LL,ssp245,r1i1p1f3,day,vas,d03,s3://cadcat/loca2/ucsd/hadgem3-gc31-ll/ssp245/r1i1p1f3/day/vas/d03/,check_dataset,crs.spatial_ref.missing,ERROR,30,LOCA2 stores should carry a spatial_ref coordinate holding the WGS84 definition.,spatial_ref,,zarr,zarr,4.822
LOCA2,UCSD,HadGEM3-GC31-LL,ssp245,r1i1p1f3,day,vas,d03,s3://cadcat/loca2/ucsd/hadgem3-gc31-ll/ssp245/r1i1p1f3/day/vas/d03/,check_dataset,attr.global.conventions.missing,ERROR,30,"No Conventions attribute. The standard asks every file to name the convention it follows, with CF preferred.",CF-1.x,,zarr,zarr,4.822
LOCA2,UCSD,HadGEM3-GC31-LL,ssp245,r1i1p1f3,day,vas,d03,s3://cadcat/loca2/ucsd/hadgem3-gc31-ll/ssp245/r1i1p1f3/day/vas/d03/,check_dataset,attr.global.recommended.missing,WARN,20,Missing 5 of 6 recommended global attributes; datasets are supposed to be self-describing.,"comment, history, institution, references, source, title","comment, history, institution, references, source",zarr,zarr,4.822
LOCA2,UCSD,HadGEM3-GC31-LL,ssp245,r1i1p1f3,day,vas,d03,s3://cadcat/loca2/ucsd/hadgem3-gc31-ll/ssp245/r1i1p1f3/day/vas/d03/,check_dataset,attr.global.empty,WARN,20,1 global attribute(s) are present but empty. A reader cannot tell an empty value from an unanswered question.,omit the attribute or give it a value,experiment,zarr,zarr,4.822
LOCA2,UCSD,HadGEM3-GC31-LL,ssp245,r1i1p1f3,day,vas,d03,s3://cadcat/loca2/ucsd/hadgem3-gc31-ll/ssp245/r1i1p1f3/day/vas/d03/,check_dataset,time.calendar,INFO,10,Calendar reported as 'proleptic_gregorian'.,,proleptic_gregorian,zarr,zarr,4.822
LOCA2,UCSD,HadGEM3-GC31-LL,ssp245,r1i1p1f3,day,vas,d03,s3://cadcat/loca2/ucsd/hadgem3-gc31-ll/ssp245/r1i1p1f3/day/vas/d03/,check_dataset,time.bounds.match,OK,0,Axis 2015-01-01..2100-12-31 matches the convention.,,,zarr,zarr,4.822
LOCA2,UCSD,HadGEM3-GC31-LL,ssp245,r1i1p1f3,day,vas,d03,s3://cadcat/loca2/ucsd/hadgem3-gc31-ll/ssp245/r1i1p1f3/day/vas/d03/,check_dataset,time.extent.match,OK,0,Time axis 2015-2100 matches the documented extent.,,,zarr,zarr,4.822
LOCA2,UCSD,HadGEM3-GC31-LL,ssp245,r1i1p1f3,day,vas,d03,s3://cadcat/loca2/ucsd/hadgem3-gc31-ll/ssp245/r1i1p1f3/day/vas/d03/,check_dataset,time.frequency.match,OK,0,Median step 24.00 h is consistent with 'day'.,,,zarr,zarr,4.822
LOCA2,UCSD,IPSL-CM6A-LR,ssp370,r8i1p1f1,day,vas,d03,s3://cadcat/loca2/ucsd/ipsl-cm6a-lr/ssp370/r8i1p1f1/day/vas/d03/,check_dataset,store.consolidated,OK,0,Consolidated metadata (.zmetadata) present.,,,zarr,zarr,4.832
LOCA2,UCSD,IPSL-CM6A-LR,ssp370,r8i1p1f1,day,vas,d03,s3://cadcat/loca2/ucsd/ipsl-cm6a-lr/ssp370/r8i1p1f1/day/vas/d03/,check_dataset,store.array.shape,INFO,10,"vas: shape (31411, 495, 559), chunks (1952, 123, 139), dtype <f4.",,"shape=(31411, 495, 559) chunks=(1952, 123, 139) dtype=<f4",zarr,zarr,4.832
LOCA2,UCSD,IPSL-CM6A-LR,ssp370,r8i1p1f1,day,vas,d03,s3://cadcat/loca2/ucsd/ipsl-cm6a-lr/ssp370/r8i1p1f1/day/vas/d03/,check_dataset,var.present,OK,0,Variable 'vas' present as named in the catalog.,,,zarr,zarr,4.832
LOCA2,UCSD,IPSL-CM6A-LR,ssp370,r8i1p1f1,day,vas,d03,s3://cadcat/loca2/ucsd/ipsl-cm6a-lr/ssp370/r8i1p1f1/day/vas/d03/,check_dataset,attr.var.standard_name.missing,INFO,10,CF-recommended attribute 'standard_name' is absent.,standard_name,,zarr,zarr,4.832
LOCA2,UCSD,IPSL-CM6A-LR,ssp370,r8i1p1f1,day,vas,d03,s3://cadcat/loca2/ucsd/ipsl-cm6a-lr/ssp370/r8i1p1f1/day/vas/d03/,check_dataset,attr.var.cell_methods.missing,INFO,10,CF-recommended attribute 'cell_methods' is absent.,cell_methods,,zarr,zarr,4.832
LOCA2,UCSD,IPSL-CM6A-LR,ssp370,r8i1p1f1,day,vas,d03,s3://cadcat/loca2/ucsd/ipsl-cm6a-lr/ssp370/r8i1p1f1/day/vas/d03/,check_dataset,units.match,OK,0,units 'm s-1' match the reference table.,,,zarr,zarr,4.832
LOCA2,UCSD,IPSL-CM6A-LR,ssp370,r8i1p1f1,day,vas,d03,s3://cadcat/loca2/ucsd/ipsl-cm6a-lr/ssp370/r8i1p1f1/day/vas/d03/,check_dataset,long_name.differs,INFO,10,long_name differs from the reference table display name.,North-South component of Wind at 10m,vas,zarr,zarr,4.832
LOCA2,UCSD,IPSL-CM6A-LR,ssp370,r8i1p1f1,day,vas,d03,s3://cadcat/loca2/ucsd/ipsl-cm6a-lr/ssp370/r8i1p1f1/day/vas/d03/,check_dataset,wind.rotation.undeclared,WARN,20,"'vas' declares no reference frame in its attributes. WRF output is grid-relative by default, but a consumer has no way to confirm that from the file, and rotated companions exist in this same archive.",a reference frame in long_name/description,vas,zarr,zarr,4.832
LOCA2,UCSD,IPSL-CM6A-LR,ssp370,r8i1p1f1,day,vas,d03,s3://cadcat/loca2/ucsd/ipsl-cm6a-lr/ssp370/r8i1p1f1/day/vas/d03/,check_dataset,grid.convention,INFO,10,"Store is on a geographic grid (['lat', 'lon', 'time']).",,geographic,zarr,zarr,4.832
LOCA2,UCSD,IPSL-CM6A-LR,ssp370,r8i1p1f1,day,vas,d03,s3://cadcat/loca2/ucsd/ipsl-cm6a-lr/ssp370/r8i1p1f1/day/vas/d03/,check_dataset,crs.spatial_ref.missing,ERROR,30,LOCA2 stores should carry a spatial_ref coordinate holding the WGS84 definition.,spatial_ref,,zarr,zarr,4.832
LOCA2,UCSD,IPSL-CM6A-LR,ssp370,r8i1p1f1,day,vas,d03,s3://cadcat/loca2/ucsd/ipsl-cm6a-lr/ssp370/r8i1p1f1/day/vas/d03/,check_dataset,attr.global.recommended.missing,INFO,10,Missing 2 of 6 recommended global attributes; datasets are supposed to be self-describing.,"comment, history, institution, references, source, title","comment, references",zarr,zarr,4.832
LOCA2,UCSD,IPSL-CM6A-LR,ssp370,r8i1p1f1,day,vas,d03,s3://cadcat/loca2/ucsd/ipsl-cm6a-lr/ssp370/r8i1p1f1/day/vas/d03/,check_dataset,attr.global.empty,WARN,20,1 global attribute(s) are present but empty. A reader cannot tell an empty value from an unanswered question.,omit the attribute or give it a value,experiment,zarr,zarr,4.832
LOCA2,UCSD,IPSL-CM6A-LR,ssp370,r8i1p1f1,day,vas,d03,s3://cadcat/loca2/ucsd/ipsl-cm6a-lr/ssp370/r8i1p1f1/day/vas/d03/,check_dataset,time.calendar,INFO,10,Calendar reported as 'proleptic_gregorian'.,,proleptic_gregorian,zarr,zarr,4.832
LOCA2,UCSD,IPSL-CM6A-LR,ssp370,r8i1p1f1,day,vas,d03,s3://cadcat/loca2/ucsd/ipsl-cm6a-lr/ssp370/r8i1p1f1/day/vas/d03/,check_dataset,time.bounds.match,OK,0,Axis 2015-01-01..2100-12-31 matches the convention.,,,zarr,zarr,4.832
LOCA2,UCSD,IPSL-CM6A-LR,ssp370,r8i1p1f1,day,vas,d03,s3://cadcat/loca2/ucsd/ipsl-cm6a-lr/ssp370/r8i1p1f1/day/vas/d03/,check_dataset,time.extent.match,OK,0,Time axis 2015-2100 matches the documented extent.,,,zarr,zarr,4.832
LOCA2,UCSD,IPSL-CM6A-LR,ssp370,r8i1p1f1,day,vas,d03,s3://cadcat/loca2/ucsd/ipsl-cm6a-lr/ssp370/r8i1p1f1/day/vas/d03/,check_dataset,time.frequency.match,OK,0,Median step 24.00 h is consistent with 'day'.,,,zarr,zarr,4.832
LOCA2,UCSD,EC-Earth3,ssp585,r1i1p1f1,day,vas,d03,s3://cadcat/loca2/ucsd/ec-earth3/ssp585/r1i1p1f1/day/vas/d03/,check_dataset,store.consolidated,OK,0,Consolidated metadata (.zmetadata) present.,,,zarr,zarr,5.244
LOCA2,UCSD,EC-Earth3,ssp585,r1i1p1f1,day,vas,d03,s3://cadcat/loca2/ucsd/ec-earth3/ssp585/r1i1p1f1/day/vas/d03/,check_dataset,store.array.shape,INFO,10,"vas: shape (31411, 495, 559), chunks (1952, 123, 139), dtype <f4.",,"shape=(31411, 495, 559) chunks=(1952, 123, 139) dtype=<f4",zarr,zarr,5.244
LOCA2,UCSD,EC-Earth3,ssp585,r1i1p1f1,day,vas,d03,s3://cadcat/loca2/ucsd/ec-earth3/ssp585/r1i1p1f1/day/vas/d03/,check_dataset,var.present,OK,0,Variable 'vas' present as named in the catalog.,,,zarr,zarr,5.244
LOCA2,UCSD,EC-Earth3,ssp585,r1i1p1f1,day,vas,d03,s3://cadcat/loca2/ucsd/ec-earth3/ssp585/r1i1p1f1/day/vas/d03/,check_dataset,attr.var.standard_name.missing,INFO,10,CF-recommended attribute 'standard_name' is absent.,standard_name,,zarr,zarr,5.244
LOCA2,UCSD,EC-Earth3,ssp585,r1i1p1f1,day,vas,d03,s3://cadcat/loca2/ucsd/ec-earth3/ssp585/r1i1p1f1/day/vas/d03/,check_dataset,attr.var.cell_methods.missing,INFO,10,CF-recommended attribute 'cell_methods' is absent.,cell_methods,,zarr,zarr,5.244
LOCA2,UCSD,EC-Earth3,ssp585,r1i1p1f1,day,vas,d03,s3://cadcat/loca2/ucsd/ec-earth3/ssp585/r1i1p1f1/day/vas/d03/,check_dataset,units.match,OK,0,units 'm s-1' match the reference table.,,,zarr,zarr,5.244
LOCA2,UCSD,EC-Earth3,ssp585,r1i1p1f1,day,vas,d03,s3://cadcat/loca2/ucsd/ec-earth3/ssp585/r1i1p1f1/day/vas/d03/,check_dataset,long_name.differs,INFO,10,long_name differs from the reference table display name.,North-South component of Wind at 10m,vas,zarr,zarr,5.244
LOCA2,UCSD,EC-Earth3,ssp585,r1i1p1f1,day,vas,d03,s3://cadcat/loca2/ucsd/ec-earth3/ssp585/r1i1p1f1/day/vas/d03/,check_dataset,wind.rotation.undeclared,WARN,20,"'vas' declares no reference frame in its attributes. WRF output is grid-relative by default, but a consumer has no way to confirm that from the file, and rotated companions exist in this same archive.",a reference frame in long_name/description,vas,zarr,zarr,5.244
LOCA2,UCSD,EC-Earth3,ssp585,r1i1p1f1,day,vas,d03,s3://cadcat/loca2/ucsd/ec-earth3/ssp585/r1i1p1f1/day/vas/d03/,check_dataset,grid.convention,INFO,10,"Store is on a geographic grid (['lat', 'lon', 'time']).",,geographic,zarr,zarr,5.244
LOCA2,UCSD,EC-Earth3,ssp585,r1i1p1f1,day,vas,d03,s3://cadcat/loca2/ucsd/ec-earth3/ssp585/r1i1p1f1/day/vas/d03/,check_dataset,crs.spatial_ref.missing,ERROR,30,LOCA2 stores should carry a spatial_ref coordinate holding the WGS84 definition.,spatial_ref,,zarr,zarr,5.244
LOCA2,UCSD,EC-Earth3,ssp585,r1i1p1f1,day,vas,d03,s3://cadcat/loca2/ucsd/ec-earth3/ssp585/r1i1p1f1/day/vas/d03/,check_dataset,attr.global.recommended.missing,INFO,10,Missing 1 of 6 recommended global attributes; datasets are supposed to be self-describing.,"comment, history, institution, references, source, title",references,zarr,zarr,5.244
LOCA2,UCSD,EC-Earth3,ssp585,r1i1p1f1,day,vas,d03,s3://cadcat/loca2/ucsd/ec-earth3/ssp585/r1i1p1f1/day/vas/d03/,check_dataset,attr.global.empty,WARN,20,1 global attribute(s) are present but empty. A reader cannot tell an empty value from an unanswered question.,omit the attribute or give it a value,experiment,zarr,zarr,5.244
LOCA2,UCSD,EC-Earth3,ssp585,r1i1p1f1,day,vas,d03,s3://cadcat/loca2/ucsd/ec-earth3/ssp585/r1i1p1f1/day/vas/d03/,check_dataset,time.calendar,INFO,10,Calendar reported as 'proleptic_gregorian'.,,proleptic_gregorian,zarr,zarr,5.244
LOCA2,UCSD,EC-Earth3,ssp585,r1i1p1f1,day,vas,d03,s3://cadcat/loca2/ucsd/ec-earth3/ssp585/r1i1p1f1/day/vas/d03/,check_dataset,time.bounds.match,OK,0,Axis 2015-01-01..2100-12-31 matches the convention.,,,zarr,zarr,5.244
LOCA2,UCSD,EC-Earth3,ssp585,r1i1p1f1,day,vas,d03,s3://cadcat/loca2/ucsd/ec-earth3/ssp585/r1i1p1f1/day/vas/d03/,check_dataset,time.extent.match,OK,0,Time axis 2015-2100 matches the documented extent.,,,zarr,zarr,5.244
LOCA2,UCSD,EC-Earth3,ssp585,r1i1p1f1,day,vas,d03,s3://cadcat/loca2/ucsd/ec-earth3/ssp585/r1i1p1f1/day/vas/d03/,check_dataset,time.frequency.match,OK,0,Median step 24.00 h is consistent with 'day'.,,,zarr,zarr,5.244
LOCA2,UCSD,IPSL-CM6A-LR,historical,r5i1p1f1,day,wspeed,d03,s3://cadcat/loca2/ucsd/ipsl-cm6a-lr/historical/r5i1p1f1/day/wspeed/d03/,check_dataset,store.consolidated,OK,0,Consolidated metadata (.zmetadata) present.,,,zarr,zarr,3.817
LOCA2,UCSD,IPSL-CM6A-LR,historical,r5i1p1f1,day,wspeed,d03,s3://cadcat/loca2/ucsd/ipsl-cm6a-lr/historical/r5i1p1f1/day/wspeed/d03/,check_dataset,store.array.shape,INFO,10,"wspeed: shape (23741, 495, 559), chunks (1697, 132, 149), dtype <f4.",,"shape=(23741, 495, 559) chunks=(1697, 132, 149) dtype=<f4",zarr,zarr,3.817
LOCA2,UCSD,IPSL-CM6A-LR,historical,r5i1p1f1,day,wspeed,d03,s3://cadcat/loca2/ucsd/ipsl-cm6a-lr/historical/r5i1p1f1/day/wspeed/d03/,check_dataset,var.present,OK,0,Variable 'wspeed' present as named in the catalog.,,,zarr,zarr,3.817
LOCA2,UCSD,IPSL-CM6A-LR,historical,r5i1p1f1,day,wspeed,d03,s3://cadcat/loca2/ucsd/ipsl-cm6a-lr/historical/r5i1p1f1/day/wspeed/d03/,check_dataset,attr.var.standard_name.missing,INFO,10,CF-recommended attribute 'standard_name' is absent.,standard_name,,zarr,zarr,3.817
LOCA2,UCSD,IPSL-CM6A-LR,historical,r5i1p1f1,day,wspeed,d03,s3://cadcat/loca2/ucsd/ipsl-cm6a-lr/historical/r5i1p1f1/day/wspeed/d03/,check_dataset,attr.var.cell_methods.missing,INFO,10,CF-recommended attribute 'cell_methods' is absent.,cell_methods,,zarr,zarr,3.817
LOCA2,UCSD,IPSL-CM6A-LR,historical,r5i1p1f1,day,wspeed,d03,s3://cadcat/loca2/ucsd/ipsl-cm6a-lr/historical/r5i1p1f1/day/wspeed/d03/,check_dataset,units.match,OK,0,units 'm s-1' match the reference table.,,,zarr,zarr,3.817
LOCA2,UCSD,IPSL-CM6A-LR,historical,r5i1p1f1,day,wspeed,d03,s3://cadcat/loca2/ucsd/ipsl-cm6a-lr/historical/r5i1p1f1/day/wspeed/d03/,check_dataset,long_name.differs,INFO,10,long_name differs from the reference table display name.,Wind speed at 10m,windspeed,zarr,zarr,3.817
LOCA2,UCSD,IPSL-CM6A-LR,historical,r5i1p1f1,day,wspeed,d03,s3://cadcat/loca2/ucsd/ipsl-cm6a-lr/historical/r5i1p1f1/day/wspeed/d03/,check_dataset,grid.convention,INFO,10,"Store is on a geographic grid (['lat', 'lon', 'time']).",,geographic,zarr,zarr,3.817
LOCA2,UCSD,IPSL-CM6A-LR,historical,r5i1p1f1,day,wspeed,d03,s3://cadcat/loca2/ucsd/ipsl-cm6a-lr/historical/r5i1p1f1/day/wspeed/d03/,check_dataset,crs.spatial_ref.missing,ERROR,30,LOCA2 stores should carry a spatial_ref coordinate holding the WGS84 definition.,spatial_ref,,zarr,zarr,3.817
LOCA2,UCSD,IPSL-CM6A-LR,historical,r5i1p1f1,day,wspeed,d03,s3://cadcat/loca2/ucsd/ipsl-cm6a-lr/historical/r5i1p1f1/day/wspeed/d03/,check_dataset,attr.global.conventions.missing,ERROR,30,"No Conventions attribute. The standard asks every file to name the convention it follows, with CF preferred.",CF-1.x,,zarr,zarr,3.817
LOCA2,UCSD,IPSL-CM6A-LR,historical,r5i1p1f1,day,wspeed,d03,s3://cadcat/loca2/ucsd/ipsl-cm6a-lr/historical/r5i1p1f1/day/wspeed/d03/,check_dataset,attr.global.recommended.missing,WARN,20,Missing 5 of 6 recommended global attributes; datasets are supposed to be self-describing.,"comment, history, institution, references, source, title","comment, history, institution, references, source",zarr,zarr,3.817
LOCA2,UCSD,IPSL-CM6A-LR,historical,r5i1p1f1,day,wspeed,d03,s3://cadcat/loca2/ucsd/ipsl-cm6a-lr/historical/r5i1p1f1/day/wspeed/d03/,check_dataset,attr.global.empty,WARN,20,1 global attribute(s) are present but empty. A reader cannot tell an empty value from an unanswered question.,omit the attribute or give it a value,experiment,zarr,zarr,3.817
LOCA2,UCSD,IPSL-CM6A-LR,historical,r5i1p1f1,day,wspeed,d03,s3://cadcat/loca2/ucsd/ipsl-cm6a-lr/historical/r5i1p1f1/day/wspeed/d03/,check_dataset,time.calendar,INFO,10,Calendar reported as 'proleptic_gregorian'.,,proleptic_gregorian,zarr,zarr,3.817
LOCA2,UCSD,IPSL-CM6A-LR,historical,r5i1p1f1,day,wspeed,d03,s3://cadcat/loca2/ucsd/ipsl-cm6a-lr/historical/r5i1p1f1/day/wspeed/d03/,check_dataset,time.bounds.match,OK,0,Axis 1950-01-01..2014-12-31 matches the convention.,,,zarr,zarr,3.817
LOCA2,UCSD,IPSL-CM6A-LR,historical,r5i1p1f1,day,wspeed,d03,s3://cadcat/loca2/ucsd/ipsl-cm6a-lr/historical/r5i1p1f1/day/wspeed/d03/,check_dataset,time.extent.match,OK,0,Time axis 1950-2014 matches the documented extent.,,,zarr,zarr,3.817
LOCA2,UCSD,IPSL-CM6A-LR,historical,r5i1p1f1,day,wspeed,d03,s3://cadcat/loca2/ucsd/ipsl-cm6a-lr/historical/r5i1p1f1/day/wspeed/d03/,check_dataset,time.frequency.match,OK,0,Median step 24.00 h is consistent with 'day'.,,,zarr,zarr,3.817
LOCA2,UCSD,HadGEM3-GC31-LL,ssp245,r1i1p1f3,day,wspeed,d03,s3://cadcat/loca2/ucsd/hadgem3-gc31-ll/ssp245/r1i1p1f3/day/wspeed/d03/,check_dataset,store.consolidated,OK,0,Consolidated metadata (.zmetadata) present.,,,zarr,zarr,4.831
LOCA2,UCSD,HadGEM3-GC31-LL,ssp245,r1i1p1f3,day,wspeed,d03,s3://cadcat/loca2/ucsd/hadgem3-gc31-ll/ssp245/r1i1p1f3/day/wspeed/d03/,check_dataset,store.array.shape,INFO,10,"wspeed: shape (31411, 495, 559), chunks (1952, 123, 139), dtype <f4.",,"shape=(31411, 495, 559) chunks=(1952, 123, 139) dtype=<f4",zarr,zarr,4.831
LOCA2,UCSD,HadGEM3-GC31-LL,ssp245,r1i1p1f3,day,wspeed,d03,s3://cadcat/loca2/ucsd/hadgem3-gc31-ll/ssp245/r1i1p1f3/day/wspeed/d03/,check_dataset,var.present,OK,0,Variable 'wspeed' present as named in the catalog.,,,zarr,zarr,4.831
LOCA2,UCSD,HadGEM3-GC31-LL,ssp245,r1i1p1f3,day,wspeed,d03,s3://cadcat/loca2/ucsd/hadgem3-gc31-ll/ssp245/r1i1p1f3/day/wspeed/d03/,check_dataset,attr.var.standard_name.missing,INFO,10,CF-recommended attribute 'standard_name' is absent.,standard_name,,zarr,zarr,4.831
LOCA2,UCSD,HadGEM3-GC31-LL,ssp245,r1i1p1f3,day,wspeed,d03,s3://cadcat/loca2/ucsd/hadgem3-gc31-ll/ssp245/r1i1p1f3/day/wspeed/d03/,check_dataset,attr.var.cell_methods.missing,INFO,10,CF-recommended attribute 'cell_methods' is absent.,cell_methods,,zarr,zarr,4.831
LOCA2,UCSD,HadGEM3-GC31-LL,ssp245,r1i1p1f3,day,wspeed,d03,s3://cadcat/loca2/ucsd/hadgem3-gc31-ll/ssp245/r1i1p1f3/day/wspeed/d03/,check_dataset,units.match,OK,0,units 'm s-1' match the reference table.,,,zarr,zarr,4.831
LOCA2,UCSD,HadGEM3-GC31-LL,ssp245,r1i1p1f3,day,wspeed,d03,s3://cadcat/loca2/ucsd/hadgem3-gc31-ll/ssp245/r1i1p1f3/day/wspeed/d03/,check_dataset,long_name.differs,INFO,10,long_name differs from the reference table display name.,Wind speed at 10m,windspeed,zarr,zarr,4.831
LOCA2,UCSD,HadGEM3-GC31-LL,ssp245,r1i1p1f3,day,wspeed,d03,s3://cadcat/loca2/ucsd/hadgem3-gc31-ll/ssp245/r1i1p1f3/day/wspeed/d03/,check_dataset,grid.convention,INFO,10,"Store is on a geographic grid (['lat', 'lon', 'time']).",,geographic,zarr,zarr,4.831
LOCA2,UCSD,HadGEM3-GC31-LL,ssp245,r1i1p1f3,day,wspeed,d03,s3://cadcat/loca2/ucsd/hadgem3-gc31-ll/ssp245/r1i1p1f3/day/wspeed/d03/,check_dataset,crs.spatial_ref.missing,ERROR,30,LOCA2 stores should carry a spatial_ref coordinate holding the WGS84 definition.,spatial_ref,,zarr,zarr,4.831
LOCA2,UCSD,HadGEM3-GC31-LL,ssp245,r1i1p1f3,day,wspeed,d03,s3://cadcat/loca2/ucsd/hadgem3-gc31-ll/ssp245/r1i1p1f3/day/wspeed/d03/,check_dataset,attr.global.conventions.missing,ERROR,30,"No Conventions attribute. The standard asks every file to name the convention it follows, with CF preferred.",CF-1.x,,zarr,zarr,4.831
LOCA2,UCSD,HadGEM3-GC31-LL,ssp245,r1i1p1f3,day,wspeed,d03,s3://cadcat/loca2/ucsd/hadgem3-gc31-ll/ssp245/r1i1p1f3/day/wspeed/d03/,check_dataset,attr.global.recommended.missing,WARN,20,Missing 5 of 6 recommended global attributes; datasets are supposed to be self-describing.,"comment, history, institution, references, source, title","comment, history, institution, references, source",zarr,zarr,4.831
LOCA2,UCSD,HadGEM3-GC31-LL,ssp245,r1i1p1f3,day,wspeed,d03,s3://cadcat/loca2/ucsd/hadgem3-gc31-ll/ssp245/r1i1p1f3/day/wspeed/d03/,check_dataset,attr.global.empty,WARN,20,1 global attribute(s) are present but empty. A reader cannot tell an empty value from an unanswered question.,omit the attribute or give it a value,experiment,zarr,zarr,4.831
LOCA2,UCSD,HadGEM3-GC31-LL,ssp245,r1i1p1f3,day,wspeed,d03,s3://cadcat/loca2/ucsd/hadgem3-gc31-ll/ssp245/r1i1p1f3/day/wspeed/d03/,check_dataset,time.calendar,INFO,10,Calendar reported as 'proleptic_gregorian'.,,proleptic_gregorian,zarr,zarr,4.831
LOCA2,UCSD,HadGEM3-GC31-LL,ssp245,r1i1p1f3,day,wspeed,d03,s3://cadcat/loca2/ucsd/hadgem3-gc31-ll/ssp245/r1i1p1f3/day/wspeed/d03/,check_dataset,time.bounds.match,OK,0,Axis 2015-01-01..2100-12-31 matches the convention.,,,zarr,zarr,4.831
LOCA2,UCSD,HadGEM3-GC31-LL,ssp245,r1i1p1f3,day,wspeed,d03,s3://cadcat/loca2/ucsd/hadgem3-gc31-ll/ssp245/r1i1p1f3/day/wspeed/d03/,check_dataset,time.extent.match,OK,0,Time axis 2015-2100 matches the documented extent.,,,zarr,zarr,4.831
LOCA2,UCSD,HadGEM3-GC31-LL,ssp245,r1i1p1f3,day,wspeed,d03,s3://cadcat/loca2/ucsd/hadgem3-gc31-ll/ssp245/r1i1p1f3/day/wspeed/d03/,check_dataset,time.frequency.match,OK,0,Median step 24.00 h is consistent with 'day'.,,,zarr,zarr,4.831
LOCA2,UCSD,IPSL-CM6A-LR,ssp370,r8i1p1f1,day,wspeed,d03,s3://cadcat/loca2/ucsd/ipsl-cm6a-lr/ssp370/r8i1p1f1/day/wspeed/d03/,check_dataset,store.consolidated,OK,0,Consolidated metadata (.zmetadata) present.,,,zarr,zarr,4.942
LOCA2,UCSD,IPSL-CM6A-LR,ssp370,r8i1p1f1,day,wspeed,d03,s3://cadcat/loca2/ucsd/ipsl-cm6a-lr/ssp370/r8i1p1f1/day/wspeed/d03/,check_dataset,store.array.shape,INFO,10,"wspeed: shape (31411, 495, 559), chunks (1952, 123, 139), dtype <f4.",,"shape=(31411, 495, 559) chunks=(1952, 123, 139) dtype=<f4",zarr,zarr,4.942
LOCA2,UCSD,IPSL-CM6A-LR,ssp370,r8i1p1f1,day,wspeed,d03,s3://cadcat/loca2/ucsd/ipsl-cm6a-lr/ssp370/r8i1p1f1/day/wspeed/d03/,check_dataset,var.present,OK,0,Variable 'wspeed' present as named in the catalog.,,,zarr,zarr,4.942
LOCA2,UCSD,IPSL-CM6A-LR,ssp370,r8i1p1f1,day,wspeed,d03,s3://cadcat/loca2/ucsd/ipsl-cm6a-lr/ssp370/r8i1p1f1/day/wspeed/d03/,check_dataset,attr.var.standard_name.missing,INFO,10,CF-recommended attribute 'standard_name' is absent.,standard_name,,zarr,zarr,4.942
LOCA2,UCSD,IPSL-CM6A-LR,ssp370,r8i1p1f1,day,wspeed,d03,s3://cadcat/loca2/ucsd/ipsl-cm6a-lr/ssp370/r8i1p1f1/day/wspeed/d03/,check_dataset,attr.var.cell_methods.missing,INFO,10,CF-recommended attribute 'cell_methods' is absent.,cell_methods,,zarr,zarr,4.942
LOCA2,UCSD,IPSL-CM6A-LR,ssp370,r8i1p1f1,day,wspeed,d03,s3://cadcat/loca2/ucsd/ipsl-cm6a-lr/ssp370/r8i1p1f1/day/wspeed/d03/,check_dataset,units.match,OK,0,units 'm s-1' match the reference table.,,,zarr,zarr,4.942
LOCA2,UCSD,IPSL-CM6A-LR,ssp370,r8i1p1f1,day,wspeed,d03,s3://cadcat/loca2/ucsd/ipsl-cm6a-lr/ssp370/r8i1p1f1/day/wspeed/d03/,check_dataset,long_name.differs,INFO,10,long_name differs from the reference table display name.,Wind speed at 10m,windspeed,zarr,zarr,4.942
LOCA2,UCSD,IPSL-CM6A-LR,ssp370,r8i1p1f1,day,wspeed,d03,s3://cadcat/loca2/ucsd/ipsl-cm6a-lr/ssp370/r8i1p1f1/day/wspeed/d03/,check_dataset,grid.convention,INFO,10,"Store is on a geographic grid (['lat', 'lon', 'time']).",,geographic,zarr,zarr,4.942
LOCA2,UCSD,IPSL-CM6A-LR,ssp370,r8i1p1f1,day,wspeed,d03,s3://cadcat/loca2/ucsd/ipsl-cm6a-lr/ssp370/r8i1p1f1/day/wspeed/d03/,check_dataset,crs.spatial_ref.missing,ERROR,30,LOCA2 stores should carry a spatial_ref coordinate holding the WGS84 definition.,spatial_ref,,zarr,zarr,4.942
LOCA2,UCSD,IPSL-CM6A-LR,ssp370,r8i1p1f1,day,wspeed,d03,s3://cadcat/loca2/ucsd/ipsl-cm6a-lr/ssp370/r8i1p1f1/day/wspeed/d03/,check_dataset,attr.global.conventions.missing,ERROR,30,"No Conventions attribute. The standard asks every file to name the convention it follows, with CF preferred.",CF-1.x,,zarr,zarr,4.942
LOCA2,UCSD,IPSL-CM6A-LR,ssp370,r8i1p1f1,day,wspeed,d03,s3://cadcat/loca2/ucsd/ipsl-cm6a-lr/ssp370/r8i1p1f1/day/wspeed/d03/,check_dataset,attr.global.recommended.missing,WARN,20,Missing 5 of 6 recommended global attributes; datasets are supposed to be self-describing.,"comment, history, institution, references, source, title","comment, history, institution, references, source",zarr,zarr,4.942
LOCA2,UCSD,IPSL-CM6A-LR,ssp370,r8i1p1f1,day,wspeed,d03,s3://cadcat/loca2/ucsd/ipsl-cm6a-lr/ssp370/r8i1p1f1/day/wspeed/d03/,check_dataset,attr.global.empty,WARN,20,1 global attribute(s) are present but empty. A reader cannot tell an empty value from an unanswered question.,omit the attribute or give it a value,experiment,zarr,zarr,4.942
LOCA2,UCSD,IPSL-CM6A-LR,ssp370,r8i1p1f1,day,wspeed,d03,s3://cadcat/loca2/ucsd/ipsl-cm6a-lr/ssp370/r8i1p1f1/day/wspeed/d03/,check_dataset,time.calendar,INFO,10,Calendar reported as 'proleptic_gregorian'.,,proleptic_gregorian,zarr,zarr,4.942
LOCA2,UCSD,IPSL-CM6A-LR,ssp370,r8i1p1f1,day,wspeed,d03,s3://cadcat/loca2/ucsd/ipsl-cm6a-lr/ssp370/r8i1p1f1/day/wspeed/d03/,check_dataset,time.bounds.match,OK,0,Axis 2015-01-01..2100-12-31 matches the convention.,,,zarr,zarr,4.942
LOCA2,UCSD,IPSL-CM6A-LR,ssp370,r8i1p1f1,day,wspeed,d03,s3://cadcat/loca2/ucsd/ipsl-cm6a-lr/ssp370/r8i1p1f1/day/wspeed/d03/,check_dataset,time.extent.match,OK,0,Time axis 2015-2100 matches the documented extent.,,,zarr,zarr,4.942
LOCA2,UCSD,IPSL-CM6A-LR,ssp370,r8i1p1f1,day,wspeed,d03,s3://cadcat/loca2/ucsd/ipsl-cm6a-lr/ssp370/r8i1p1f1/day/wspeed/d03/,check_dataset,time.frequency.match,OK,0,Median step 24.00 h is consistent with 'day'.,,,zarr,zarr,4.942
LOCA2,UCSD,EC-Earth3,ssp585,r1i1p1f1,day,wspeed,d03,s3://cadcat/loca2/ucsd/ec-earth3/ssp585/r1i1p1f1/day/wspeed/d03/,check_dataset,store.consolidated,OK,0,Consolidated metadata (.zmetadata) present.,,,zarr,zarr,4.831
LOCA2,UCSD,EC-Earth3,ssp585,r1i1p1f1,day,wspeed,d03,s3://cadcat/loca2/ucsd/ec-earth3/ssp585/r1i1p1f1/day/wspeed/d03/,check_dataset,store.array.shape,INFO,10,"wspeed: shape (31411, 495, 559), chunks (1952, 123, 139), dtype <f4.",,"shape=(31411, 495, 559) chunks=(1952, 123, 139) dtype=<f4",zarr,zarr,4.831
LOCA2,UCSD,EC-Earth3,ssp585,r1i1p1f1,day,wspeed,d03,s3://cadcat/loca2/ucsd/ec-earth3/ssp585/r1i1p1f1/day/wspeed/d03/,check_dataset,var.present,OK,0,Variable 'wspeed' present as named in the catalog.,,,zarr,zarr,4.831
LOCA2,UCSD,EC-Earth3,ssp585,r1i1p1f1,day,wspeed,d03,s3://cadcat/loca2/ucsd/ec-earth3/ssp585/r1i1p1f1/day/wspeed/d03/,check_dataset,attr.var.standard_name.missing,INFO,10,CF-recommended attribute 'standard_name' is absent.,standard_name,,zarr,zarr,4.831
LOCA2,UCSD,EC-Earth3,ssp585,r1i1p1f1,day,wspeed,d03,s3://cadcat/loca2/ucsd/ec-earth3/ssp585/r1i1p1f1/day/wspeed/d03/,check_dataset,attr.var.cell_methods.missing,INFO,10,CF-recommended attribute 'cell_methods' is absent.,cell_methods,,zarr,zarr,4.831
LOCA2,UCSD,EC-Earth3,ssp585,r1i1p1f1,day,wspeed,d03,s3://cadcat/loca2/ucsd/ec-earth3/ssp585/r1i1p1f1/day/wspeed/d03/,check_dataset,units.match,OK,0,units 'm s-1' match the reference table.,,,zarr,zarr,4.831
LOCA2,UCSD,EC-Earth3,ssp585,r1i1p1f1,day,wspeed,d03,s3://cadcat/loca2/ucsd/ec-earth3/ssp585/r1i1p1f1/day/wspeed/d03/,check_dataset,long_name.differs,INFO,10,long_name differs from the reference table display name.,Wind speed at 10m,windspeed,zarr,zarr,4.831
LOCA2,UCSD,EC-Earth3,ssp585,r1i1p1f1,day,wspeed,d03,s3://cadcat/loca2/ucsd/ec-earth3/ssp585/r1i1p1f1/day/wspeed/d03/,check_dataset,grid.convention,INFO,10,"Store is on a geographic grid (['lat', 'lon', 'time']).",,geographic,zarr,zarr,4.831
LOCA2,UCSD,EC-Earth3,ssp585,r1i1p1f1,day,wspeed,d03,s3://cadcat/loca2/ucsd/ec-earth3/ssp585/r1i1p1f1/day/wspeed/d03/,check_dataset,crs.spatial_ref.missing,ERROR,30,LOCA2 stores should carry a spatial_ref coordinate holding the WGS84 definition.,spatial_ref,,zarr,zarr,4.831
LOCA2,UCSD,EC-Earth3,ssp585,r1i1p1f1,day,wspeed,d03,s3://cadcat/loca2/ucsd/ec-earth3/ssp585/r1i1p1f1/day/wspeed/d03/,check_dataset,attr.global.conventions.missing,ERROR,30,"No Conventions attribute. The standard asks every file to name the convention it follows, with CF preferred.",CF-1.x,,zarr,zarr,4.831
LOCA2,UCSD,EC-Earth3,ssp585,r1i1p1f1,day,wspeed,d03,s3://cadcat/loca2/ucsd/ec-earth3/ssp585/r1i1p1f1/day/wspeed/d03/,check_dataset,attr.global.recommended.missing,WARN,20,Missing 5 of 6 recommended global attributes; datasets are supposed to be self-describing.,"comment, history, institution, references, source, title","comment, history, institution, references, source",zarr,zarr,4.831
LOCA2,UCSD,EC-Earth3,ssp585,r1i1p1f1,day,wspeed,d03,s3://cadcat/loca2/ucsd/ec-earth3/ssp585/r1i1p1f1/day/wspeed/d03/,check_dataset,attr.global.empty,WARN,20,1 global attribute(s) are present but empty. A reader cannot tell an empty value from an unanswered question.,omit the attribute or give it a value,experiment,zarr,zarr,4.831
LOCA2,UCSD,EC-Earth3,ssp585,r1i1p1f1,day,wspeed,d03,s3://cadcat/loca2/ucsd/ec-earth3/ssp585/r1i1p1f1/day/wspeed/d03/,check_dataset,time.calendar,INFO,10,Calendar reported as 'proleptic_gregorian'.,,proleptic_gregorian,zarr,zarr,4.831
LOCA2,UCSD,EC-Earth3,ssp585,r1i1p1f1,day,wspeed,d03,s3://cadcat/loca2/ucsd/ec-earth3/ssp585/r1i1p1f1/day/wspeed/d03/,check_dataset,time.bounds.match,OK,0,Axis 2015-01-01..2100-12-31 matches the convention.,,,zarr,zarr,4.831
LOCA2,UCSD,EC-Earth3,ssp585,r1i1p1f1,day,wspeed,d03,s3://cadcat/loca2/ucsd/ec-earth3/ssp585/r1i1p1f1/day/wspeed/d03/,check_dataset,time.extent.match,OK,0,Time axis 2015-2100 matches the documented extent.,,,zarr,zarr,4.831
LOCA2,UCSD,EC-Earth3,ssp585,r1i1p1f1,day,wspeed,d03,s3://cadcat/loca2/ucsd/ec-earth3/ssp585/r1i1p1f1/day/wspeed/d03/,check_dataset,time.frequency.match,OK,0,Median step 24.00 h is consistent with 'day'.,,,zarr,zarr,4.831
