activity_id,institution_id,source_id,experiment_id,member_id,table_id,variable_id,grid_label,path,code,verdict,in_store,in_delivered,level,store_level,delivered_level,requirement,doc,doc_url,store_message,delivered_message
LOCA2,UCSD,FGOALS-g3,historical,r5i1p1f1,day,pr,d03,s3://cadcat/loca2/ucsd/fgoals-g3/historical/r5i1p1f1/day/pr/d03/,attr.global.recommended.missing,introduced_by_reader,False,True,ERROR,,WARN,"Recommended global attributes: title, institution, source, references, history, comment.",Metadata Standards,https://analytics.cal-adapt.org/data-tools/data-documentation/metadata-standards.html,,Missing 4 of 6 recommended global attributes; datasets are supposed to be self-describing.
LOCA2,UCSD,FGOALS-g3,historical,r5i1p1f1,day,tasmax,d03,s3://cadcat/loca2/ucsd/fgoals-g3/historical/r5i1p1f1/day/tasmax/d03/,attr.global.recommended.missing,introduced_by_reader,False,True,ERROR,,WARN,"Recommended global attributes: title, institution, source, references, history, comment.",Metadata Standards,https://analytics.cal-adapt.org/data-tools/data-documentation/metadata-standards.html,,Missing 4 of 6 recommended global attributes; datasets are supposed to be self-describing.
LOCA2,UCSD,FGOALS-g3,historical,r5i1p1f1,day,tasmin,d03,s3://cadcat/loca2/ucsd/fgoals-g3/historical/r5i1p1f1/day/tasmin/d03/,attr.global.recommended.missing,introduced_by_reader,False,True,ERROR,,WARN,"Recommended global attributes: title, institution, source, references, history, comment.",Metadata Standards,https://analytics.cal-adapt.org/data-tools/data-documentation/metadata-standards.html,,Missing 4 of 6 recommended global attributes; datasets are supposed to be self-describing.
LOCA2,UCSD,HadGEM3-GC31-LL,historical,r2i1p1f3,day,hursmax,d03,s3://cadcat/loca2/ucsd/hadgem3-gc31-ll/historical/r2i1p1f3/day/hursmax/d03/,dataset.aggregated,introduced_by_reader,False,True,ERROR,,WARN,A query pinning every available facet should identify one store.,Data Structure and Format,https://analytics.cal-adapt.org/data-tools/data-documentation/data-structure-and-format.html,,"This result combines several stores (sim=3) rather than being a single published dataset. Time alignment across members can drop dates that any one member lacks, so gaps and calendar findings here are properties of the aggregation, not of the archive."
LOCA2,UCSD,EC-Earth3,ssp245,r2i1p1f1,day,hursmax,d03,s3://cadcat/loca2/ucsd/ec-earth3/ssp245/r2i1p1f1/day/hursmax/d03/,dataset.aggregated,introduced_by_reader,False,True,ERROR,,WARN,A query pinning every available facet should identify one store.,Data Structure and Format,https://analytics.cal-adapt.org/data-tools/data-documentation/data-structure-and-format.html,,"This result combines several stores (sim=3) rather than being a single published dataset. Time alignment across members can drop dates that any one member lacks, so gaps and calendar findings here are properties of the aggregation, not of the archive."
LOCA2,UCSD,KACE-1-0-G,ssp370,r1i1p1f1,day,hursmax,d03,s3://cadcat/loca2/ucsd/kace-1-0-g/ssp370/r1i1p1f1/day/hursmax/d03/,dataset.aggregated,introduced_by_reader,False,True,ERROR,,WARN,A query pinning every available facet should identify one store.,Data Structure and Format,https://analytics.cal-adapt.org/data-tools/data-documentation/data-structure-and-format.html,,"This result combines several stores (sim=3) rather than being a single published dataset. Time alignment across members can drop dates that any one member lacks, so gaps and calendar findings here are properties of the aggregation, not of the archive."
LOCA2,UCSD,EC-Earth3,ssp585,r3i1p1f1,day,hursmax,d03,s3://cadcat/loca2/ucsd/ec-earth3/ssp585/r3i1p1f1/day/hursmax/d03/,dataset.aggregated,introduced_by_reader,False,True,ERROR,,WARN,A query pinning every available facet should identify one store.,Data Structure and Format,https://analytics.cal-adapt.org/data-tools/data-documentation/data-structure-and-format.html,,"This result combines several stores (sim=3) rather than being a single published dataset. Time alignment across members can drop dates that any one member lacks, so gaps and calendar findings here are properties of the aggregation, not of the archive."
LOCA2,UCSD,HadGEM3-GC31-LL,historical,r2i1p1f3,day,hursmin,d03,s3://cadcat/loca2/ucsd/hadgem3-gc31-ll/historical/r2i1p1f3/day/hursmin/d03/,dataset.aggregated,introduced_by_reader,False,True,ERROR,,WARN,A query pinning every available facet should identify one store.,Data Structure and Format,https://analytics.cal-adapt.org/data-tools/data-documentation/data-structure-and-format.html,,"This result combines several stores (sim=3) rather than being a single published dataset. Time alignment across members can drop dates that any one member lacks, so gaps and calendar findings here are properties of the aggregation, not of the archive."
LOCA2,UCSD,EC-Earth3,ssp245,r2i1p1f1,day,hursmin,d03,s3://cadcat/loca2/ucsd/ec-earth3/ssp245/r2i1p1f1/day/hursmin/d03/,dataset.aggregated,introduced_by_reader,False,True,ERROR,,WARN,A query pinning every available facet should identify one store.,Data Structure and Format,https://analytics.cal-adapt.org/data-tools/data-documentation/data-structure-and-format.html,,"This result combines several stores (sim=3) rather than being a single published dataset. Time alignment across members can drop dates that any one member lacks, so gaps and calendar findings here are properties of the aggregation, not of the archive."
LOCA2,UCSD,KACE-1-0-G,ssp370,r1i1p1f1,day,hursmin,d03,s3://cadcat/loca2/ucsd/kace-1-0-g/ssp370/r1i1p1f1/day/hursmin/d03/,dataset.aggregated,introduced_by_reader,False,True,ERROR,,WARN,A query pinning every available facet should identify one store.,Data Structure and Format,https://analytics.cal-adapt.org/data-tools/data-documentation/data-structure-and-format.html,,"This result combines several stores (sim=3) rather than being a single published dataset. Time alignment across members can drop dates that any one member lacks, so gaps and calendar findings here are properties of the aggregation, not of the archive."
LOCA2,UCSD,EC-Earth3,ssp585,r3i1p1f1,day,hursmin,d03,s3://cadcat/loca2/ucsd/ec-earth3/ssp585/r3i1p1f1/day/hursmin/d03/,dataset.aggregated,introduced_by_reader,False,True,ERROR,,WARN,A query pinning every available facet should identify one store.,Data Structure and Format,https://analytics.cal-adapt.org/data-tools/data-documentation/data-structure-and-format.html,,"This result combines several stores (sim=3) rather than being a single published dataset. Time alignment across members can drop dates that any one member lacks, so gaps and calendar findings here are properties of the aggregation, not of the archive."
LOCA2,UCSD,INM-CM5-0,historical,r2i1p1f1,day,huss,d03,s3://cadcat/loca2/ucsd/inm-cm5-0/historical/r2i1p1f1/day/huss/d03/,dataset.aggregated,introduced_by_reader,False,True,ERROR,,WARN,A query pinning every available facet should identify one store.,Data Structure and Format,https://analytics.cal-adapt.org/data-tools/data-documentation/data-structure-and-format.html,,"This result combines several stores (sim=5) rather than being a single published dataset. Time alignment across members can drop dates that any one member lacks, so gaps and calendar findings here are properties of the aggregation, not of the archive."
LOCA2,UCSD,EC-Earth3-Veg,ssp245,r5i1p1f1,day,huss,d03,s3://cadcat/loca2/ucsd/ec-earth3-veg/ssp245/r5i1p1f1/day/huss/d03/,dataset.aggregated,introduced_by_reader,False,True,ERROR,,WARN,A query pinning every available facet should identify one store.,Data Structure and Format,https://analytics.cal-adapt.org/data-tools/data-documentation/data-structure-and-format.html,,"This result combines several stores (sim=5) rather than being a single published dataset. Time alignment across members can drop dates that any one member lacks, so gaps and calendar findings here are properties of the aggregation, not of the archive."
LOCA2,UCSD,KACE-1-0-G,ssp370,r1i1p1f1,day,huss,d03,s3://cadcat/loca2/ucsd/kace-1-0-g/ssp370/r1i1p1f1/day/huss/d03/,dataset.aggregated,introduced_by_reader,False,True,ERROR,,WARN,A query pinning every available facet should identify one store.,Data Structure and Format,https://analytics.cal-adapt.org/data-tools/data-documentation/data-structure-and-format.html,,"This result combines several stores (sim=3) rather than being a single published dataset. Time alignment across members can drop dates that any one member lacks, so gaps and calendar findings here are properties of the aggregation, not of the archive."
LOCA2,UCSD,MPI-ESM1-2-HR,ssp585,r2i1p1f1,day,huss,d03,s3://cadcat/loca2/ucsd/mpi-esm1-2-hr/ssp585/r2i1p1f1/day/huss/d03/,dataset.aggregated,introduced_by_reader,False,True,ERROR,,WARN,A query pinning every available facet should identify one store.,Data Structure and Format,https://analytics.cal-adapt.org/data-tools/data-documentation/data-structure-and-format.html,,"This result combines several stores (sim=2) rather than being a single published dataset. Time alignment across members can drop dates that any one member lacks, so gaps and calendar findings here are properties of the aggregation, not of the archive."
LOCA2,UCSD,FGOALS-g3,historical,r5i1p1f1,day,pr,d03,s3://cadcat/loca2/ucsd/fgoals-g3/historical/r5i1p1f1/day/pr/d03/,dataset.aggregated,introduced_by_reader,False,True,ERROR,,WARN,A query pinning every available facet should identify one store.,Data Structure and Format,https://analytics.cal-adapt.org/data-tools/data-documentation/data-structure-and-format.html,,"This result combines several stores (sim=4) rather than being a single published dataset. Time alignment across members can drop dates that any one member lacks, so gaps and calendar findings here are properties of the aggregation, not of the archive."
LOCA2,UCSD,EC-Earth3-Veg,ssp245,r5i1p1f1,day,pr,d03,s3://cadcat/loca2/ucsd/ec-earth3-veg/ssp245/r5i1p1f1/day/pr/d03/,dataset.aggregated,introduced_by_reader,False,True,ERROR,,WARN,A query pinning every available facet should identify one store.,Data Structure and Format,https://analytics.cal-adapt.org/data-tools/data-documentation/data-structure-and-format.html,,"This result combines several stores (sim=5) rather than being a single published dataset. Time alignment across members can drop dates that any one member lacks, so gaps and calendar findings here are properties of the aggregation, not of the archive."
LOCA2,UCSD,IPSL-CM6A-LR,ssp370,r10i1p1f1,day,pr,d03,s3://cadcat/loca2/ucsd/ipsl-cm6a-lr/ssp370/r10i1p1f1/day/pr/d03/,dataset.aggregated,introduced_by_reader,False,True,ERROR,,WARN,A query pinning every available facet should identify one store.,Data Structure and Format,https://analytics.cal-adapt.org/data-tools/data-documentation/data-structure-and-format.html,,"This result combines several stores (sim=10) rather than being a single published dataset. Time alignment across members can drop dates that any one member lacks, so gaps and calendar findings here are properties of the aggregation, not of the archive."
LOCA2,UCSD,FGOALS-g3,ssp585,r1i1p1f1,day,pr,d03,s3://cadcat/loca2/ucsd/fgoals-g3/ssp585/r1i1p1f1/day/pr/d03/,dataset.aggregated,introduced_by_reader,False,True,ERROR,,WARN,A query pinning every available facet should identify one store.,Data Structure and Format,https://analytics.cal-adapt.org/data-tools/data-documentation/data-structure-and-format.html,,"This result combines several stores (sim=3) rather than being a single published dataset. Time alignment across members can drop dates that any one member lacks, so gaps and calendar findings here are properties of the aggregation, not of the archive."
LOCA2,UCSD,IPSL-CM6A-LR,historical,r5i1p1f1,day,rsds,d03,s3://cadcat/loca2/ucsd/ipsl-cm6a-lr/historical/r5i1p1f1/day/rsds/d03/,dataset.aggregated,introduced_by_reader,False,True,ERROR,,WARN,A query pinning every available facet should identify one store.,Data Structure and Format,https://analytics.cal-adapt.org/data-tools/data-documentation/data-structure-and-format.html,,"This result combines several stores (sim=10) rather than being a single published dataset. Time alignment across members can drop dates that any one member lacks, so gaps and calendar findings here are properties of the aggregation, not of the archive."
LOCA2,UCSD,EC-Earth3,ssp245,r1i1p1f1,day,rsds,d03,s3://cadcat/loca2/ucsd/ec-earth3/ssp245/r1i1p1f1/day/rsds/d03/,dataset.aggregated,introduced_by_reader,False,True,ERROR,,WARN,A query pinning every available facet should identify one store.,Data Structure and Format,https://analytics.cal-adapt.org/data-tools/data-documentation/data-structure-and-format.html,,"This result combines several stores (sim=3) rather than being a single published dataset. Time alignment across members can drop dates that any one member lacks, so gaps and calendar findings here are properties of the aggregation, not of the archive."
LOCA2,UCSD,MIROC6,ssp370,r1i1p1f1,day,rsds,d03,s3://cadcat/loca2/ucsd/miroc6/ssp370/r1i1p1f1/day/rsds/d03/,dataset.aggregated,introduced_by_reader,False,True,ERROR,,WARN,A query pinning every available facet should identify one store.,Data Structure and Format,https://analytics.cal-adapt.org/data-tools/data-documentation/data-structure-and-format.html,,"This result combines several stores (sim=3) rather than being a single published dataset. Time alignment across members can drop dates that any one member lacks, so gaps and calendar findings here are properties of the aggregation, not of the archive."
LOCA2,UCSD,EC-Earth3,ssp585,r1i1p1f1,day,rsds,d03,s3://cadcat/loca2/ucsd/ec-earth3/ssp585/r1i1p1f1/day/rsds/d03/,dataset.aggregated,introduced_by_reader,False,True,ERROR,,WARN,A query pinning every available facet should identify one store.,Data Structure and Format,https://analytics.cal-adapt.org/data-tools/data-documentation/data-structure-and-format.html,,"This result combines several stores (sim=3) rather than being a single published dataset. Time alignment across members can drop dates that any one member lacks, so gaps and calendar findings here are properties of the aggregation, not of the archive."
LOCA2,UCSD,FGOALS-g3,historical,r5i1p1f1,day,tasmax,d03,s3://cadcat/loca2/ucsd/fgoals-g3/historical/r5i1p1f1/day/tasmax/d03/,dataset.aggregated,introduced_by_reader,False,True,ERROR,,WARN,A query pinning every available facet should identify one store.,Data Structure and Format,https://analytics.cal-adapt.org/data-tools/data-documentation/data-structure-and-format.html,,"This result combines several stores (sim=4) rather than being a single published dataset. Time alignment across members can drop dates that any one member lacks, so gaps and calendar findings here are properties of the aggregation, not of the archive."
LOCA2,UCSD,EC-Earth3-Veg,ssp245,r5i1p1f1,day,tasmax,d03,s3://cadcat/loca2/ucsd/ec-earth3-veg/ssp245/r5i1p1f1/day/tasmax/d03/,dataset.aggregated,introduced_by_reader,False,True,ERROR,,WARN,A query pinning every available facet should identify one store.,Data Structure and Format,https://analytics.cal-adapt.org/data-tools/data-documentation/data-structure-and-format.html,,"This result combines several stores (sim=5) rather than being a single published dataset. Time alignment across members can drop dates that any one member lacks, so gaps and calendar findings here are properties of the aggregation, not of the archive."
LOCA2,UCSD,IPSL-CM6A-LR,ssp370,r10i1p1f1,day,tasmax,d03,s3://cadcat/loca2/ucsd/ipsl-cm6a-lr/ssp370/r10i1p1f1/day/tasmax/d03/,dataset.aggregated,introduced_by_reader,False,True,ERROR,,WARN,A query pinning every available facet should identify one store.,Data Structure and Format,https://analytics.cal-adapt.org/data-tools/data-documentation/data-structure-and-format.html,,"This result combines several stores (sim=10) rather than being a single published dataset. Time alignment across members can drop dates that any one member lacks, so gaps and calendar findings here are properties of the aggregation, not of the archive."
LOCA2,UCSD,FGOALS-g3,ssp585,r1i1p1f1,day,tasmax,d03,s3://cadcat/loca2/ucsd/fgoals-g3/ssp585/r1i1p1f1/day/tasmax/d03/,dataset.aggregated,introduced_by_reader,False,True,ERROR,,WARN,A query pinning every available facet should identify one store.,Data Structure and Format,https://analytics.cal-adapt.org/data-tools/data-documentation/data-structure-and-format.html,,"This result combines several stores (sim=3) rather than being a single published dataset. Time alignment across members can drop dates that any one member lacks, so gaps and calendar findings here are properties of the aggregation, not of the archive."
LOCA2,UCSD,FGOALS-g3,historical,r5i1p1f1,day,tasmin,d03,s3://cadcat/loca2/ucsd/fgoals-g3/historical/r5i1p1f1/day/tasmin/d03/,dataset.aggregated,introduced_by_reader,False,True,ERROR,,WARN,A query pinning every available facet should identify one store.,Data Structure and Format,https://analytics.cal-adapt.org/data-tools/data-documentation/data-structure-and-format.html,,"This result combines several stores (sim=4) rather than being a single published dataset. Time alignment across members can drop dates that any one member lacks, so gaps and calendar findings here are properties of the aggregation, not of the archive."
LOCA2,UCSD,EC-Earth3-Veg,ssp245,r5i1p1f1,day,tasmin,d03,s3://cadcat/loca2/ucsd/ec-earth3-veg/ssp245/r5i1p1f1/day/tasmin/d03/,dataset.aggregated,introduced_by_reader,False,True,ERROR,,WARN,A query pinning every available facet should identify one store.,Data Structure and Format,https://analytics.cal-adapt.org/data-tools/data-documentation/data-structure-and-format.html,,"This result combines several stores (sim=5) rather than being a single published dataset. Time alignment across members can drop dates that any one member lacks, so gaps and calendar findings here are properties of the aggregation, not of the archive."
LOCA2,UCSD,IPSL-CM6A-LR,ssp370,r10i1p1f1,day,tasmin,d03,s3://cadcat/loca2/ucsd/ipsl-cm6a-lr/ssp370/r10i1p1f1/day/tasmin/d03/,dataset.aggregated,introduced_by_reader,False,True,ERROR,,WARN,A query pinning every available facet should identify one store.,Data Structure and Format,https://analytics.cal-adapt.org/data-tools/data-documentation/data-structure-and-format.html,,"This result combines several stores (sim=10) rather than being a single published dataset. Time alignment across members can drop dates that any one member lacks, so gaps and calendar findings here are properties of the aggregation, not of the archive."
LOCA2,UCSD,FGOALS-g3,ssp585,r1i1p1f1,day,tasmin,d03,s3://cadcat/loca2/ucsd/fgoals-g3/ssp585/r1i1p1f1/day/tasmin/d03/,dataset.aggregated,introduced_by_reader,False,True,ERROR,,WARN,A query pinning every available facet should identify one store.,Data Structure and Format,https://analytics.cal-adapt.org/data-tools/data-documentation/data-structure-and-format.html,,"This result combines several stores (sim=3) rather than being a single published dataset. Time alignment across members can drop dates that any one member lacks, so gaps and calendar findings here are properties of the aggregation, not of the archive."
LOCA2,UCSD,IPSL-CM6A-LR,historical,r5i1p1f1,day,uas,d03,s3://cadcat/loca2/ucsd/ipsl-cm6a-lr/historical/r5i1p1f1/day/uas/d03/,dataset.aggregated,introduced_by_reader,False,True,ERROR,,WARN,A query pinning every available facet should identify one store.,Data Structure and Format,https://analytics.cal-adapt.org/data-tools/data-documentation/data-structure-and-format.html,,"This result combines several stores (sim=10) rather than being a single published dataset. Time alignment across members can drop dates that any one member lacks, so gaps and calendar findings here are properties of the aggregation, not of the archive."
LOCA2,UCSD,IPSL-CM6A-LR,ssp370,r8i1p1f1,day,uas,d03,s3://cadcat/loca2/ucsd/ipsl-cm6a-lr/ssp370/r8i1p1f1/day/uas/d03/,dataset.aggregated,introduced_by_reader,False,True,ERROR,,WARN,A query pinning every available facet should identify one store.,Data Structure and Format,https://analytics.cal-adapt.org/data-tools/data-documentation/data-structure-and-format.html,,"This result combines several stores (sim=10) rather than being a single published dataset. Time alignment across members can drop dates that any one member lacks, so gaps and calendar findings here are properties of the aggregation, not of the archive."
LOCA2,UCSD,EC-Earth3,ssp585,r1i1p1f1,day,uas,d03,s3://cadcat/loca2/ucsd/ec-earth3/ssp585/r1i1p1f1/day/uas/d03/,dataset.aggregated,introduced_by_reader,False,True,ERROR,,WARN,A query pinning every available facet should identify one store.,Data Structure and Format,https://analytics.cal-adapt.org/data-tools/data-documentation/data-structure-and-format.html,,"This result combines several stores (sim=3) rather than being a single published dataset. Time alignment across members can drop dates that any one member lacks, so gaps and calendar findings here are properties of the aggregation, not of the archive."
LOCA2,UCSD,IPSL-CM6A-LR,historical,r5i1p1f1,day,vas,d03,s3://cadcat/loca2/ucsd/ipsl-cm6a-lr/historical/r5i1p1f1/day/vas/d03/,dataset.aggregated,introduced_by_reader,False,True,ERROR,,WARN,A query pinning every available facet should identify one store.,Data Structure and Format,https://analytics.cal-adapt.org/data-tools/data-documentation/data-structure-and-format.html,,"This result combines several stores (sim=10) rather than being a single published dataset. Time alignment across members can drop dates that any one member lacks, so gaps and calendar findings here are properties of the aggregation, not of the archive."
LOCA2,UCSD,IPSL-CM6A-LR,ssp370,r8i1p1f1,day,vas,d03,s3://cadcat/loca2/ucsd/ipsl-cm6a-lr/ssp370/r8i1p1f1/day/vas/d03/,dataset.aggregated,introduced_by_reader,False,True,ERROR,,WARN,A query pinning every available facet should identify one store.,Data Structure and Format,https://analytics.cal-adapt.org/data-tools/data-documentation/data-structure-and-format.html,,"This result combines several stores (sim=10) rather than being a single published dataset. Time alignment across members can drop dates that any one member lacks, so gaps and calendar findings here are properties of the aggregation, not of the archive."
LOCA2,UCSD,EC-Earth3,ssp585,r1i1p1f1,day,vas,d03,s3://cadcat/loca2/ucsd/ec-earth3/ssp585/r1i1p1f1/day/vas/d03/,dataset.aggregated,introduced_by_reader,False,True,ERROR,,WARN,A query pinning every available facet should identify one store.,Data Structure and Format,https://analytics.cal-adapt.org/data-tools/data-documentation/data-structure-and-format.html,,"This result combines several stores (sim=3) rather than being a single published dataset. Time alignment across members can drop dates that any one member lacks, so gaps and calendar findings here are properties of the aggregation, not of the archive."
LOCA2,UCSD,IPSL-CM6A-LR,historical,r5i1p1f1,day,wspeed,d03,s3://cadcat/loca2/ucsd/ipsl-cm6a-lr/historical/r5i1p1f1/day/wspeed/d03/,dataset.aggregated,introduced_by_reader,False,True,ERROR,,WARN,A query pinning every available facet should identify one store.,Data Structure and Format,https://analytics.cal-adapt.org/data-tools/data-documentation/data-structure-and-format.html,,"This result combines several stores (sim=10) rather than being a single published dataset. Time alignment across members can drop dates that any one member lacks, so gaps and calendar findings here are properties of the aggregation, not of the archive."
LOCA2,UCSD,IPSL-CM6A-LR,ssp370,r8i1p1f1,day,wspeed,d03,s3://cadcat/loca2/ucsd/ipsl-cm6a-lr/ssp370/r8i1p1f1/day/wspeed/d03/,dataset.aggregated,introduced_by_reader,False,True,ERROR,,WARN,A query pinning every available facet should identify one store.,Data Structure and Format,https://analytics.cal-adapt.org/data-tools/data-documentation/data-structure-and-format.html,,"This result combines several stores (sim=10) rather than being a single published dataset. Time alignment across members can drop dates that any one member lacks, so gaps and calendar findings here are properties of the aggregation, not of the archive."
LOCA2,UCSD,EC-Earth3,ssp585,r1i1p1f1,day,wspeed,d03,s3://cadcat/loca2/ucsd/ec-earth3/ssp585/r1i1p1f1/day/wspeed/d03/,dataset.aggregated,introduced_by_reader,False,True,ERROR,,WARN,A query pinning every available facet should identify one store.,Data Structure and Format,https://analytics.cal-adapt.org/data-tools/data-documentation/data-structure-and-format.html,,"This result combines several stores (sim=3) rather than being a single published dataset. Time alignment across members can drop dates that any one member lacks, so gaps and calendar findings here are properties of the aggregation, not of the archive."
LOCA2,UCSD,HadGEM3-GC31-LL,ssp245,r1i1p1f3,day,uas,d03,s3://cadcat/loca2/ucsd/hadgem3-gc31-ll/ssp245/r1i1p1f3/day/uas/d03/,time.gaps,introduced_by_reader,False,True,ERROR,,WARN,The time variable must represent time elapsed since a reference date; Gregorian is preferred.,Metadata Standards,https://analytics.cal-adapt.org/data-tools/data-documentation/metadata-standards.html,,21 interval(s) fall outside the expected step for 'day'; largest is 48.0 h. Expect missing periods.
LOCA2,UCSD,HadGEM3-GC31-LL,ssp245,r1i1p1f3,day,vas,d03,s3://cadcat/loca2/ucsd/hadgem3-gc31-ll/ssp245/r1i1p1f3/day/vas/d03/,time.gaps,introduced_by_reader,False,True,ERROR,,WARN,The time variable must represent time elapsed since a reference date; Gregorian is preferred.,Metadata Standards,https://analytics.cal-adapt.org/data-tools/data-documentation/metadata-standards.html,,21 interval(s) fall outside the expected step for 'day'; largest is 48.0 h. Expect missing periods.
LOCA2,UCSD,HadGEM3-GC31-LL,ssp245,r1i1p1f3,day,wspeed,d03,s3://cadcat/loca2/ucsd/hadgem3-gc31-ll/ssp245/r1i1p1f3/day/wspeed/d03/,time.gaps,introduced_by_reader,False,True,ERROR,,WARN,The time variable must represent time elapsed since a reference date; Gregorian is preferred.,Metadata Standards,https://analytics.cal-adapt.org/data-tools/data-documentation/metadata-standards.html,,21 interval(s) fall outside the expected step for 'day'; largest is 48.0 h. Expect missing periods.
LOCA2,UCSD,HadGEM3-GC31-LL,ssp245,r1i1p1f3,day,uas,d03,s3://cadcat/loca2/ucsd/hadgem3-gc31-ll/ssp245/r1i1p1f3/day/uas/d03/,time.leap.calendar_contradiction,introduced_by_reader,False,True,ERROR,,ERROR,Documented leap-day behaviour per model; LOCA2 models were interpolated to include leap days.,Climate Model Simulations,https://analytics.cal-adapt.org/data-tools/data-documentation/climate-model-sims.html,,"Calendar is 'proleptic_gregorian', which has leap days, but the axis contains no 29 February across 21 leap year(s) in range. The time coordinate and its own calendar attribute disagree; resampling or day-of-year alignment will drift by a day after each leap year."
LOCA2,UCSD,HadGEM3-GC31-LL,ssp245,r1i1p1f3,day,vas,d03,s3://cadcat/loca2/ucsd/hadgem3-gc31-ll/ssp245/r1i1p1f3/day/vas/d03/,time.leap.calendar_contradiction,introduced_by_reader,False,True,ERROR,,ERROR,Documented leap-day behaviour per model; LOCA2 models were interpolated to include leap days.,Climate Model Simulations,https://analytics.cal-adapt.org/data-tools/data-documentation/climate-model-sims.html,,"Calendar is 'proleptic_gregorian', which has leap days, but the axis contains no 29 February across 21 leap year(s) in range. The time coordinate and its own calendar attribute disagree; resampling or day-of-year alignment will drift by a day after each leap year."
LOCA2,UCSD,HadGEM3-GC31-LL,ssp245,r1i1p1f3,day,wspeed,d03,s3://cadcat/loca2/ucsd/hadgem3-gc31-ll/ssp245/r1i1p1f3/day/wspeed/d03/,time.leap.calendar_contradiction,introduced_by_reader,False,True,ERROR,,ERROR,Documented leap-day behaviour per model; LOCA2 models were interpolated to include leap days.,Climate Model Simulations,https://analytics.cal-adapt.org/data-tools/data-documentation/climate-model-sims.html,,"Calendar is 'proleptic_gregorian', which has leap days, but the axis contains no 29 February across 21 leap year(s) in range. The time coordinate and its own calendar attribute disagree; resampling or day-of-year alignment will drift by a day after each leap year."
LOCA2,UCSD,HadGEM3-GC31-LL,ssp245,r1i1p1f3,day,uas,d03,s3://cadcat/loca2/ucsd/hadgem3-gc31-ll/ssp245/r1i1p1f3/day/uas/d03/,attr.global.conventions.missing,both,True,True,ERROR,ERROR,ERROR,Each file must list the standard convention used to organize the data; CF Convention is preferred.,Metadata Standards,https://analytics.cal-adapt.org/data-tools/data-documentation/metadata-standards.html,"No Conventions attribute. The standard asks every file to name the convention it follows, with CF preferred.","No Conventions attribute. The standard asks every file to name the convention it follows, with CF preferred."
LOCA2,UCSD,HadGEM3-GC31-LL,ssp245,r1i1p1f3,day,vas,d03,s3://cadcat/loca2/ucsd/hadgem3-gc31-ll/ssp245/r1i1p1f3/day/vas/d03/,attr.global.conventions.missing,both,True,True,ERROR,ERROR,ERROR,Each file must list the standard convention used to organize the data; CF Convention is preferred.,Metadata Standards,https://analytics.cal-adapt.org/data-tools/data-documentation/metadata-standards.html,"No Conventions attribute. The standard asks every file to name the convention it follows, with CF preferred.","No Conventions attribute. The standard asks every file to name the convention it follows, with CF preferred."
LOCA2,UCSD,IPSL-CM6A-LR,historical,r5i1p1f1,day,wspeed,d03,s3://cadcat/loca2/ucsd/ipsl-cm6a-lr/historical/r5i1p1f1/day/wspeed/d03/,attr.global.conventions.missing,both,True,True,ERROR,ERROR,ERROR,Each file must list the standard convention used to organize the data; CF Convention is preferred.,Metadata Standards,https://analytics.cal-adapt.org/data-tools/data-documentation/metadata-standards.html,"No Conventions attribute. The standard asks every file to name the convention it follows, with CF preferred.","No Conventions attribute. The standard asks every file to name the convention it follows, with CF preferred."
LOCA2,UCSD,HadGEM3-GC31-LL,ssp245,r1i1p1f3,day,wspeed,d03,s3://cadcat/loca2/ucsd/hadgem3-gc31-ll/ssp245/r1i1p1f3/day/wspeed/d03/,attr.global.conventions.missing,both,True,True,ERROR,ERROR,ERROR,Each file must list the standard convention used to organize the data; CF Convention is preferred.,Metadata Standards,https://analytics.cal-adapt.org/data-tools/data-documentation/metadata-standards.html,"No Conventions attribute. The standard asks every file to name the convention it follows, with CF preferred.","No Conventions attribute. The standard asks every file to name the convention it follows, with CF preferred."
LOCA2,UCSD,IPSL-CM6A-LR,ssp370,r8i1p1f1,day,wspeed,d03,s3://cadcat/loca2/ucsd/ipsl-cm6a-lr/ssp370/r8i1p1f1/day/wspeed/d03/,attr.global.conventions.missing,both,True,True,ERROR,ERROR,ERROR,Each file must list the standard convention used to organize the data; CF Convention is preferred.,Metadata Standards,https://analytics.cal-adapt.org/data-tools/data-documentation/metadata-standards.html,"No Conventions attribute. The standard asks every file to name the convention it follows, with CF preferred.","No Conventions attribute. The standard asks every file to name the convention it follows, with CF preferred."
LOCA2,UCSD,EC-Earth3,ssp585,r1i1p1f1,day,wspeed,d03,s3://cadcat/loca2/ucsd/ec-earth3/ssp585/r1i1p1f1/day/wspeed/d03/,attr.global.conventions.missing,both,True,True,ERROR,ERROR,ERROR,Each file must list the standard convention used to organize the data; CF Convention is preferred.,Metadata Standards,https://analytics.cal-adapt.org/data-tools/data-documentation/metadata-standards.html,"No Conventions attribute. The standard asks every file to name the convention it follows, with CF preferred.","No Conventions attribute. The standard asks every file to name the convention it follows, with CF preferred."
LOCA2,UCSD,HadGEM3-GC31-LL,historical,r2i1p1f3,day,hursmax,d03,s3://cadcat/loca2/ucsd/hadgem3-gc31-ll/historical/r2i1p1f3/day/hursmax/d03/,attr.global.empty,both,True,True,ERROR,WARN,WARN,Datasets should be self-describing; an attribute present but empty describes nothing.,Metadata Standards,https://analytics.cal-adapt.org/data-tools/data-documentation/metadata-standards.html,1 global attribute(s) are present but empty. A reader cannot tell an empty value from an unanswered question.,1 global attribute(s) are present but empty. A reader cannot tell an empty value from an unanswered question.
LOCA2,UCSD,EC-Earth3,ssp245,r2i1p1f1,day,hursmax,d03,s3://cadcat/loca2/ucsd/ec-earth3/ssp245/r2i1p1f1/day/hursmax/d03/,attr.global.empty,both,True,True,ERROR,WARN,WARN,Datasets should be self-describing; an attribute present but empty describes nothing.,Metadata Standards,https://analytics.cal-adapt.org/data-tools/data-documentation/metadata-standards.html,1 global attribute(s) are present but empty. A reader cannot tell an empty value from an unanswered question.,1 global attribute(s) are present but empty. A reader cannot tell an empty value from an unanswered question.
LOCA2,UCSD,KACE-1-0-G,ssp370,r1i1p1f1,day,hursmax,d03,s3://cadcat/loca2/ucsd/kace-1-0-g/ssp370/r1i1p1f1/day/hursmax/d03/,attr.global.empty,both,True,True,ERROR,WARN,WARN,Datasets should be self-describing; an attribute present but empty describes nothing.,Metadata Standards,https://analytics.cal-adapt.org/data-tools/data-documentation/metadata-standards.html,1 global attribute(s) are present but empty. A reader cannot tell an empty value from an unanswered question.,1 global attribute(s) are present but empty. A reader cannot tell an empty value from an unanswered question.
LOCA2,UCSD,EC-Earth3,ssp585,r3i1p1f1,day,hursmax,d03,s3://cadcat/loca2/ucsd/ec-earth3/ssp585/r3i1p1f1/day/hursmax/d03/,attr.global.empty,both,True,True,ERROR,WARN,WARN,Datasets should be self-describing; an attribute present but empty describes nothing.,Metadata Standards,https://analytics.cal-adapt.org/data-tools/data-documentation/metadata-standards.html,1 global attribute(s) are present but empty. A reader cannot tell an empty value from an unanswered question.,1 global attribute(s) are present but empty. A reader cannot tell an empty value from an unanswered question.
LOCA2,UCSD,INM-CM5-0,historical,r2i1p1f1,day,huss,d03,s3://cadcat/loca2/ucsd/inm-cm5-0/historical/r2i1p1f1/day/huss/d03/,attr.global.empty,both,True,True,ERROR,WARN,WARN,Datasets should be self-describing; an attribute present but empty describes nothing.,Metadata Standards,https://analytics.cal-adapt.org/data-tools/data-documentation/metadata-standards.html,1 global attribute(s) are present but empty. A reader cannot tell an empty value from an unanswered question.,1 global attribute(s) are present but empty. A reader cannot tell an empty value from an unanswered question.
LOCA2,UCSD,EC-Earth3-Veg,ssp245,r5i1p1f1,day,huss,d03,s3://cadcat/loca2/ucsd/ec-earth3-veg/ssp245/r5i1p1f1/day/huss/d03/,attr.global.empty,both,True,True,ERROR,WARN,WARN,Datasets should be self-describing; an attribute present but empty describes nothing.,Metadata Standards,https://analytics.cal-adapt.org/data-tools/data-documentation/metadata-standards.html,1 global attribute(s) are present but empty. A reader cannot tell an empty value from an unanswered question.,1 global attribute(s) are present but empty. A reader cannot tell an empty value from an unanswered question.
LOCA2,UCSD,KACE-1-0-G,ssp370,r1i1p1f1,day,huss,d03,s3://cadcat/loca2/ucsd/kace-1-0-g/ssp370/r1i1p1f1/day/huss/d03/,attr.global.empty,both,True,True,ERROR,WARN,WARN,Datasets should be self-describing; an attribute present but empty describes nothing.,Metadata Standards,https://analytics.cal-adapt.org/data-tools/data-documentation/metadata-standards.html,1 global attribute(s) are present but empty. A reader cannot tell an empty value from an unanswered question.,1 global attribute(s) are present but empty. A reader cannot tell an empty value from an unanswered question.
LOCA2,UCSD,MPI-ESM1-2-HR,ssp585,r2i1p1f1,day,huss,d03,s3://cadcat/loca2/ucsd/mpi-esm1-2-hr/ssp585/r2i1p1f1/day/huss/d03/,attr.global.empty,both,True,True,ERROR,WARN,WARN,Datasets should be self-describing; an attribute present but empty describes nothing.,Metadata Standards,https://analytics.cal-adapt.org/data-tools/data-documentation/metadata-standards.html,1 global attribute(s) are present but empty. A reader cannot tell an empty value from an unanswered question.,1 global attribute(s) are present but empty. A reader cannot tell an empty value from an unanswered question.
LOCA2,UCSD,FGOALS-g3,historical,r5i1p1f1,day,pr,d03,s3://cadcat/loca2/ucsd/fgoals-g3/historical/r5i1p1f1/day/pr/d03/,attr.global.empty,both,True,True,ERROR,WARN,WARN,Datasets should be self-describing; an attribute present but empty describes nothing.,Metadata Standards,https://analytics.cal-adapt.org/data-tools/data-documentation/metadata-standards.html,1 global attribute(s) are present but empty. A reader cannot tell an empty value from an unanswered question.,1 global attribute(s) are present but empty. A reader cannot tell an empty value from an unanswered question.
LOCA2,UCSD,EC-Earth3-Veg,ssp245,r5i1p1f1,day,pr,d03,s3://cadcat/loca2/ucsd/ec-earth3-veg/ssp245/r5i1p1f1/day/pr/d03/,attr.global.empty,both,True,True,ERROR,WARN,WARN,Datasets should be self-describing; an attribute present but empty describes nothing.,Metadata Standards,https://analytics.cal-adapt.org/data-tools/data-documentation/metadata-standards.html,1 global attribute(s) are present but empty. A reader cannot tell an empty value from an unanswered question.,1 global attribute(s) are present but empty. A reader cannot tell an empty value from an unanswered question.
LOCA2,UCSD,IPSL-CM6A-LR,ssp370,r10i1p1f1,day,pr,d03,s3://cadcat/loca2/ucsd/ipsl-cm6a-lr/ssp370/r10i1p1f1/day/pr/d03/,attr.global.empty,both,True,True,ERROR,WARN,WARN,Datasets should be self-describing; an attribute present but empty describes nothing.,Metadata Standards,https://analytics.cal-adapt.org/data-tools/data-documentation/metadata-standards.html,1 global attribute(s) are present but empty. A reader cannot tell an empty value from an unanswered question.,1 global attribute(s) are present but empty. A reader cannot tell an empty value from an unanswered question.
LOCA2,UCSD,FGOALS-g3,ssp585,r1i1p1f1,day,pr,d03,s3://cadcat/loca2/ucsd/fgoals-g3/ssp585/r1i1p1f1/day/pr/d03/,attr.global.empty,both,True,True,ERROR,WARN,WARN,Datasets should be self-describing; an attribute present but empty describes nothing.,Metadata Standards,https://analytics.cal-adapt.org/data-tools/data-documentation/metadata-standards.html,1 global attribute(s) are present but empty. A reader cannot tell an empty value from an unanswered question.,1 global attribute(s) are present but empty. A reader cannot tell an empty value from an unanswered question.
LOCA2,UCSD,IPSL-CM6A-LR,historical,r5i1p1f1,day,rsds,d03,s3://cadcat/loca2/ucsd/ipsl-cm6a-lr/historical/r5i1p1f1/day/rsds/d03/,attr.global.empty,both,True,True,ERROR,WARN,WARN,Datasets should be self-describing; an attribute present but empty describes nothing.,Metadata Standards,https://analytics.cal-adapt.org/data-tools/data-documentation/metadata-standards.html,1 global attribute(s) are present but empty. A reader cannot tell an empty value from an unanswered question.,1 global attribute(s) are present but empty. A reader cannot tell an empty value from an unanswered question.
LOCA2,UCSD,EC-Earth3,ssp245,r1i1p1f1,day,rsds,d03,s3://cadcat/loca2/ucsd/ec-earth3/ssp245/r1i1p1f1/day/rsds/d03/,attr.global.empty,both,True,True,ERROR,WARN,WARN,Datasets should be self-describing; an attribute present but empty describes nothing.,Metadata Standards,https://analytics.cal-adapt.org/data-tools/data-documentation/metadata-standards.html,1 global attribute(s) are present but empty. A reader cannot tell an empty value from an unanswered question.,1 global attribute(s) are present but empty. A reader cannot tell an empty value from an unanswered question.
LOCA2,UCSD,MIROC6,ssp370,r1i1p1f1,day,rsds,d03,s3://cadcat/loca2/ucsd/miroc6/ssp370/r1i1p1f1/day/rsds/d03/,attr.global.empty,both,True,True,ERROR,WARN,WARN,Datasets should be self-describing; an attribute present but empty describes nothing.,Metadata Standards,https://analytics.cal-adapt.org/data-tools/data-documentation/metadata-standards.html,1 global attribute(s) are present but empty. A reader cannot tell an empty value from an unanswered question.,1 global attribute(s) are present but empty. A reader cannot tell an empty value from an unanswered question.
LOCA2,UCSD,EC-Earth3,ssp585,r1i1p1f1,day,rsds,d03,s3://cadcat/loca2/ucsd/ec-earth3/ssp585/r1i1p1f1/day/rsds/d03/,attr.global.empty,both,True,True,ERROR,WARN,WARN,Datasets should be self-describing; an attribute present but empty describes nothing.,Metadata Standards,https://analytics.cal-adapt.org/data-tools/data-documentation/metadata-standards.html,1 global attribute(s) are present but empty. A reader cannot tell an empty value from an unanswered question.,1 global attribute(s) are present but empty. A reader cannot tell an empty value from an unanswered question.
LOCA2,UCSD,FGOALS-g3,historical,r5i1p1f1,day,tasmax,d03,s3://cadcat/loca2/ucsd/fgoals-g3/historical/r5i1p1f1/day/tasmax/d03/,attr.global.empty,both,True,True,ERROR,WARN,WARN,Datasets should be self-describing; an attribute present but empty describes nothing.,Metadata Standards,https://analytics.cal-adapt.org/data-tools/data-documentation/metadata-standards.html,1 global attribute(s) are present but empty. A reader cannot tell an empty value from an unanswered question.,1 global attribute(s) are present but empty. A reader cannot tell an empty value from an unanswered question.
LOCA2,UCSD,EC-Earth3-Veg,ssp245,r5i1p1f1,day,tasmax,d03,s3://cadcat/loca2/ucsd/ec-earth3-veg/ssp245/r5i1p1f1/day/tasmax/d03/,attr.global.empty,both,True,True,ERROR,WARN,WARN,Datasets should be self-describing; an attribute present but empty describes nothing.,Metadata Standards,https://analytics.cal-adapt.org/data-tools/data-documentation/metadata-standards.html,1 global attribute(s) are present but empty. A reader cannot tell an empty value from an unanswered question.,1 global attribute(s) are present but empty. A reader cannot tell an empty value from an unanswered question.
LOCA2,UCSD,IPSL-CM6A-LR,ssp370,r10i1p1f1,day,tasmax,d03,s3://cadcat/loca2/ucsd/ipsl-cm6a-lr/ssp370/r10i1p1f1/day/tasmax/d03/,attr.global.empty,both,True,True,ERROR,WARN,WARN,Datasets should be self-describing; an attribute present but empty describes nothing.,Metadata Standards,https://analytics.cal-adapt.org/data-tools/data-documentation/metadata-standards.html,1 global attribute(s) are present but empty. A reader cannot tell an empty value from an unanswered question.,1 global attribute(s) are present but empty. A reader cannot tell an empty value from an unanswered question.
LOCA2,UCSD,FGOALS-g3,ssp585,r1i1p1f1,day,tasmax,d03,s3://cadcat/loca2/ucsd/fgoals-g3/ssp585/r1i1p1f1/day/tasmax/d03/,attr.global.empty,both,True,True,ERROR,WARN,WARN,Datasets should be self-describing; an attribute present but empty describes nothing.,Metadata Standards,https://analytics.cal-adapt.org/data-tools/data-documentation/metadata-standards.html,1 global attribute(s) are present but empty. A reader cannot tell an empty value from an unanswered question.,1 global attribute(s) are present but empty. A reader cannot tell an empty value from an unanswered question.
LOCA2,UCSD,IPSL-CM6A-LR,historical,r5i1p1f1,day,uas,d03,s3://cadcat/loca2/ucsd/ipsl-cm6a-lr/historical/r5i1p1f1/day/uas/d03/,attr.global.empty,both,True,True,ERROR,WARN,WARN,Datasets should be self-describing; an attribute present but empty describes nothing.,Metadata Standards,https://analytics.cal-adapt.org/data-tools/data-documentation/metadata-standards.html,1 global attribute(s) are present but empty. A reader cannot tell an empty value from an unanswered question.,1 global attribute(s) are present but empty. A reader cannot tell an empty value from an unanswered question.
LOCA2,UCSD,HadGEM3-GC31-LL,ssp245,r1i1p1f3,day,uas,d03,s3://cadcat/loca2/ucsd/hadgem3-gc31-ll/ssp245/r1i1p1f3/day/uas/d03/,attr.global.empty,both,True,True,ERROR,WARN,WARN,Datasets should be self-describing; an attribute present but empty describes nothing.,Metadata Standards,https://analytics.cal-adapt.org/data-tools/data-documentation/metadata-standards.html,1 global attribute(s) are present but empty. A reader cannot tell an empty value from an unanswered question.,1 global attribute(s) are present but empty. A reader cannot tell an empty value from an unanswered question.
LOCA2,UCSD,IPSL-CM6A-LR,ssp370,r8i1p1f1,day,uas,d03,s3://cadcat/loca2/ucsd/ipsl-cm6a-lr/ssp370/r8i1p1f1/day/uas/d03/,attr.global.empty,both,True,True,ERROR,WARN,WARN,Datasets should be self-describing; an attribute present but empty describes nothing.,Metadata Standards,https://analytics.cal-adapt.org/data-tools/data-documentation/metadata-standards.html,1 global attribute(s) are present but empty. A reader cannot tell an empty value from an unanswered question.,1 global attribute(s) are present but empty. A reader cannot tell an empty value from an unanswered question.
LOCA2,UCSD,EC-Earth3,ssp585,r1i1p1f1,day,uas,d03,s3://cadcat/loca2/ucsd/ec-earth3/ssp585/r1i1p1f1/day/uas/d03/,attr.global.empty,both,True,True,ERROR,WARN,WARN,Datasets should be self-describing; an attribute present but empty describes nothing.,Metadata Standards,https://analytics.cal-adapt.org/data-tools/data-documentation/metadata-standards.html,1 global attribute(s) are present but empty. A reader cannot tell an empty value from an unanswered question.,1 global attribute(s) are present but empty. A reader cannot tell an empty value from an unanswered question.
LOCA2,UCSD,IPSL-CM6A-LR,historical,r5i1p1f1,day,vas,d03,s3://cadcat/loca2/ucsd/ipsl-cm6a-lr/historical/r5i1p1f1/day/vas/d03/,attr.global.empty,both,True,True,ERROR,WARN,WARN,Datasets should be self-describing; an attribute present but empty describes nothing.,Metadata Standards,https://analytics.cal-adapt.org/data-tools/data-documentation/metadata-standards.html,1 global attribute(s) are present but empty. A reader cannot tell an empty value from an unanswered question.,1 global attribute(s) are present but empty. A reader cannot tell an empty value from an unanswered question.
LOCA2,UCSD,HadGEM3-GC31-LL,ssp245,r1i1p1f3,day,vas,d03,s3://cadcat/loca2/ucsd/hadgem3-gc31-ll/ssp245/r1i1p1f3/day/vas/d03/,attr.global.empty,both,True,True,ERROR,WARN,WARN,Datasets should be self-describing; an attribute present but empty describes nothing.,Metadata Standards,https://analytics.cal-adapt.org/data-tools/data-documentation/metadata-standards.html,1 global attribute(s) are present but empty. A reader cannot tell an empty value from an unanswered question.,1 global attribute(s) are present but empty. A reader cannot tell an empty value from an unanswered question.
LOCA2,UCSD,IPSL-CM6A-LR,ssp370,r8i1p1f1,day,vas,d03,s3://cadcat/loca2/ucsd/ipsl-cm6a-lr/ssp370/r8i1p1f1/day/vas/d03/,attr.global.empty,both,True,True,ERROR,WARN,WARN,Datasets should be self-describing; an attribute present but empty describes nothing.,Metadata Standards,https://analytics.cal-adapt.org/data-tools/data-documentation/metadata-standards.html,1 global attribute(s) are present but empty. A reader cannot tell an empty value from an unanswered question.,1 global attribute(s) are present but empty. A reader cannot tell an empty value from an unanswered question.
LOCA2,UCSD,EC-Earth3,ssp585,r1i1p1f1,day,vas,d03,s3://cadcat/loca2/ucsd/ec-earth3/ssp585/r1i1p1f1/day/vas/d03/,attr.global.empty,both,True,True,ERROR,WARN,WARN,Datasets should be self-describing; an attribute present but empty describes nothing.,Metadata Standards,https://analytics.cal-adapt.org/data-tools/data-documentation/metadata-standards.html,1 global attribute(s) are present but empty. A reader cannot tell an empty value from an unanswered question.,1 global attribute(s) are present but empty. A reader cannot tell an empty value from an unanswered question.
LOCA2,UCSD,IPSL-CM6A-LR,historical,r5i1p1f1,day,wspeed,d03,s3://cadcat/loca2/ucsd/ipsl-cm6a-lr/historical/r5i1p1f1/day/wspeed/d03/,attr.global.empty,both,True,True,ERROR,WARN,WARN,Datasets should be self-describing; an attribute present but empty describes nothing.,Metadata Standards,https://analytics.cal-adapt.org/data-tools/data-documentation/metadata-standards.html,1 global attribute(s) are present but empty. A reader cannot tell an empty value from an unanswered question.,1 global attribute(s) are present but empty. A reader cannot tell an empty value from an unanswered question.
LOCA2,UCSD,HadGEM3-GC31-LL,ssp245,r1i1p1f3,day,wspeed,d03,s3://cadcat/loca2/ucsd/hadgem3-gc31-ll/ssp245/r1i1p1f3/day/wspeed/d03/,attr.global.empty,both,True,True,ERROR,WARN,WARN,Datasets should be self-describing; an attribute present but empty describes nothing.,Metadata Standards,https://analytics.cal-adapt.org/data-tools/data-documentation/metadata-standards.html,1 global attribute(s) are present but empty. A reader cannot tell an empty value from an unanswered question.,1 global attribute(s) are present but empty. A reader cannot tell an empty value from an unanswered question.
LOCA2,UCSD,IPSL-CM6A-LR,ssp370,r8i1p1f1,day,wspeed,d03,s3://cadcat/loca2/ucsd/ipsl-cm6a-lr/ssp370/r8i1p1f1/day/wspeed/d03/,attr.global.empty,both,True,True,ERROR,WARN,WARN,Datasets should be self-describing; an attribute present but empty describes nothing.,Metadata Standards,https://analytics.cal-adapt.org/data-tools/data-documentation/metadata-standards.html,1 global attribute(s) are present but empty. A reader cannot tell an empty value from an unanswered question.,1 global attribute(s) are present but empty. A reader cannot tell an empty value from an unanswered question.
LOCA2,UCSD,EC-Earth3,ssp585,r1i1p1f1,day,wspeed,d03,s3://cadcat/loca2/ucsd/ec-earth3/ssp585/r1i1p1f1/day/wspeed/d03/,attr.global.empty,both,True,True,ERROR,WARN,WARN,Datasets should be self-describing; an attribute present but empty describes nothing.,Metadata Standards,https://analytics.cal-adapt.org/data-tools/data-documentation/metadata-standards.html,1 global attribute(s) are present but empty. A reader cannot tell an empty value from an unanswered question.,1 global attribute(s) are present but empty. A reader cannot tell an empty value from an unanswered question.
LOCA2,UCSD,HadGEM3-GC31-LL,ssp245,r1i1p1f3,day,uas,d03,s3://cadcat/loca2/ucsd/hadgem3-gc31-ll/ssp245/r1i1p1f3/day/uas/d03/,attr.global.recommended.missing,both,True,True,ERROR,WARN,WARN,"Recommended global attributes: title, institution, source, references, history, comment.",Metadata Standards,https://analytics.cal-adapt.org/data-tools/data-documentation/metadata-standards.html,Missing 5 of 6 recommended global attributes; datasets are supposed to be self-describing.,Missing 5 of 6 recommended global attributes; datasets are supposed to be self-describing.
LOCA2,UCSD,HadGEM3-GC31-LL,ssp245,r1i1p1f3,day,vas,d03,s3://cadcat/loca2/ucsd/hadgem3-gc31-ll/ssp245/r1i1p1f3/day/vas/d03/,attr.global.recommended.missing,both,True,True,ERROR,WARN,WARN,"Recommended global attributes: title, institution, source, references, history, comment.",Metadata Standards,https://analytics.cal-adapt.org/data-tools/data-documentation/metadata-standards.html,Missing 5 of 6 recommended global attributes; datasets are supposed to be self-describing.,Missing 5 of 6 recommended global attributes; datasets are supposed to be self-describing.
LOCA2,UCSD,IPSL-CM6A-LR,historical,r5i1p1f1,day,wspeed,d03,s3://cadcat/loca2/ucsd/ipsl-cm6a-lr/historical/r5i1p1f1/day/wspeed/d03/,attr.global.recommended.missing,both,True,True,ERROR,WARN,WARN,"Recommended global attributes: title, institution, source, references, history, comment.",Metadata Standards,https://analytics.cal-adapt.org/data-tools/data-documentation/metadata-standards.html,Missing 5 of 6 recommended global attributes; datasets are supposed to be self-describing.,Missing 5 of 6 recommended global attributes; datasets are supposed to be self-describing.
LOCA2,UCSD,HadGEM3-GC31-LL,ssp245,r1i1p1f3,day,wspeed,d03,s3://cadcat/loca2/ucsd/hadgem3-gc31-ll/ssp245/r1i1p1f3/day/wspeed/d03/,attr.global.recommended.missing,both,True,True,ERROR,WARN,WARN,"Recommended global attributes: title, institution, source, references, history, comment.",Metadata Standards,https://analytics.cal-adapt.org/data-tools/data-documentation/metadata-standards.html,Missing 5 of 6 recommended global attributes; datasets are supposed to be self-describing.,Missing 5 of 6 recommended global attributes; datasets are supposed to be self-describing.
LOCA2,UCSD,IPSL-CM6A-LR,ssp370,r8i1p1f1,day,wspeed,d03,s3://cadcat/loca2/ucsd/ipsl-cm6a-lr/ssp370/r8i1p1f1/day/wspeed/d03/,attr.global.recommended.missing,both,True,True,ERROR,WARN,WARN,"Recommended global attributes: title, institution, source, references, history, comment.",Metadata Standards,https://analytics.cal-adapt.org/data-tools/data-documentation/metadata-standards.html,Missing 5 of 6 recommended global attributes; datasets are supposed to be self-describing.,Missing 5 of 6 recommended global attributes; datasets are supposed to be self-describing.
LOCA2,UCSD,EC-Earth3,ssp585,r1i1p1f1,day,wspeed,d03,s3://cadcat/loca2/ucsd/ec-earth3/ssp585/r1i1p1f1/day/wspeed/d03/,attr.global.recommended.missing,both,True,True,ERROR,WARN,WARN,"Recommended global attributes: title, institution, source, references, history, comment.",Metadata Standards,https://analytics.cal-adapt.org/data-tools/data-documentation/metadata-standards.html,Missing 5 of 6 recommended global attributes; datasets are supposed to be self-describing.,Missing 5 of 6 recommended global attributes; datasets are supposed to be self-describing.
LOCA2,UCSD,HadGEM3-GC31-LL,historical,r2i1p1f3,day,hursmax,d03,s3://cadcat/loca2/ucsd/hadgem3-gc31-ll/historical/r2i1p1f3/day/hursmax/d03/,attr.var.long_name.missing,both,True,True,ERROR,ERROR,ERROR,"Variable attributes must contain a long name descriptor, descriptive enough to label plots.",Metadata Standards,https://analytics.cal-adapt.org/data-tools/data-documentation/metadata-standards.html,Required variable attribute 'long_name' is missing or empty. The metadata standard sets units + long_name as the minimum.,Required variable attribute 'long_name' is missing or empty. The metadata standard sets units + long_name as the minimum.
LOCA2,UCSD,EC-Earth3,ssp245,r2i1p1f1,day,hursmax,d03,s3://cadcat/loca2/ucsd/ec-earth3/ssp245/r2i1p1f1/day/hursmax/d03/,attr.var.long_name.missing,both,True,True,ERROR,ERROR,ERROR,"Variable attributes must contain a long name descriptor, descriptive enough to label plots.",Metadata Standards,https://analytics.cal-adapt.org/data-tools/data-documentation/metadata-standards.html,Required variable attribute 'long_name' is missing or empty. The metadata standard sets units + long_name as the minimum.,Required variable attribute 'long_name' is missing or empty. The metadata standard sets units + long_name as the minimum.
LOCA2,UCSD,KACE-1-0-G,ssp370,r1i1p1f1,day,hursmax,d03,s3://cadcat/loca2/ucsd/kace-1-0-g/ssp370/r1i1p1f1/day/hursmax/d03/,attr.var.long_name.missing,both,True,True,ERROR,ERROR,ERROR,"Variable attributes must contain a long name descriptor, descriptive enough to label plots.",Metadata Standards,https://analytics.cal-adapt.org/data-tools/data-documentation/metadata-standards.html,Required variable attribute 'long_name' is missing or empty. The metadata standard sets units + long_name as the minimum.,Required variable attribute 'long_name' is missing or empty. The metadata standard sets units + long_name as the minimum.
LOCA2,UCSD,EC-Earth3,ssp585,r3i1p1f1,day,hursmax,d03,s3://cadcat/loca2/ucsd/ec-earth3/ssp585/r3i1p1f1/day/hursmax/d03/,attr.var.long_name.missing,both,True,True,ERROR,ERROR,ERROR,"Variable attributes must contain a long name descriptor, descriptive enough to label plots.",Metadata Standards,https://analytics.cal-adapt.org/data-tools/data-documentation/metadata-standards.html,Required variable attribute 'long_name' is missing or empty. The metadata standard sets units + long_name as the minimum.,Required variable attribute 'long_name' is missing or empty. The metadata standard sets units + long_name as the minimum.
LOCA2,UCSD,HadGEM3-GC31-LL,historical,r2i1p1f3,day,hursmin,d03,s3://cadcat/loca2/ucsd/hadgem3-gc31-ll/historical/r2i1p1f3/day/hursmin/d03/,attr.var.long_name.missing,both,True,True,ERROR,ERROR,ERROR,"Variable attributes must contain a long name descriptor, descriptive enough to label plots.",Metadata Standards,https://analytics.cal-adapt.org/data-tools/data-documentation/metadata-standards.html,Required variable attribute 'long_name' is missing or empty. The metadata standard sets units + long_name as the minimum.,Required variable attribute 'long_name' is missing or empty. The metadata standard sets units + long_name as the minimum.
LOCA2,UCSD,EC-Earth3,ssp245,r2i1p1f1,day,hursmin,d03,s3://cadcat/loca2/ucsd/ec-earth3/ssp245/r2i1p1f1/day/hursmin/d03/,attr.var.long_name.missing,both,True,True,ERROR,ERROR,ERROR,"Variable attributes must contain a long name descriptor, descriptive enough to label plots.",Metadata Standards,https://analytics.cal-adapt.org/data-tools/data-documentation/metadata-standards.html,Required variable attribute 'long_name' is missing or empty. The metadata standard sets units + long_name as the minimum.,Required variable attribute 'long_name' is missing or empty. The metadata standard sets units + long_name as the minimum.
LOCA2,UCSD,KACE-1-0-G,ssp370,r1i1p1f1,day,hursmin,d03,s3://cadcat/loca2/ucsd/kace-1-0-g/ssp370/r1i1p1f1/day/hursmin/d03/,attr.var.long_name.missing,both,True,True,ERROR,ERROR,ERROR,"Variable attributes must contain a long name descriptor, descriptive enough to label plots.",Metadata Standards,https://analytics.cal-adapt.org/data-tools/data-documentation/metadata-standards.html,Required variable attribute 'long_name' is missing or empty. The metadata standard sets units + long_name as the minimum.,Required variable attribute 'long_name' is missing or empty. The metadata standard sets units + long_name as the minimum.
LOCA2,UCSD,EC-Earth3,ssp585,r3i1p1f1,day,hursmin,d03,s3://cadcat/loca2/ucsd/ec-earth3/ssp585/r3i1p1f1/day/hursmin/d03/,attr.var.long_name.missing,both,True,True,ERROR,ERROR,ERROR,"Variable attributes must contain a long name descriptor, descriptive enough to label plots.",Metadata Standards,https://analytics.cal-adapt.org/data-tools/data-documentation/metadata-standards.html,Required variable attribute 'long_name' is missing or empty. The metadata standard sets units + long_name as the minimum.,Required variable attribute 'long_name' is missing or empty. The metadata standard sets units + long_name as the minimum.
LOCA2,UCSD,IPSL-CM6A-LR,historical,r5i1p1f1,day,uas,d03,s3://cadcat/loca2/ucsd/ipsl-cm6a-lr/historical/r5i1p1f1/day/uas/d03/,wind.rotation.undeclared,both,True,True,ERROR,WARN,WARN,Wind components must declare their reference frame; grid-relative and earth-relative are not interchangeable.,Climate Model Simulations,https://analytics.cal-adapt.org/data-tools/data-documentation/climate-model-sims.html,"'uas' declares no reference frame in its attributes. WRF output is grid-relative by default, but a consumer has no way to confirm that from the file, and rotated companions exist in this same archive.","'uas' declares no reference frame in its attributes. WRF output is grid-relative by default, but a consumer has no way to confirm that from the file, and rotated companions exist in this same archive."
LOCA2,UCSD,HadGEM3-GC31-LL,ssp245,r1i1p1f3,day,uas,d03,s3://cadcat/loca2/ucsd/hadgem3-gc31-ll/ssp245/r1i1p1f3/day/uas/d03/,wind.rotation.undeclared,both,True,True,ERROR,WARN,WARN,Wind components must declare their reference frame; grid-relative and earth-relative are not interchangeable.,Climate Model Simulations,https://analytics.cal-adapt.org/data-tools/data-documentation/climate-model-sims.html,"'uas' declares no reference frame in its attributes. WRF output is grid-relative by default, but a consumer has no way to confirm that from the file, and rotated companions exist in this same archive.","'uas' declares no reference frame in its attributes. WRF output is grid-relative by default, but a consumer has no way to confirm that from the file, and rotated companions exist in this same archive."
LOCA2,UCSD,IPSL-CM6A-LR,ssp370,r8i1p1f1,day,uas,d03,s3://cadcat/loca2/ucsd/ipsl-cm6a-lr/ssp370/r8i1p1f1/day/uas/d03/,wind.rotation.undeclared,both,True,True,ERROR,WARN,WARN,Wind components must declare their reference frame; grid-relative and earth-relative are not interchangeable.,Climate Model Simulations,https://analytics.cal-adapt.org/data-tools/data-documentation/climate-model-sims.html,"'uas' declares no reference frame in its attributes. WRF output is grid-relative by default, but a consumer has no way to confirm that from the file, and rotated companions exist in this same archive.","'uas' declares no reference frame in its attributes. WRF output is grid-relative by default, but a consumer has no way to confirm that from the file, and rotated companions exist in this same archive."
LOCA2,UCSD,EC-Earth3,ssp585,r1i1p1f1,day,uas,d03,s3://cadcat/loca2/ucsd/ec-earth3/ssp585/r1i1p1f1/day/uas/d03/,wind.rotation.undeclared,both,True,True,ERROR,WARN,WARN,Wind components must declare their reference frame; grid-relative and earth-relative are not interchangeable.,Climate Model Simulations,https://analytics.cal-adapt.org/data-tools/data-documentation/climate-model-sims.html,"'uas' declares no reference frame in its attributes. WRF output is grid-relative by default, but a consumer has no way to confirm that from the file, and rotated companions exist in this same archive.","'uas' declares no reference frame in its attributes. WRF output is grid-relative by default, but a consumer has no way to confirm that from the file, and rotated companions exist in this same archive."
LOCA2,UCSD,IPSL-CM6A-LR,historical,r5i1p1f1,day,vas,d03,s3://cadcat/loca2/ucsd/ipsl-cm6a-lr/historical/r5i1p1f1/day/vas/d03/,wind.rotation.undeclared,both,True,True,ERROR,WARN,WARN,Wind components must declare their reference frame; grid-relative and earth-relative are not interchangeable.,Climate Model Simulations,https://analytics.cal-adapt.org/data-tools/data-documentation/climate-model-sims.html,"'vas' declares no reference frame in its attributes. WRF output is grid-relative by default, but a consumer has no way to confirm that from the file, and rotated companions exist in this same archive.","'vas' declares no reference frame in its attributes. WRF output is grid-relative by default, but a consumer has no way to confirm that from the file, and rotated companions exist in this same archive."
LOCA2,UCSD,HadGEM3-GC31-LL,ssp245,r1i1p1f3,day,vas,d03,s3://cadcat/loca2/ucsd/hadgem3-gc31-ll/ssp245/r1i1p1f3/day/vas/d03/,wind.rotation.undeclared,both,True,True,ERROR,WARN,WARN,Wind components must declare their reference frame; grid-relative and earth-relative are not interchangeable.,Climate Model Simulations,https://analytics.cal-adapt.org/data-tools/data-documentation/climate-model-sims.html,"'vas' declares no reference frame in its attributes. WRF output is grid-relative by default, but a consumer has no way to confirm that from the file, and rotated companions exist in this same archive.","'vas' declares no reference frame in its attributes. WRF output is grid-relative by default, but a consumer has no way to confirm that from the file, and rotated companions exist in this same archive."
LOCA2,UCSD,IPSL-CM6A-LR,ssp370,r8i1p1f1,day,vas,d03,s3://cadcat/loca2/ucsd/ipsl-cm6a-lr/ssp370/r8i1p1f1/day/vas/d03/,wind.rotation.undeclared,both,True,True,ERROR,WARN,WARN,Wind components must declare their reference frame; grid-relative and earth-relative are not interchangeable.,Climate Model Simulations,https://analytics.cal-adapt.org/data-tools/data-documentation/climate-model-sims.html,"'vas' declares no reference frame in its attributes. WRF output is grid-relative by default, but a consumer has no way to confirm that from the file, and rotated companions exist in this same archive.","'vas' declares no reference frame in its attributes. WRF output is grid-relative by default, but a consumer has no way to confirm that from the file, and rotated companions exist in this same archive."
LOCA2,UCSD,EC-Earth3,ssp585,r1i1p1f1,day,vas,d03,s3://cadcat/loca2/ucsd/ec-earth3/ssp585/r1i1p1f1/day/vas/d03/,wind.rotation.undeclared,both,True,True,ERROR,WARN,WARN,Wind components must declare their reference frame; grid-relative and earth-relative are not interchangeable.,Climate Model Simulations,https://analytics.cal-adapt.org/data-tools/data-documentation/climate-model-sims.html,"'vas' declares no reference frame in its attributes. WRF output is grid-relative by default, but a consumer has no way to confirm that from the file, and rotated companions exist in this same archive.","'vas' declares no reference frame in its attributes. WRF output is grid-relative by default, but a consumer has no way to confirm that from the file, and rotated companions exist in this same archive."
LOCA2,UCSD,HadGEM3-GC31-LL,historical,r2i1p1f3,day,hursmax,d03,s3://cadcat/loca2/ucsd/hadgem3-gc31-ll/historical/r2i1p1f3/day/hursmax/d03/,crs.spatial_ref.missing,store_defect_repaired,True,False,WARN,ERROR,,WRF carries a grid_mapping attribute referencing a Lambert_Conformal coordinate variable; LOCA2-Hybrid stores CRS in a spatial_ref coordinate at the global level.,Climate Model Simulations,https://analytics.cal-adapt.org/data-tools/data-documentation/climate-model-sims.html,LOCA2 stores should carry a spatial_ref coordinate holding the WGS84 definition.,
LOCA2,UCSD,EC-Earth3,ssp245,r2i1p1f1,day,hursmax,d03,s3://cadcat/loca2/ucsd/ec-earth3/ssp245/r2i1p1f1/day/hursmax/d03/,crs.spatial_ref.missing,store_defect_repaired,True,False,WARN,ERROR,,WRF carries a grid_mapping attribute referencing a Lambert_Conformal coordinate variable; LOCA2-Hybrid stores CRS in a spatial_ref coordinate at the global level.,Climate Model Simulations,https://analytics.cal-adapt.org/data-tools/data-documentation/climate-model-sims.html,LOCA2 stores should carry a spatial_ref coordinate holding the WGS84 definition.,
LOCA2,UCSD,KACE-1-0-G,ssp370,r1i1p1f1,day,hursmax,d03,s3://cadcat/loca2/ucsd/kace-1-0-g/ssp370/r1i1p1f1/day/hursmax/d03/,crs.spatial_ref.missing,store_defect_repaired,True,False,WARN,ERROR,,WRF carries a grid_mapping attribute referencing a Lambert_Conformal coordinate variable; LOCA2-Hybrid stores CRS in a spatial_ref coordinate at the global level.,Climate Model Simulations,https://analytics.cal-adapt.org/data-tools/data-documentation/climate-model-sims.html,LOCA2 stores should carry a spatial_ref coordinate holding the WGS84 definition.,
LOCA2,UCSD,EC-Earth3,ssp585,r3i1p1f1,day,hursmax,d03,s3://cadcat/loca2/ucsd/ec-earth3/ssp585/r3i1p1f1/day/hursmax/d03/,crs.spatial_ref.missing,store_defect_repaired,True,False,WARN,ERROR,,WRF carries a grid_mapping attribute referencing a Lambert_Conformal coordinate variable; LOCA2-Hybrid stores CRS in a spatial_ref coordinate at the global level.,Climate Model Simulations,https://analytics.cal-adapt.org/data-tools/data-documentation/climate-model-sims.html,LOCA2 stores should carry a spatial_ref coordinate holding the WGS84 definition.,
LOCA2,UCSD,HadGEM3-GC31-LL,historical,r2i1p1f3,day,hursmin,d03,s3://cadcat/loca2/ucsd/hadgem3-gc31-ll/historical/r2i1p1f3/day/hursmin/d03/,crs.spatial_ref.missing,store_defect_repaired,True,False,WARN,ERROR,,WRF carries a grid_mapping attribute referencing a Lambert_Conformal coordinate variable; LOCA2-Hybrid stores CRS in a spatial_ref coordinate at the global level.,Climate Model Simulations,https://analytics.cal-adapt.org/data-tools/data-documentation/climate-model-sims.html,LOCA2 stores should carry a spatial_ref coordinate holding the WGS84 definition.,
LOCA2,UCSD,EC-Earth3,ssp245,r2i1p1f1,day,hursmin,d03,s3://cadcat/loca2/ucsd/ec-earth3/ssp245/r2i1p1f1/day/hursmin/d03/,crs.spatial_ref.missing,store_defect_repaired,True,False,WARN,ERROR,,WRF carries a grid_mapping attribute referencing a Lambert_Conformal coordinate variable; LOCA2-Hybrid stores CRS in a spatial_ref coordinate at the global level.,Climate Model Simulations,https://analytics.cal-adapt.org/data-tools/data-documentation/climate-model-sims.html,LOCA2 stores should carry a spatial_ref coordinate holding the WGS84 definition.,
LOCA2,UCSD,KACE-1-0-G,ssp370,r1i1p1f1,day,hursmin,d03,s3://cadcat/loca2/ucsd/kace-1-0-g/ssp370/r1i1p1f1/day/hursmin/d03/,crs.spatial_ref.missing,store_defect_repaired,True,False,WARN,ERROR,,WRF carries a grid_mapping attribute referencing a Lambert_Conformal coordinate variable; LOCA2-Hybrid stores CRS in a spatial_ref coordinate at the global level.,Climate Model Simulations,https://analytics.cal-adapt.org/data-tools/data-documentation/climate-model-sims.html,LOCA2 stores should carry a spatial_ref coordinate holding the WGS84 definition.,
LOCA2,UCSD,EC-Earth3,ssp585,r3i1p1f1,day,hursmin,d03,s3://cadcat/loca2/ucsd/ec-earth3/ssp585/r3i1p1f1/day/hursmin/d03/,crs.spatial_ref.missing,store_defect_repaired,True,False,WARN,ERROR,,WRF carries a grid_mapping attribute referencing a Lambert_Conformal coordinate variable; LOCA2-Hybrid stores CRS in a spatial_ref coordinate at the global level.,Climate Model Simulations,https://analytics.cal-adapt.org/data-tools/data-documentation/climate-model-sims.html,LOCA2 stores should carry a spatial_ref coordinate holding the WGS84 definition.,
LOCA2,UCSD,INM-CM5-0,historical,r2i1p1f1,day,huss,d03,s3://cadcat/loca2/ucsd/inm-cm5-0/historical/r2i1p1f1/day/huss/d03/,crs.spatial_ref.missing,store_defect_repaired,True,False,WARN,ERROR,,WRF carries a grid_mapping attribute referencing a Lambert_Conformal coordinate variable; LOCA2-Hybrid stores CRS in a spatial_ref coordinate at the global level.,Climate Model Simulations,https://analytics.cal-adapt.org/data-tools/data-documentation/climate-model-sims.html,LOCA2 stores should carry a spatial_ref coordinate holding the WGS84 definition.,
LOCA2,UCSD,EC-Earth3-Veg,ssp245,r5i1p1f1,day,huss,d03,s3://cadcat/loca2/ucsd/ec-earth3-veg/ssp245/r5i1p1f1/day/huss/d03/,crs.spatial_ref.missing,store_defect_repaired,True,False,WARN,ERROR,,WRF carries a grid_mapping attribute referencing a Lambert_Conformal coordinate variable; LOCA2-Hybrid stores CRS in a spatial_ref coordinate at the global level.,Climate Model Simulations,https://analytics.cal-adapt.org/data-tools/data-documentation/climate-model-sims.html,LOCA2 stores should carry a spatial_ref coordinate holding the WGS84 definition.,
LOCA2,UCSD,KACE-1-0-G,ssp370,r1i1p1f1,day,huss,d03,s3://cadcat/loca2/ucsd/kace-1-0-g/ssp370/r1i1p1f1/day/huss/d03/,crs.spatial_ref.missing,store_defect_repaired,True,False,WARN,ERROR,,WRF carries a grid_mapping attribute referencing a Lambert_Conformal coordinate variable; LOCA2-Hybrid stores CRS in a spatial_ref coordinate at the global level.,Climate Model Simulations,https://analytics.cal-adapt.org/data-tools/data-documentation/climate-model-sims.html,LOCA2 stores should carry a spatial_ref coordinate holding the WGS84 definition.,
LOCA2,UCSD,MPI-ESM1-2-HR,ssp585,r2i1p1f1,day,huss,d03,s3://cadcat/loca2/ucsd/mpi-esm1-2-hr/ssp585/r2i1p1f1/day/huss/d03/,crs.spatial_ref.missing,store_defect_repaired,True,False,WARN,ERROR,,WRF carries a grid_mapping attribute referencing a Lambert_Conformal coordinate variable; LOCA2-Hybrid stores CRS in a spatial_ref coordinate at the global level.,Climate Model Simulations,https://analytics.cal-adapt.org/data-tools/data-documentation/climate-model-sims.html,LOCA2 stores should carry a spatial_ref coordinate holding the WGS84 definition.,
LOCA2,UCSD,FGOALS-g3,historical,r5i1p1f1,day,pr,d03,s3://cadcat/loca2/ucsd/fgoals-g3/historical/r5i1p1f1/day/pr/d03/,crs.spatial_ref.missing,store_defect_repaired,True,False,WARN,ERROR,,WRF carries a grid_mapping attribute referencing a Lambert_Conformal coordinate variable; LOCA2-Hybrid stores CRS in a spatial_ref coordinate at the global level.,Climate Model Simulations,https://analytics.cal-adapt.org/data-tools/data-documentation/climate-model-sims.html,LOCA2 stores should carry a spatial_ref coordinate holding the WGS84 definition.,
LOCA2,UCSD,EC-Earth3-Veg,ssp245,r5i1p1f1,day,pr,d03,s3://cadcat/loca2/ucsd/ec-earth3-veg/ssp245/r5i1p1f1/day/pr/d03/,crs.spatial_ref.missing,store_defect_repaired,True,False,WARN,ERROR,,WRF carries a grid_mapping attribute referencing a Lambert_Conformal coordinate variable; LOCA2-Hybrid stores CRS in a spatial_ref coordinate at the global level.,Climate Model Simulations,https://analytics.cal-adapt.org/data-tools/data-documentation/climate-model-sims.html,LOCA2 stores should carry a spatial_ref coordinate holding the WGS84 definition.,
LOCA2,UCSD,IPSL-CM6A-LR,ssp370,r10i1p1f1,day,pr,d03,s3://cadcat/loca2/ucsd/ipsl-cm6a-lr/ssp370/r10i1p1f1/day/pr/d03/,crs.spatial_ref.missing,store_defect_repaired,True,False,WARN,ERROR,,WRF carries a grid_mapping attribute referencing a Lambert_Conformal coordinate variable; LOCA2-Hybrid stores CRS in a spatial_ref coordinate at the global level.,Climate Model Simulations,https://analytics.cal-adapt.org/data-tools/data-documentation/climate-model-sims.html,LOCA2 stores should carry a spatial_ref coordinate holding the WGS84 definition.,
LOCA2,UCSD,FGOALS-g3,ssp585,r1i1p1f1,day,pr,d03,s3://cadcat/loca2/ucsd/fgoals-g3/ssp585/r1i1p1f1/day/pr/d03/,crs.spatial_ref.missing,store_defect_repaired,True,False,WARN,ERROR,,WRF carries a grid_mapping attribute referencing a Lambert_Conformal coordinate variable; LOCA2-Hybrid stores CRS in a spatial_ref coordinate at the global level.,Climate Model Simulations,https://analytics.cal-adapt.org/data-tools/data-documentation/climate-model-sims.html,LOCA2 stores should carry a spatial_ref coordinate holding the WGS84 definition.,
LOCA2,UCSD,IPSL-CM6A-LR,historical,r5i1p1f1,day,rsds,d03,s3://cadcat/loca2/ucsd/ipsl-cm6a-lr/historical/r5i1p1f1/day/rsds/d03/,crs.spatial_ref.missing,store_defect_repaired,True,False,WARN,ERROR,,WRF carries a grid_mapping attribute referencing a Lambert_Conformal coordinate variable; LOCA2-Hybrid stores CRS in a spatial_ref coordinate at the global level.,Climate Model Simulations,https://analytics.cal-adapt.org/data-tools/data-documentation/climate-model-sims.html,LOCA2 stores should carry a spatial_ref coordinate holding the WGS84 definition.,
LOCA2,UCSD,EC-Earth3,ssp245,r1i1p1f1,day,rsds,d03,s3://cadcat/loca2/ucsd/ec-earth3/ssp245/r1i1p1f1/day/rsds/d03/,crs.spatial_ref.missing,store_defect_repaired,True,False,WARN,ERROR,,WRF carries a grid_mapping attribute referencing a Lambert_Conformal coordinate variable; LOCA2-Hybrid stores CRS in a spatial_ref coordinate at the global level.,Climate Model Simulations,https://analytics.cal-adapt.org/data-tools/data-documentation/climate-model-sims.html,LOCA2 stores should carry a spatial_ref coordinate holding the WGS84 definition.,
LOCA2,UCSD,MIROC6,ssp370,r1i1p1f1,day,rsds,d03,s3://cadcat/loca2/ucsd/miroc6/ssp370/r1i1p1f1/day/rsds/d03/,crs.spatial_ref.missing,store_defect_repaired,True,False,WARN,ERROR,,WRF carries a grid_mapping attribute referencing a Lambert_Conformal coordinate variable; LOCA2-Hybrid stores CRS in a spatial_ref coordinate at the global level.,Climate Model Simulations,https://analytics.cal-adapt.org/data-tools/data-documentation/climate-model-sims.html,LOCA2 stores should carry a spatial_ref coordinate holding the WGS84 definition.,
LOCA2,UCSD,EC-Earth3,ssp585,r1i1p1f1,day,rsds,d03,s3://cadcat/loca2/ucsd/ec-earth3/ssp585/r1i1p1f1/day/rsds/d03/,crs.spatial_ref.missing,store_defect_repaired,True,False,WARN,ERROR,,WRF carries a grid_mapping attribute referencing a Lambert_Conformal coordinate variable; LOCA2-Hybrid stores CRS in a spatial_ref coordinate at the global level.,Climate Model Simulations,https://analytics.cal-adapt.org/data-tools/data-documentation/climate-model-sims.html,LOCA2 stores should carry a spatial_ref coordinate holding the WGS84 definition.,
LOCA2,UCSD,FGOALS-g3,historical,r5i1p1f1,day,tasmax,d03,s3://cadcat/loca2/ucsd/fgoals-g3/historical/r5i1p1f1/day/tasmax/d03/,crs.spatial_ref.missing,store_defect_repaired,True,False,WARN,ERROR,,WRF carries a grid_mapping attribute referencing a Lambert_Conformal coordinate variable; LOCA2-Hybrid stores CRS in a spatial_ref coordinate at the global level.,Climate Model Simulations,https://analytics.cal-adapt.org/data-tools/data-documentation/climate-model-sims.html,LOCA2 stores should carry a spatial_ref coordinate holding the WGS84 definition.,
LOCA2,UCSD,EC-Earth3-Veg,ssp245,r5i1p1f1,day,tasmax,d03,s3://cadcat/loca2/ucsd/ec-earth3-veg/ssp245/r5i1p1f1/day/tasmax/d03/,crs.spatial_ref.missing,store_defect_repaired,True,False,WARN,ERROR,,WRF carries a grid_mapping attribute referencing a Lambert_Conformal coordinate variable; LOCA2-Hybrid stores CRS in a spatial_ref coordinate at the global level.,Climate Model Simulations,https://analytics.cal-adapt.org/data-tools/data-documentation/climate-model-sims.html,LOCA2 stores should carry a spatial_ref coordinate holding the WGS84 definition.,
LOCA2,UCSD,IPSL-CM6A-LR,ssp370,r10i1p1f1,day,tasmax,d03,s3://cadcat/loca2/ucsd/ipsl-cm6a-lr/ssp370/r10i1p1f1/day/tasmax/d03/,crs.spatial_ref.missing,store_defect_repaired,True,False,WARN,ERROR,,WRF carries a grid_mapping attribute referencing a Lambert_Conformal coordinate variable; LOCA2-Hybrid stores CRS in a spatial_ref coordinate at the global level.,Climate Model Simulations,https://analytics.cal-adapt.org/data-tools/data-documentation/climate-model-sims.html,LOCA2 stores should carry a spatial_ref coordinate holding the WGS84 definition.,
LOCA2,UCSD,FGOALS-g3,ssp585,r1i1p1f1,day,tasmax,d03,s3://cadcat/loca2/ucsd/fgoals-g3/ssp585/r1i1p1f1/day/tasmax/d03/,crs.spatial_ref.missing,store_defect_repaired,True,False,WARN,ERROR,,WRF carries a grid_mapping attribute referencing a Lambert_Conformal coordinate variable; LOCA2-Hybrid stores CRS in a spatial_ref coordinate at the global level.,Climate Model Simulations,https://analytics.cal-adapt.org/data-tools/data-documentation/climate-model-sims.html,LOCA2 stores should carry a spatial_ref coordinate holding the WGS84 definition.,
LOCA2,UCSD,FGOALS-g3,historical,r5i1p1f1,day,tasmin,d03,s3://cadcat/loca2/ucsd/fgoals-g3/historical/r5i1p1f1/day/tasmin/d03/,crs.spatial_ref.missing,store_defect_repaired,True,False,WARN,ERROR,,WRF carries a grid_mapping attribute referencing a Lambert_Conformal coordinate variable; LOCA2-Hybrid stores CRS in a spatial_ref coordinate at the global level.,Climate Model Simulations,https://analytics.cal-adapt.org/data-tools/data-documentation/climate-model-sims.html,LOCA2 stores should carry a spatial_ref coordinate holding the WGS84 definition.,
LOCA2,UCSD,EC-Earth3-Veg,ssp245,r5i1p1f1,day,tasmin,d03,s3://cadcat/loca2/ucsd/ec-earth3-veg/ssp245/r5i1p1f1/day/tasmin/d03/,crs.spatial_ref.missing,store_defect_repaired,True,False,WARN,ERROR,,WRF carries a grid_mapping attribute referencing a Lambert_Conformal coordinate variable; LOCA2-Hybrid stores CRS in a spatial_ref coordinate at the global level.,Climate Model Simulations,https://analytics.cal-adapt.org/data-tools/data-documentation/climate-model-sims.html,LOCA2 stores should carry a spatial_ref coordinate holding the WGS84 definition.,
LOCA2,UCSD,IPSL-CM6A-LR,ssp370,r10i1p1f1,day,tasmin,d03,s3://cadcat/loca2/ucsd/ipsl-cm6a-lr/ssp370/r10i1p1f1/day/tasmin/d03/,crs.spatial_ref.missing,store_defect_repaired,True,False,WARN,ERROR,,WRF carries a grid_mapping attribute referencing a Lambert_Conformal coordinate variable; LOCA2-Hybrid stores CRS in a spatial_ref coordinate at the global level.,Climate Model Simulations,https://analytics.cal-adapt.org/data-tools/data-documentation/climate-model-sims.html,LOCA2 stores should carry a spatial_ref coordinate holding the WGS84 definition.,
LOCA2,UCSD,FGOALS-g3,ssp585,r1i1p1f1,day,tasmin,d03,s3://cadcat/loca2/ucsd/fgoals-g3/ssp585/r1i1p1f1/day/tasmin/d03/,crs.spatial_ref.missing,store_defect_repaired,True,False,WARN,ERROR,,WRF carries a grid_mapping attribute referencing a Lambert_Conformal coordinate variable; LOCA2-Hybrid stores CRS in a spatial_ref coordinate at the global level.,Climate Model Simulations,https://analytics.cal-adapt.org/data-tools/data-documentation/climate-model-sims.html,LOCA2 stores should carry a spatial_ref coordinate holding the WGS84 definition.,
LOCA2,UCSD,IPSL-CM6A-LR,historical,r5i1p1f1,day,uas,d03,s3://cadcat/loca2/ucsd/ipsl-cm6a-lr/historical/r5i1p1f1/day/uas/d03/,crs.spatial_ref.missing,store_defect_repaired,True,False,WARN,ERROR,,WRF carries a grid_mapping attribute referencing a Lambert_Conformal coordinate variable; LOCA2-Hybrid stores CRS in a spatial_ref coordinate at the global level.,Climate Model Simulations,https://analytics.cal-adapt.org/data-tools/data-documentation/climate-model-sims.html,LOCA2 stores should carry a spatial_ref coordinate holding the WGS84 definition.,
LOCA2,UCSD,HadGEM3-GC31-LL,ssp245,r1i1p1f3,day,uas,d03,s3://cadcat/loca2/ucsd/hadgem3-gc31-ll/ssp245/r1i1p1f3/day/uas/d03/,crs.spatial_ref.missing,store_defect_repaired,True,False,WARN,ERROR,,WRF carries a grid_mapping attribute referencing a Lambert_Conformal coordinate variable; LOCA2-Hybrid stores CRS in a spatial_ref coordinate at the global level.,Climate Model Simulations,https://analytics.cal-adapt.org/data-tools/data-documentation/climate-model-sims.html,LOCA2 stores should carry a spatial_ref coordinate holding the WGS84 definition.,
LOCA2,UCSD,IPSL-CM6A-LR,ssp370,r8i1p1f1,day,uas,d03,s3://cadcat/loca2/ucsd/ipsl-cm6a-lr/ssp370/r8i1p1f1/day/uas/d03/,crs.spatial_ref.missing,store_defect_repaired,True,False,WARN,ERROR,,WRF carries a grid_mapping attribute referencing a Lambert_Conformal coordinate variable; LOCA2-Hybrid stores CRS in a spatial_ref coordinate at the global level.,Climate Model Simulations,https://analytics.cal-adapt.org/data-tools/data-documentation/climate-model-sims.html,LOCA2 stores should carry a spatial_ref coordinate holding the WGS84 definition.,
LOCA2,UCSD,EC-Earth3,ssp585,r1i1p1f1,day,uas,d03,s3://cadcat/loca2/ucsd/ec-earth3/ssp585/r1i1p1f1/day/uas/d03/,crs.spatial_ref.missing,store_defect_repaired,True,False,WARN,ERROR,,WRF carries a grid_mapping attribute referencing a Lambert_Conformal coordinate variable; LOCA2-Hybrid stores CRS in a spatial_ref coordinate at the global level.,Climate Model Simulations,https://analytics.cal-adapt.org/data-tools/data-documentation/climate-model-sims.html,LOCA2 stores should carry a spatial_ref coordinate holding the WGS84 definition.,
LOCA2,UCSD,IPSL-CM6A-LR,historical,r5i1p1f1,day,vas,d03,s3://cadcat/loca2/ucsd/ipsl-cm6a-lr/historical/r5i1p1f1/day/vas/d03/,crs.spatial_ref.missing,store_defect_repaired,True,False,WARN,ERROR,,WRF carries a grid_mapping attribute referencing a Lambert_Conformal coordinate variable; LOCA2-Hybrid stores CRS in a spatial_ref coordinate at the global level.,Climate Model Simulations,https://analytics.cal-adapt.org/data-tools/data-documentation/climate-model-sims.html,LOCA2 stores should carry a spatial_ref coordinate holding the WGS84 definition.,
LOCA2,UCSD,HadGEM3-GC31-LL,ssp245,r1i1p1f3,day,vas,d03,s3://cadcat/loca2/ucsd/hadgem3-gc31-ll/ssp245/r1i1p1f3/day/vas/d03/,crs.spatial_ref.missing,store_defect_repaired,True,False,WARN,ERROR,,WRF carries a grid_mapping attribute referencing a Lambert_Conformal coordinate variable; LOCA2-Hybrid stores CRS in a spatial_ref coordinate at the global level.,Climate Model Simulations,https://analytics.cal-adapt.org/data-tools/data-documentation/climate-model-sims.html,LOCA2 stores should carry a spatial_ref coordinate holding the WGS84 definition.,
LOCA2,UCSD,IPSL-CM6A-LR,ssp370,r8i1p1f1,day,vas,d03,s3://cadcat/loca2/ucsd/ipsl-cm6a-lr/ssp370/r8i1p1f1/day/vas/d03/,crs.spatial_ref.missing,store_defect_repaired,True,False,WARN,ERROR,,WRF carries a grid_mapping attribute referencing a Lambert_Conformal coordinate variable; LOCA2-Hybrid stores CRS in a spatial_ref coordinate at the global level.,Climate Model Simulations,https://analytics.cal-adapt.org/data-tools/data-documentation/climate-model-sims.html,LOCA2 stores should carry a spatial_ref coordinate holding the WGS84 definition.,
LOCA2,UCSD,EC-Earth3,ssp585,r1i1p1f1,day,vas,d03,s3://cadcat/loca2/ucsd/ec-earth3/ssp585/r1i1p1f1/day/vas/d03/,crs.spatial_ref.missing,store_defect_repaired,True,False,WARN,ERROR,,WRF carries a grid_mapping attribute referencing a Lambert_Conformal coordinate variable; LOCA2-Hybrid stores CRS in a spatial_ref coordinate at the global level.,Climate Model Simulations,https://analytics.cal-adapt.org/data-tools/data-documentation/climate-model-sims.html,LOCA2 stores should carry a spatial_ref coordinate holding the WGS84 definition.,
LOCA2,UCSD,IPSL-CM6A-LR,historical,r5i1p1f1,day,wspeed,d03,s3://cadcat/loca2/ucsd/ipsl-cm6a-lr/historical/r5i1p1f1/day/wspeed/d03/,crs.spatial_ref.missing,store_defect_repaired,True,False,WARN,ERROR,,WRF carries a grid_mapping attribute referencing a Lambert_Conformal coordinate variable; LOCA2-Hybrid stores CRS in a spatial_ref coordinate at the global level.,Climate Model Simulations,https://analytics.cal-adapt.org/data-tools/data-documentation/climate-model-sims.html,LOCA2 stores should carry a spatial_ref coordinate holding the WGS84 definition.,
LOCA2,UCSD,HadGEM3-GC31-LL,ssp245,r1i1p1f3,day,wspeed,d03,s3://cadcat/loca2/ucsd/hadgem3-gc31-ll/ssp245/r1i1p1f3/day/wspeed/d03/,crs.spatial_ref.missing,store_defect_repaired,True,False,WARN,ERROR,,WRF carries a grid_mapping attribute referencing a Lambert_Conformal coordinate variable; LOCA2-Hybrid stores CRS in a spatial_ref coordinate at the global level.,Climate Model Simulations,https://analytics.cal-adapt.org/data-tools/data-documentation/climate-model-sims.html,LOCA2 stores should carry a spatial_ref coordinate holding the WGS84 definition.,
LOCA2,UCSD,IPSL-CM6A-LR,ssp370,r8i1p1f1,day,wspeed,d03,s3://cadcat/loca2/ucsd/ipsl-cm6a-lr/ssp370/r8i1p1f1/day/wspeed/d03/,crs.spatial_ref.missing,store_defect_repaired,True,False,WARN,ERROR,,WRF carries a grid_mapping attribute referencing a Lambert_Conformal coordinate variable; LOCA2-Hybrid stores CRS in a spatial_ref coordinate at the global level.,Climate Model Simulations,https://analytics.cal-adapt.org/data-tools/data-documentation/climate-model-sims.html,LOCA2 stores should carry a spatial_ref coordinate holding the WGS84 definition.,
LOCA2,UCSD,EC-Earth3,ssp585,r1i1p1f1,day,wspeed,d03,s3://cadcat/loca2/ucsd/ec-earth3/ssp585/r1i1p1f1/day/wspeed/d03/,crs.spatial_ref.missing,store_defect_repaired,True,False,WARN,ERROR,,WRF carries a grid_mapping attribute referencing a Lambert_Conformal coordinate variable; LOCA2-Hybrid stores CRS in a spatial_ref coordinate at the global level.,Climate Model Simulations,https://analytics.cal-adapt.org/data-tools/data-documentation/climate-model-sims.html,LOCA2 stores should carry a spatial_ref coordinate holding the WGS84 definition.,
LOCA2,UCSD,HadGEM3-GC31-LL,historical,r2i1p1f3,day,hursmax,d03,s3://cadcat/loca2/ucsd/hadgem3-gc31-ll/historical/r2i1p1f3/day/hursmax/d03/,time.bounds.match,compliant,False,False,OK,OK,OK,The time variable must represent time elapsed since a reference date; Gregorian is preferred.,Metadata Standards,https://analytics.cal-adapt.org/data-tools/data-documentation/metadata-standards.html,,
LOCA2,UCSD,EC-Earth3,ssp245,r2i1p1f1,day,hursmax,d03,s3://cadcat/loca2/ucsd/ec-earth3/ssp245/r2i1p1f1/day/hursmax/d03/,time.bounds.match,compliant,False,False,OK,OK,OK,The time variable must represent time elapsed since a reference date; Gregorian is preferred.,Metadata Standards,https://analytics.cal-adapt.org/data-tools/data-documentation/metadata-standards.html,,
LOCA2,UCSD,KACE-1-0-G,ssp370,r1i1p1f1,day,hursmax,d03,s3://cadcat/loca2/ucsd/kace-1-0-g/ssp370/r1i1p1f1/day/hursmax/d03/,time.bounds.match,compliant,False,False,OK,OK,OK,The time variable must represent time elapsed since a reference date; Gregorian is preferred.,Metadata Standards,https://analytics.cal-adapt.org/data-tools/data-documentation/metadata-standards.html,,
LOCA2,UCSD,EC-Earth3,ssp585,r3i1p1f1,day,hursmax,d03,s3://cadcat/loca2/ucsd/ec-earth3/ssp585/r3i1p1f1/day/hursmax/d03/,time.bounds.match,compliant,False,False,OK,OK,OK,The time variable must represent time elapsed since a reference date; Gregorian is preferred.,Metadata Standards,https://analytics.cal-adapt.org/data-tools/data-documentation/metadata-standards.html,,
LOCA2,UCSD,HadGEM3-GC31-LL,historical,r2i1p1f3,day,hursmin,d03,s3://cadcat/loca2/ucsd/hadgem3-gc31-ll/historical/r2i1p1f3/day/hursmin/d03/,time.bounds.match,compliant,False,False,OK,OK,OK,The time variable must represent time elapsed since a reference date; Gregorian is preferred.,Metadata Standards,https://analytics.cal-adapt.org/data-tools/data-documentation/metadata-standards.html,,
LOCA2,UCSD,EC-Earth3,ssp245,r2i1p1f1,day,hursmin,d03,s3://cadcat/loca2/ucsd/ec-earth3/ssp245/r2i1p1f1/day/hursmin/d03/,time.bounds.match,compliant,False,False,OK,OK,OK,The time variable must represent time elapsed since a reference date; Gregorian is preferred.,Metadata Standards,https://analytics.cal-adapt.org/data-tools/data-documentation/metadata-standards.html,,
LOCA2,UCSD,KACE-1-0-G,ssp370,r1i1p1f1,day,hursmin,d03,s3://cadcat/loca2/ucsd/kace-1-0-g/ssp370/r1i1p1f1/day/hursmin/d03/,time.bounds.match,compliant,False,False,OK,OK,OK,The time variable must represent time elapsed since a reference date; Gregorian is preferred.,Metadata Standards,https://analytics.cal-adapt.org/data-tools/data-documentation/metadata-standards.html,,
LOCA2,UCSD,EC-Earth3,ssp585,r3i1p1f1,day,hursmin,d03,s3://cadcat/loca2/ucsd/ec-earth3/ssp585/r3i1p1f1/day/hursmin/d03/,time.bounds.match,compliant,False,False,OK,OK,OK,The time variable must represent time elapsed since a reference date; Gregorian is preferred.,Metadata Standards,https://analytics.cal-adapt.org/data-tools/data-documentation/metadata-standards.html,,
LOCA2,UCSD,INM-CM5-0,historical,r2i1p1f1,day,huss,d03,s3://cadcat/loca2/ucsd/inm-cm5-0/historical/r2i1p1f1/day/huss/d03/,time.bounds.match,compliant,False,False,OK,OK,OK,The time variable must represent time elapsed since a reference date; Gregorian is preferred.,Metadata Standards,https://analytics.cal-adapt.org/data-tools/data-documentation/metadata-standards.html,,
LOCA2,UCSD,EC-Earth3-Veg,ssp245,r5i1p1f1,day,huss,d03,s3://cadcat/loca2/ucsd/ec-earth3-veg/ssp245/r5i1p1f1/day/huss/d03/,time.bounds.match,compliant,False,False,OK,OK,OK,The time variable must represent time elapsed since a reference date; Gregorian is preferred.,Metadata Standards,https://analytics.cal-adapt.org/data-tools/data-documentation/metadata-standards.html,,
LOCA2,UCSD,KACE-1-0-G,ssp370,r1i1p1f1,day,huss,d03,s3://cadcat/loca2/ucsd/kace-1-0-g/ssp370/r1i1p1f1/day/huss/d03/,time.bounds.match,compliant,False,False,OK,OK,OK,The time variable must represent time elapsed since a reference date; Gregorian is preferred.,Metadata Standards,https://analytics.cal-adapt.org/data-tools/data-documentation/metadata-standards.html,,
LOCA2,UCSD,MPI-ESM1-2-HR,ssp585,r2i1p1f1,day,huss,d03,s3://cadcat/loca2/ucsd/mpi-esm1-2-hr/ssp585/r2i1p1f1/day/huss/d03/,time.bounds.match,compliant,False,False,OK,OK,OK,The time variable must represent time elapsed since a reference date; Gregorian is preferred.,Metadata Standards,https://analytics.cal-adapt.org/data-tools/data-documentation/metadata-standards.html,,
LOCA2,UCSD,FGOALS-g3,historical,r5i1p1f1,day,pr,d03,s3://cadcat/loca2/ucsd/fgoals-g3/historical/r5i1p1f1/day/pr/d03/,time.bounds.match,compliant,False,False,OK,OK,OK,The time variable must represent time elapsed since a reference date; Gregorian is preferred.,Metadata Standards,https://analytics.cal-adapt.org/data-tools/data-documentation/metadata-standards.html,,
LOCA2,UCSD,EC-Earth3-Veg,ssp245,r5i1p1f1,day,pr,d03,s3://cadcat/loca2/ucsd/ec-earth3-veg/ssp245/r5i1p1f1/day/pr/d03/,time.bounds.match,compliant,False,False,OK,OK,OK,The time variable must represent time elapsed since a reference date; Gregorian is preferred.,Metadata Standards,https://analytics.cal-adapt.org/data-tools/data-documentation/metadata-standards.html,,
LOCA2,UCSD,IPSL-CM6A-LR,ssp370,r10i1p1f1,day,pr,d03,s3://cadcat/loca2/ucsd/ipsl-cm6a-lr/ssp370/r10i1p1f1/day/pr/d03/,time.bounds.match,compliant,False,False,OK,OK,OK,The time variable must represent time elapsed since a reference date; Gregorian is preferred.,Metadata Standards,https://analytics.cal-adapt.org/data-tools/data-documentation/metadata-standards.html,,
LOCA2,UCSD,FGOALS-g3,ssp585,r1i1p1f1,day,pr,d03,s3://cadcat/loca2/ucsd/fgoals-g3/ssp585/r1i1p1f1/day/pr/d03/,time.bounds.match,compliant,False,False,OK,OK,OK,The time variable must represent time elapsed since a reference date; Gregorian is preferred.,Metadata Standards,https://analytics.cal-adapt.org/data-tools/data-documentation/metadata-standards.html,,
LOCA2,UCSD,IPSL-CM6A-LR,historical,r5i1p1f1,day,rsds,d03,s3://cadcat/loca2/ucsd/ipsl-cm6a-lr/historical/r5i1p1f1/day/rsds/d03/,time.bounds.match,compliant,False,False,OK,OK,OK,The time variable must represent time elapsed since a reference date; Gregorian is preferred.,Metadata Standards,https://analytics.cal-adapt.org/data-tools/data-documentation/metadata-standards.html,,
LOCA2,UCSD,EC-Earth3,ssp245,r1i1p1f1,day,rsds,d03,s3://cadcat/loca2/ucsd/ec-earth3/ssp245/r1i1p1f1/day/rsds/d03/,time.bounds.match,compliant,False,False,OK,OK,OK,The time variable must represent time elapsed since a reference date; Gregorian is preferred.,Metadata Standards,https://analytics.cal-adapt.org/data-tools/data-documentation/metadata-standards.html,,
LOCA2,UCSD,MIROC6,ssp370,r1i1p1f1,day,rsds,d03,s3://cadcat/loca2/ucsd/miroc6/ssp370/r1i1p1f1/day/rsds/d03/,time.bounds.match,compliant,False,False,OK,OK,OK,The time variable must represent time elapsed since a reference date; Gregorian is preferred.,Metadata Standards,https://analytics.cal-adapt.org/data-tools/data-documentation/metadata-standards.html,,
LOCA2,UCSD,EC-Earth3,ssp585,r1i1p1f1,day,rsds,d03,s3://cadcat/loca2/ucsd/ec-earth3/ssp585/r1i1p1f1/day/rsds/d03/,time.bounds.match,compliant,False,False,OK,OK,OK,The time variable must represent time elapsed since a reference date; Gregorian is preferred.,Metadata Standards,https://analytics.cal-adapt.org/data-tools/data-documentation/metadata-standards.html,,
LOCA2,UCSD,FGOALS-g3,historical,r5i1p1f1,day,tasmax,d03,s3://cadcat/loca2/ucsd/fgoals-g3/historical/r5i1p1f1/day/tasmax/d03/,time.bounds.match,compliant,False,False,OK,OK,OK,The time variable must represent time elapsed since a reference date; Gregorian is preferred.,Metadata Standards,https://analytics.cal-adapt.org/data-tools/data-documentation/metadata-standards.html,,
LOCA2,UCSD,EC-Earth3-Veg,ssp245,r5i1p1f1,day,tasmax,d03,s3://cadcat/loca2/ucsd/ec-earth3-veg/ssp245/r5i1p1f1/day/tasmax/d03/,time.bounds.match,compliant,False,False,OK,OK,OK,The time variable must represent time elapsed since a reference date; Gregorian is preferred.,Metadata Standards,https://analytics.cal-adapt.org/data-tools/data-documentation/metadata-standards.html,,
LOCA2,UCSD,IPSL-CM6A-LR,ssp370,r10i1p1f1,day,tasmax,d03,s3://cadcat/loca2/ucsd/ipsl-cm6a-lr/ssp370/r10i1p1f1/day/tasmax/d03/,time.bounds.match,compliant,False,False,OK,OK,OK,The time variable must represent time elapsed since a reference date; Gregorian is preferred.,Metadata Standards,https://analytics.cal-adapt.org/data-tools/data-documentation/metadata-standards.html,,
LOCA2,UCSD,FGOALS-g3,ssp585,r1i1p1f1,day,tasmax,d03,s3://cadcat/loca2/ucsd/fgoals-g3/ssp585/r1i1p1f1/day/tasmax/d03/,time.bounds.match,compliant,False,False,OK,OK,OK,The time variable must represent time elapsed since a reference date; Gregorian is preferred.,Metadata Standards,https://analytics.cal-adapt.org/data-tools/data-documentation/metadata-standards.html,,
LOCA2,UCSD,FGOALS-g3,historical,r5i1p1f1,day,tasmin,d03,s3://cadcat/loca2/ucsd/fgoals-g3/historical/r5i1p1f1/day/tasmin/d03/,time.bounds.match,compliant,False,False,OK,OK,OK,The time variable must represent time elapsed since a reference date; Gregorian is preferred.,Metadata Standards,https://analytics.cal-adapt.org/data-tools/data-documentation/metadata-standards.html,,
LOCA2,UCSD,EC-Earth3-Veg,ssp245,r5i1p1f1,day,tasmin,d03,s3://cadcat/loca2/ucsd/ec-earth3-veg/ssp245/r5i1p1f1/day/tasmin/d03/,time.bounds.match,compliant,False,False,OK,OK,OK,The time variable must represent time elapsed since a reference date; Gregorian is preferred.,Metadata Standards,https://analytics.cal-adapt.org/data-tools/data-documentation/metadata-standards.html,,
LOCA2,UCSD,IPSL-CM6A-LR,ssp370,r10i1p1f1,day,tasmin,d03,s3://cadcat/loca2/ucsd/ipsl-cm6a-lr/ssp370/r10i1p1f1/day/tasmin/d03/,time.bounds.match,compliant,False,False,OK,OK,OK,The time variable must represent time elapsed since a reference date; Gregorian is preferred.,Metadata Standards,https://analytics.cal-adapt.org/data-tools/data-documentation/metadata-standards.html,,
LOCA2,UCSD,FGOALS-g3,ssp585,r1i1p1f1,day,tasmin,d03,s3://cadcat/loca2/ucsd/fgoals-g3/ssp585/r1i1p1f1/day/tasmin/d03/,time.bounds.match,compliant,False,False,OK,OK,OK,The time variable must represent time elapsed since a reference date; Gregorian is preferred.,Metadata Standards,https://analytics.cal-adapt.org/data-tools/data-documentation/metadata-standards.html,,
LOCA2,UCSD,IPSL-CM6A-LR,historical,r5i1p1f1,day,uas,d03,s3://cadcat/loca2/ucsd/ipsl-cm6a-lr/historical/r5i1p1f1/day/uas/d03/,time.bounds.match,compliant,False,False,OK,OK,OK,The time variable must represent time elapsed since a reference date; Gregorian is preferred.,Metadata Standards,https://analytics.cal-adapt.org/data-tools/data-documentation/metadata-standards.html,,
LOCA2,UCSD,HadGEM3-GC31-LL,ssp245,r1i1p1f3,day,uas,d03,s3://cadcat/loca2/ucsd/hadgem3-gc31-ll/ssp245/r1i1p1f3/day/uas/d03/,time.bounds.match,compliant,False,False,OK,OK,OK,The time variable must represent time elapsed since a reference date; Gregorian is preferred.,Metadata Standards,https://analytics.cal-adapt.org/data-tools/data-documentation/metadata-standards.html,,
LOCA2,UCSD,IPSL-CM6A-LR,ssp370,r8i1p1f1,day,uas,d03,s3://cadcat/loca2/ucsd/ipsl-cm6a-lr/ssp370/r8i1p1f1/day/uas/d03/,time.bounds.match,compliant,False,False,OK,OK,OK,The time variable must represent time elapsed since a reference date; Gregorian is preferred.,Metadata Standards,https://analytics.cal-adapt.org/data-tools/data-documentation/metadata-standards.html,,
LOCA2,UCSD,EC-Earth3,ssp585,r1i1p1f1,day,uas,d03,s3://cadcat/loca2/ucsd/ec-earth3/ssp585/r1i1p1f1/day/uas/d03/,time.bounds.match,compliant,False,False,OK,OK,OK,The time variable must represent time elapsed since a reference date; Gregorian is preferred.,Metadata Standards,https://analytics.cal-adapt.org/data-tools/data-documentation/metadata-standards.html,,
LOCA2,UCSD,IPSL-CM6A-LR,historical,r5i1p1f1,day,vas,d03,s3://cadcat/loca2/ucsd/ipsl-cm6a-lr/historical/r5i1p1f1/day/vas/d03/,time.bounds.match,compliant,False,False,OK,OK,OK,The time variable must represent time elapsed since a reference date; Gregorian is preferred.,Metadata Standards,https://analytics.cal-adapt.org/data-tools/data-documentation/metadata-standards.html,,
LOCA2,UCSD,HadGEM3-GC31-LL,ssp245,r1i1p1f3,day,vas,d03,s3://cadcat/loca2/ucsd/hadgem3-gc31-ll/ssp245/r1i1p1f3/day/vas/d03/,time.bounds.match,compliant,False,False,OK,OK,OK,The time variable must represent time elapsed since a reference date; Gregorian is preferred.,Metadata Standards,https://analytics.cal-adapt.org/data-tools/data-documentation/metadata-standards.html,,
LOCA2,UCSD,IPSL-CM6A-LR,ssp370,r8i1p1f1,day,vas,d03,s3://cadcat/loca2/ucsd/ipsl-cm6a-lr/ssp370/r8i1p1f1/day/vas/d03/,time.bounds.match,compliant,False,False,OK,OK,OK,The time variable must represent time elapsed since a reference date; Gregorian is preferred.,Metadata Standards,https://analytics.cal-adapt.org/data-tools/data-documentation/metadata-standards.html,,
LOCA2,UCSD,EC-Earth3,ssp585,r1i1p1f1,day,vas,d03,s3://cadcat/loca2/ucsd/ec-earth3/ssp585/r1i1p1f1/day/vas/d03/,time.bounds.match,compliant,False,False,OK,OK,OK,The time variable must represent time elapsed since a reference date; Gregorian is preferred.,Metadata Standards,https://analytics.cal-adapt.org/data-tools/data-documentation/metadata-standards.html,,
LOCA2,UCSD,IPSL-CM6A-LR,historical,r5i1p1f1,day,wspeed,d03,s3://cadcat/loca2/ucsd/ipsl-cm6a-lr/historical/r5i1p1f1/day/wspeed/d03/,time.bounds.match,compliant,False,False,OK,OK,OK,The time variable must represent time elapsed since a reference date; Gregorian is preferred.,Metadata Standards,https://analytics.cal-adapt.org/data-tools/data-documentation/metadata-standards.html,,
LOCA2,UCSD,HadGEM3-GC31-LL,ssp245,r1i1p1f3,day,wspeed,d03,s3://cadcat/loca2/ucsd/hadgem3-gc31-ll/ssp245/r1i1p1f3/day/wspeed/d03/,time.bounds.match,compliant,False,False,OK,OK,OK,The time variable must represent time elapsed since a reference date; Gregorian is preferred.,Metadata Standards,https://analytics.cal-adapt.org/data-tools/data-documentation/metadata-standards.html,,
LOCA2,UCSD,IPSL-CM6A-LR,ssp370,r8i1p1f1,day,wspeed,d03,s3://cadcat/loca2/ucsd/ipsl-cm6a-lr/ssp370/r8i1p1f1/day/wspeed/d03/,time.bounds.match,compliant,False,False,OK,OK,OK,The time variable must represent time elapsed since a reference date; Gregorian is preferred.,Metadata Standards,https://analytics.cal-adapt.org/data-tools/data-documentation/metadata-standards.html,,
LOCA2,UCSD,EC-Earth3,ssp585,r1i1p1f1,day,wspeed,d03,s3://cadcat/loca2/ucsd/ec-earth3/ssp585/r1i1p1f1/day/wspeed/d03/,time.bounds.match,compliant,False,False,OK,OK,OK,The time variable must represent time elapsed since a reference date; Gregorian is preferred.,Metadata Standards,https://analytics.cal-adapt.org/data-tools/data-documentation/metadata-standards.html,,
LOCA2,UCSD,HadGEM3-GC31-LL,historical,r2i1p1f3,day,hursmax,d03,s3://cadcat/loca2/ucsd/hadgem3-gc31-ll/historical/r2i1p1f3/day/hursmax/d03/,time.extent.match,compliant,False,False,OK,OK,OK,"WRF historical 1980-2014, LOCA2 historical 1950-2014, projections through 2100.",Climate Model Simulations,https://analytics.cal-adapt.org/data-tools/data-documentation/climate-model-sims.html,,
LOCA2,UCSD,EC-Earth3,ssp245,r2i1p1f1,day,hursmax,d03,s3://cadcat/loca2/ucsd/ec-earth3/ssp245/r2i1p1f1/day/hursmax/d03/,time.extent.match,compliant,False,False,OK,OK,OK,"WRF historical 1980-2014, LOCA2 historical 1950-2014, projections through 2100.",Climate Model Simulations,https://analytics.cal-adapt.org/data-tools/data-documentation/climate-model-sims.html,,
LOCA2,UCSD,KACE-1-0-G,ssp370,r1i1p1f1,day,hursmax,d03,s3://cadcat/loca2/ucsd/kace-1-0-g/ssp370/r1i1p1f1/day/hursmax/d03/,time.extent.match,compliant,False,False,OK,OK,OK,"WRF historical 1980-2014, LOCA2 historical 1950-2014, projections through 2100.",Climate Model Simulations,https://analytics.cal-adapt.org/data-tools/data-documentation/climate-model-sims.html,,
LOCA2,UCSD,EC-Earth3,ssp585,r3i1p1f1,day,hursmax,d03,s3://cadcat/loca2/ucsd/ec-earth3/ssp585/r3i1p1f1/day/hursmax/d03/,time.extent.match,compliant,False,False,OK,OK,OK,"WRF historical 1980-2014, LOCA2 historical 1950-2014, projections through 2100.",Climate Model Simulations,https://analytics.cal-adapt.org/data-tools/data-documentation/climate-model-sims.html,,
LOCA2,UCSD,HadGEM3-GC31-LL,historical,r2i1p1f3,day,hursmin,d03,s3://cadcat/loca2/ucsd/hadgem3-gc31-ll/historical/r2i1p1f3/day/hursmin/d03/,time.extent.match,compliant,False,False,OK,OK,OK,"WRF historical 1980-2014, LOCA2 historical 1950-2014, projections through 2100.",Climate Model Simulations,https://analytics.cal-adapt.org/data-tools/data-documentation/climate-model-sims.html,,
LOCA2,UCSD,EC-Earth3,ssp245,r2i1p1f1,day,hursmin,d03,s3://cadcat/loca2/ucsd/ec-earth3/ssp245/r2i1p1f1/day/hursmin/d03/,time.extent.match,compliant,False,False,OK,OK,OK,"WRF historical 1980-2014, LOCA2 historical 1950-2014, projections through 2100.",Climate Model Simulations,https://analytics.cal-adapt.org/data-tools/data-documentation/climate-model-sims.html,,
LOCA2,UCSD,KACE-1-0-G,ssp370,r1i1p1f1,day,hursmin,d03,s3://cadcat/loca2/ucsd/kace-1-0-g/ssp370/r1i1p1f1/day/hursmin/d03/,time.extent.match,compliant,False,False,OK,OK,OK,"WRF historical 1980-2014, LOCA2 historical 1950-2014, projections through 2100.",Climate Model Simulations,https://analytics.cal-adapt.org/data-tools/data-documentation/climate-model-sims.html,,
LOCA2,UCSD,EC-Earth3,ssp585,r3i1p1f1,day,hursmin,d03,s3://cadcat/loca2/ucsd/ec-earth3/ssp585/r3i1p1f1/day/hursmin/d03/,time.extent.match,compliant,False,False,OK,OK,OK,"WRF historical 1980-2014, LOCA2 historical 1950-2014, projections through 2100.",Climate Model Simulations,https://analytics.cal-adapt.org/data-tools/data-documentation/climate-model-sims.html,,
LOCA2,UCSD,INM-CM5-0,historical,r2i1p1f1,day,huss,d03,s3://cadcat/loca2/ucsd/inm-cm5-0/historical/r2i1p1f1/day/huss/d03/,time.extent.match,compliant,False,False,OK,OK,OK,"WRF historical 1980-2014, LOCA2 historical 1950-2014, projections through 2100.",Climate Model Simulations,https://analytics.cal-adapt.org/data-tools/data-documentation/climate-model-sims.html,,
LOCA2,UCSD,EC-Earth3-Veg,ssp245,r5i1p1f1,day,huss,d03,s3://cadcat/loca2/ucsd/ec-earth3-veg/ssp245/r5i1p1f1/day/huss/d03/,time.extent.match,compliant,False,False,OK,OK,OK,"WRF historical 1980-2014, LOCA2 historical 1950-2014, projections through 2100.",Climate Model Simulations,https://analytics.cal-adapt.org/data-tools/data-documentation/climate-model-sims.html,,
LOCA2,UCSD,KACE-1-0-G,ssp370,r1i1p1f1,day,huss,d03,s3://cadcat/loca2/ucsd/kace-1-0-g/ssp370/r1i1p1f1/day/huss/d03/,time.extent.match,compliant,False,False,OK,OK,OK,"WRF historical 1980-2014, LOCA2 historical 1950-2014, projections through 2100.",Climate Model Simulations,https://analytics.cal-adapt.org/data-tools/data-documentation/climate-model-sims.html,,
LOCA2,UCSD,MPI-ESM1-2-HR,ssp585,r2i1p1f1,day,huss,d03,s3://cadcat/loca2/ucsd/mpi-esm1-2-hr/ssp585/r2i1p1f1/day/huss/d03/,time.extent.match,compliant,False,False,OK,OK,OK,"WRF historical 1980-2014, LOCA2 historical 1950-2014, projections through 2100.",Climate Model Simulations,https://analytics.cal-adapt.org/data-tools/data-documentation/climate-model-sims.html,,
LOCA2,UCSD,FGOALS-g3,historical,r5i1p1f1,day,pr,d03,s3://cadcat/loca2/ucsd/fgoals-g3/historical/r5i1p1f1/day/pr/d03/,time.extent.match,compliant,False,False,OK,OK,OK,"WRF historical 1980-2014, LOCA2 historical 1950-2014, projections through 2100.",Climate Model Simulations,https://analytics.cal-adapt.org/data-tools/data-documentation/climate-model-sims.html,,
LOCA2,UCSD,EC-Earth3-Veg,ssp245,r5i1p1f1,day,pr,d03,s3://cadcat/loca2/ucsd/ec-earth3-veg/ssp245/r5i1p1f1/day/pr/d03/,time.extent.match,compliant,False,False,OK,OK,OK,"WRF historical 1980-2014, LOCA2 historical 1950-2014, projections through 2100.",Climate Model Simulations,https://analytics.cal-adapt.org/data-tools/data-documentation/climate-model-sims.html,,
LOCA2,UCSD,IPSL-CM6A-LR,ssp370,r10i1p1f1,day,pr,d03,s3://cadcat/loca2/ucsd/ipsl-cm6a-lr/ssp370/r10i1p1f1/day/pr/d03/,time.extent.match,compliant,False,False,OK,OK,OK,"WRF historical 1980-2014, LOCA2 historical 1950-2014, projections through 2100.",Climate Model Simulations,https://analytics.cal-adapt.org/data-tools/data-documentation/climate-model-sims.html,,
LOCA2,UCSD,FGOALS-g3,ssp585,r1i1p1f1,day,pr,d03,s3://cadcat/loca2/ucsd/fgoals-g3/ssp585/r1i1p1f1/day/pr/d03/,time.extent.match,compliant,False,False,OK,OK,OK,"WRF historical 1980-2014, LOCA2 historical 1950-2014, projections through 2100.",Climate Model Simulations,https://analytics.cal-adapt.org/data-tools/data-documentation/climate-model-sims.html,,
LOCA2,UCSD,IPSL-CM6A-LR,historical,r5i1p1f1,day,rsds,d03,s3://cadcat/loca2/ucsd/ipsl-cm6a-lr/historical/r5i1p1f1/day/rsds/d03/,time.extent.match,compliant,False,False,OK,OK,OK,"WRF historical 1980-2014, LOCA2 historical 1950-2014, projections through 2100.",Climate Model Simulations,https://analytics.cal-adapt.org/data-tools/data-documentation/climate-model-sims.html,,
LOCA2,UCSD,EC-Earth3,ssp245,r1i1p1f1,day,rsds,d03,s3://cadcat/loca2/ucsd/ec-earth3/ssp245/r1i1p1f1/day/rsds/d03/,time.extent.match,compliant,False,False,OK,OK,OK,"WRF historical 1980-2014, LOCA2 historical 1950-2014, projections through 2100.",Climate Model Simulations,https://analytics.cal-adapt.org/data-tools/data-documentation/climate-model-sims.html,,
LOCA2,UCSD,MIROC6,ssp370,r1i1p1f1,day,rsds,d03,s3://cadcat/loca2/ucsd/miroc6/ssp370/r1i1p1f1/day/rsds/d03/,time.extent.match,compliant,False,False,OK,OK,OK,"WRF historical 1980-2014, LOCA2 historical 1950-2014, projections through 2100.",Climate Model Simulations,https://analytics.cal-adapt.org/data-tools/data-documentation/climate-model-sims.html,,
LOCA2,UCSD,EC-Earth3,ssp585,r1i1p1f1,day,rsds,d03,s3://cadcat/loca2/ucsd/ec-earth3/ssp585/r1i1p1f1/day/rsds/d03/,time.extent.match,compliant,False,False,OK,OK,OK,"WRF historical 1980-2014, LOCA2 historical 1950-2014, projections through 2100.",Climate Model Simulations,https://analytics.cal-adapt.org/data-tools/data-documentation/climate-model-sims.html,,
LOCA2,UCSD,FGOALS-g3,historical,r5i1p1f1,day,tasmax,d03,s3://cadcat/loca2/ucsd/fgoals-g3/historical/r5i1p1f1/day/tasmax/d03/,time.extent.match,compliant,False,False,OK,OK,OK,"WRF historical 1980-2014, LOCA2 historical 1950-2014, projections through 2100.",Climate Model Simulations,https://analytics.cal-adapt.org/data-tools/data-documentation/climate-model-sims.html,,
LOCA2,UCSD,EC-Earth3-Veg,ssp245,r5i1p1f1,day,tasmax,d03,s3://cadcat/loca2/ucsd/ec-earth3-veg/ssp245/r5i1p1f1/day/tasmax/d03/,time.extent.match,compliant,False,False,OK,OK,OK,"WRF historical 1980-2014, LOCA2 historical 1950-2014, projections through 2100.",Climate Model Simulations,https://analytics.cal-adapt.org/data-tools/data-documentation/climate-model-sims.html,,
LOCA2,UCSD,IPSL-CM6A-LR,ssp370,r10i1p1f1,day,tasmax,d03,s3://cadcat/loca2/ucsd/ipsl-cm6a-lr/ssp370/r10i1p1f1/day/tasmax/d03/,time.extent.match,compliant,False,False,OK,OK,OK,"WRF historical 1980-2014, LOCA2 historical 1950-2014, projections through 2100.",Climate Model Simulations,https://analytics.cal-adapt.org/data-tools/data-documentation/climate-model-sims.html,,
LOCA2,UCSD,FGOALS-g3,ssp585,r1i1p1f1,day,tasmax,d03,s3://cadcat/loca2/ucsd/fgoals-g3/ssp585/r1i1p1f1/day/tasmax/d03/,time.extent.match,compliant,False,False,OK,OK,OK,"WRF historical 1980-2014, LOCA2 historical 1950-2014, projections through 2100.",Climate Model Simulations,https://analytics.cal-adapt.org/data-tools/data-documentation/climate-model-sims.html,,
LOCA2,UCSD,FGOALS-g3,historical,r5i1p1f1,day,tasmin,d03,s3://cadcat/loca2/ucsd/fgoals-g3/historical/r5i1p1f1/day/tasmin/d03/,time.extent.match,compliant,False,False,OK,OK,OK,"WRF historical 1980-2014, LOCA2 historical 1950-2014, projections through 2100.",Climate Model Simulations,https://analytics.cal-adapt.org/data-tools/data-documentation/climate-model-sims.html,,
LOCA2,UCSD,EC-Earth3-Veg,ssp245,r5i1p1f1,day,tasmin,d03,s3://cadcat/loca2/ucsd/ec-earth3-veg/ssp245/r5i1p1f1/day/tasmin/d03/,time.extent.match,compliant,False,False,OK,OK,OK,"WRF historical 1980-2014, LOCA2 historical 1950-2014, projections through 2100.",Climate Model Simulations,https://analytics.cal-adapt.org/data-tools/data-documentation/climate-model-sims.html,,
LOCA2,UCSD,IPSL-CM6A-LR,ssp370,r10i1p1f1,day,tasmin,d03,s3://cadcat/loca2/ucsd/ipsl-cm6a-lr/ssp370/r10i1p1f1/day/tasmin/d03/,time.extent.match,compliant,False,False,OK,OK,OK,"WRF historical 1980-2014, LOCA2 historical 1950-2014, projections through 2100.",Climate Model Simulations,https://analytics.cal-adapt.org/data-tools/data-documentation/climate-model-sims.html,,
LOCA2,UCSD,FGOALS-g3,ssp585,r1i1p1f1,day,tasmin,d03,s3://cadcat/loca2/ucsd/fgoals-g3/ssp585/r1i1p1f1/day/tasmin/d03/,time.extent.match,compliant,False,False,OK,OK,OK,"WRF historical 1980-2014, LOCA2 historical 1950-2014, projections through 2100.",Climate Model Simulations,https://analytics.cal-adapt.org/data-tools/data-documentation/climate-model-sims.html,,
LOCA2,UCSD,IPSL-CM6A-LR,historical,r5i1p1f1,day,uas,d03,s3://cadcat/loca2/ucsd/ipsl-cm6a-lr/historical/r5i1p1f1/day/uas/d03/,time.extent.match,compliant,False,False,OK,OK,OK,"WRF historical 1980-2014, LOCA2 historical 1950-2014, projections through 2100.",Climate Model Simulations,https://analytics.cal-adapt.org/data-tools/data-documentation/climate-model-sims.html,,
LOCA2,UCSD,HadGEM3-GC31-LL,ssp245,r1i1p1f3,day,uas,d03,s3://cadcat/loca2/ucsd/hadgem3-gc31-ll/ssp245/r1i1p1f3/day/uas/d03/,time.extent.match,compliant,False,False,OK,OK,OK,"WRF historical 1980-2014, LOCA2 historical 1950-2014, projections through 2100.",Climate Model Simulations,https://analytics.cal-adapt.org/data-tools/data-documentation/climate-model-sims.html,,
LOCA2,UCSD,IPSL-CM6A-LR,ssp370,r8i1p1f1,day,uas,d03,s3://cadcat/loca2/ucsd/ipsl-cm6a-lr/ssp370/r8i1p1f1/day/uas/d03/,time.extent.match,compliant,False,False,OK,OK,OK,"WRF historical 1980-2014, LOCA2 historical 1950-2014, projections through 2100.",Climate Model Simulations,https://analytics.cal-adapt.org/data-tools/data-documentation/climate-model-sims.html,,
LOCA2,UCSD,EC-Earth3,ssp585,r1i1p1f1,day,uas,d03,s3://cadcat/loca2/ucsd/ec-earth3/ssp585/r1i1p1f1/day/uas/d03/,time.extent.match,compliant,False,False,OK,OK,OK,"WRF historical 1980-2014, LOCA2 historical 1950-2014, projections through 2100.",Climate Model Simulations,https://analytics.cal-adapt.org/data-tools/data-documentation/climate-model-sims.html,,
LOCA2,UCSD,IPSL-CM6A-LR,historical,r5i1p1f1,day,vas,d03,s3://cadcat/loca2/ucsd/ipsl-cm6a-lr/historical/r5i1p1f1/day/vas/d03/,time.extent.match,compliant,False,False,OK,OK,OK,"WRF historical 1980-2014, LOCA2 historical 1950-2014, projections through 2100.",Climate Model Simulations,https://analytics.cal-adapt.org/data-tools/data-documentation/climate-model-sims.html,,
LOCA2,UCSD,HadGEM3-GC31-LL,ssp245,r1i1p1f3,day,vas,d03,s3://cadcat/loca2/ucsd/hadgem3-gc31-ll/ssp245/r1i1p1f3/day/vas/d03/,time.extent.match,compliant,False,False,OK,OK,OK,"WRF historical 1980-2014, LOCA2 historical 1950-2014, projections through 2100.",Climate Model Simulations,https://analytics.cal-adapt.org/data-tools/data-documentation/climate-model-sims.html,,
LOCA2,UCSD,IPSL-CM6A-LR,ssp370,r8i1p1f1,day,vas,d03,s3://cadcat/loca2/ucsd/ipsl-cm6a-lr/ssp370/r8i1p1f1/day/vas/d03/,time.extent.match,compliant,False,False,OK,OK,OK,"WRF historical 1980-2014, LOCA2 historical 1950-2014, projections through 2100.",Climate Model Simulations,https://analytics.cal-adapt.org/data-tools/data-documentation/climate-model-sims.html,,
LOCA2,UCSD,EC-Earth3,ssp585,r1i1p1f1,day,vas,d03,s3://cadcat/loca2/ucsd/ec-earth3/ssp585/r1i1p1f1/day/vas/d03/,time.extent.match,compliant,False,False,OK,OK,OK,"WRF historical 1980-2014, LOCA2 historical 1950-2014, projections through 2100.",Climate Model Simulations,https://analytics.cal-adapt.org/data-tools/data-documentation/climate-model-sims.html,,
LOCA2,UCSD,IPSL-CM6A-LR,historical,r5i1p1f1,day,wspeed,d03,s3://cadcat/loca2/ucsd/ipsl-cm6a-lr/historical/r5i1p1f1/day/wspeed/d03/,time.extent.match,compliant,False,False,OK,OK,OK,"WRF historical 1980-2014, LOCA2 historical 1950-2014, projections through 2100.",Climate Model Simulations,https://analytics.cal-adapt.org/data-tools/data-documentation/climate-model-sims.html,,
LOCA2,UCSD,HadGEM3-GC31-LL,ssp245,r1i1p1f3,day,wspeed,d03,s3://cadcat/loca2/ucsd/hadgem3-gc31-ll/ssp245/r1i1p1f3/day/wspeed/d03/,time.extent.match,compliant,False,False,OK,OK,OK,"WRF historical 1980-2014, LOCA2 historical 1950-2014, projections through 2100.",Climate Model Simulations,https://analytics.cal-adapt.org/data-tools/data-documentation/climate-model-sims.html,,
LOCA2,UCSD,IPSL-CM6A-LR,ssp370,r8i1p1f1,day,wspeed,d03,s3://cadcat/loca2/ucsd/ipsl-cm6a-lr/ssp370/r8i1p1f1/day/wspeed/d03/,time.extent.match,compliant,False,False,OK,OK,OK,"WRF historical 1980-2014, LOCA2 historical 1950-2014, projections through 2100.",Climate Model Simulations,https://analytics.cal-adapt.org/data-tools/data-documentation/climate-model-sims.html,,
LOCA2,UCSD,EC-Earth3,ssp585,r1i1p1f1,day,wspeed,d03,s3://cadcat/loca2/ucsd/ec-earth3/ssp585/r1i1p1f1/day/wspeed/d03/,time.extent.match,compliant,False,False,OK,OK,OK,"WRF historical 1980-2014, LOCA2 historical 1950-2014, projections through 2100.",Climate Model Simulations,https://analytics.cal-adapt.org/data-tools/data-documentation/climate-model-sims.html,,
LOCA2,UCSD,HadGEM3-GC31-LL,historical,r2i1p1f3,day,hursmax,d03,s3://cadcat/loca2/ucsd/hadgem3-gc31-ll/historical/r2i1p1f3/day/hursmax/d03/,time.frequency.match,compliant,False,False,OK,OK,OK,Temporal resolution must match the table_id the store is catalogued under.,Data Structure and Format,https://analytics.cal-adapt.org/data-tools/data-documentation/data-structure-and-format.html,,
LOCA2,UCSD,EC-Earth3,ssp245,r2i1p1f1,day,hursmax,d03,s3://cadcat/loca2/ucsd/ec-earth3/ssp245/r2i1p1f1/day/hursmax/d03/,time.frequency.match,compliant,False,False,OK,OK,OK,Temporal resolution must match the table_id the store is catalogued under.,Data Structure and Format,https://analytics.cal-adapt.org/data-tools/data-documentation/data-structure-and-format.html,,
LOCA2,UCSD,KACE-1-0-G,ssp370,r1i1p1f1,day,hursmax,d03,s3://cadcat/loca2/ucsd/kace-1-0-g/ssp370/r1i1p1f1/day/hursmax/d03/,time.frequency.match,compliant,False,False,OK,OK,OK,Temporal resolution must match the table_id the store is catalogued under.,Data Structure and Format,https://analytics.cal-adapt.org/data-tools/data-documentation/data-structure-and-format.html,,
LOCA2,UCSD,EC-Earth3,ssp585,r3i1p1f1,day,hursmax,d03,s3://cadcat/loca2/ucsd/ec-earth3/ssp585/r3i1p1f1/day/hursmax/d03/,time.frequency.match,compliant,False,False,OK,OK,OK,Temporal resolution must match the table_id the store is catalogued under.,Data Structure and Format,https://analytics.cal-adapt.org/data-tools/data-documentation/data-structure-and-format.html,,
LOCA2,UCSD,HadGEM3-GC31-LL,historical,r2i1p1f3,day,hursmin,d03,s3://cadcat/loca2/ucsd/hadgem3-gc31-ll/historical/r2i1p1f3/day/hursmin/d03/,time.frequency.match,compliant,False,False,OK,OK,OK,Temporal resolution must match the table_id the store is catalogued under.,Data Structure and Format,https://analytics.cal-adapt.org/data-tools/data-documentation/data-structure-and-format.html,,
LOCA2,UCSD,EC-Earth3,ssp245,r2i1p1f1,day,hursmin,d03,s3://cadcat/loca2/ucsd/ec-earth3/ssp245/r2i1p1f1/day/hursmin/d03/,time.frequency.match,compliant,False,False,OK,OK,OK,Temporal resolution must match the table_id the store is catalogued under.,Data Structure and Format,https://analytics.cal-adapt.org/data-tools/data-documentation/data-structure-and-format.html,,
LOCA2,UCSD,KACE-1-0-G,ssp370,r1i1p1f1,day,hursmin,d03,s3://cadcat/loca2/ucsd/kace-1-0-g/ssp370/r1i1p1f1/day/hursmin/d03/,time.frequency.match,compliant,False,False,OK,OK,OK,Temporal resolution must match the table_id the store is catalogued under.,Data Structure and Format,https://analytics.cal-adapt.org/data-tools/data-documentation/data-structure-and-format.html,,
LOCA2,UCSD,EC-Earth3,ssp585,r3i1p1f1,day,hursmin,d03,s3://cadcat/loca2/ucsd/ec-earth3/ssp585/r3i1p1f1/day/hursmin/d03/,time.frequency.match,compliant,False,False,OK,OK,OK,Temporal resolution must match the table_id the store is catalogued under.,Data Structure and Format,https://analytics.cal-adapt.org/data-tools/data-documentation/data-structure-and-format.html,,
LOCA2,UCSD,INM-CM5-0,historical,r2i1p1f1,day,huss,d03,s3://cadcat/loca2/ucsd/inm-cm5-0/historical/r2i1p1f1/day/huss/d03/,time.frequency.match,compliant,False,False,OK,OK,OK,Temporal resolution must match the table_id the store is catalogued under.,Data Structure and Format,https://analytics.cal-adapt.org/data-tools/data-documentation/data-structure-and-format.html,,
LOCA2,UCSD,EC-Earth3-Veg,ssp245,r5i1p1f1,day,huss,d03,s3://cadcat/loca2/ucsd/ec-earth3-veg/ssp245/r5i1p1f1/day/huss/d03/,time.frequency.match,compliant,False,False,OK,OK,OK,Temporal resolution must match the table_id the store is catalogued under.,Data Structure and Format,https://analytics.cal-adapt.org/data-tools/data-documentation/data-structure-and-format.html,,
LOCA2,UCSD,KACE-1-0-G,ssp370,r1i1p1f1,day,huss,d03,s3://cadcat/loca2/ucsd/kace-1-0-g/ssp370/r1i1p1f1/day/huss/d03/,time.frequency.match,compliant,False,False,OK,OK,OK,Temporal resolution must match the table_id the store is catalogued under.,Data Structure and Format,https://analytics.cal-adapt.org/data-tools/data-documentation/data-structure-and-format.html,,
LOCA2,UCSD,MPI-ESM1-2-HR,ssp585,r2i1p1f1,day,huss,d03,s3://cadcat/loca2/ucsd/mpi-esm1-2-hr/ssp585/r2i1p1f1/day/huss/d03/,time.frequency.match,compliant,False,False,OK,OK,OK,Temporal resolution must match the table_id the store is catalogued under.,Data Structure and Format,https://analytics.cal-adapt.org/data-tools/data-documentation/data-structure-and-format.html,,
LOCA2,UCSD,FGOALS-g3,historical,r5i1p1f1,day,pr,d03,s3://cadcat/loca2/ucsd/fgoals-g3/historical/r5i1p1f1/day/pr/d03/,time.frequency.match,compliant,False,False,OK,OK,OK,Temporal resolution must match the table_id the store is catalogued under.,Data Structure and Format,https://analytics.cal-adapt.org/data-tools/data-documentation/data-structure-and-format.html,,
LOCA2,UCSD,EC-Earth3-Veg,ssp245,r5i1p1f1,day,pr,d03,s3://cadcat/loca2/ucsd/ec-earth3-veg/ssp245/r5i1p1f1/day/pr/d03/,time.frequency.match,compliant,False,False,OK,OK,OK,Temporal resolution must match the table_id the store is catalogued under.,Data Structure and Format,https://analytics.cal-adapt.org/data-tools/data-documentation/data-structure-and-format.html,,
LOCA2,UCSD,IPSL-CM6A-LR,ssp370,r10i1p1f1,day,pr,d03,s3://cadcat/loca2/ucsd/ipsl-cm6a-lr/ssp370/r10i1p1f1/day/pr/d03/,time.frequency.match,compliant,False,False,OK,OK,OK,Temporal resolution must match the table_id the store is catalogued under.,Data Structure and Format,https://analytics.cal-adapt.org/data-tools/data-documentation/data-structure-and-format.html,,
LOCA2,UCSD,FGOALS-g3,ssp585,r1i1p1f1,day,pr,d03,s3://cadcat/loca2/ucsd/fgoals-g3/ssp585/r1i1p1f1/day/pr/d03/,time.frequency.match,compliant,False,False,OK,OK,OK,Temporal resolution must match the table_id the store is catalogued under.,Data Structure and Format,https://analytics.cal-adapt.org/data-tools/data-documentation/data-structure-and-format.html,,
LOCA2,UCSD,IPSL-CM6A-LR,historical,r5i1p1f1,day,rsds,d03,s3://cadcat/loca2/ucsd/ipsl-cm6a-lr/historical/r5i1p1f1/day/rsds/d03/,time.frequency.match,compliant,False,False,OK,OK,OK,Temporal resolution must match the table_id the store is catalogued under.,Data Structure and Format,https://analytics.cal-adapt.org/data-tools/data-documentation/data-structure-and-format.html,,
LOCA2,UCSD,EC-Earth3,ssp245,r1i1p1f1,day,rsds,d03,s3://cadcat/loca2/ucsd/ec-earth3/ssp245/r1i1p1f1/day/rsds/d03/,time.frequency.match,compliant,False,False,OK,OK,OK,Temporal resolution must match the table_id the store is catalogued under.,Data Structure and Format,https://analytics.cal-adapt.org/data-tools/data-documentation/data-structure-and-format.html,,
LOCA2,UCSD,MIROC6,ssp370,r1i1p1f1,day,rsds,d03,s3://cadcat/loca2/ucsd/miroc6/ssp370/r1i1p1f1/day/rsds/d03/,time.frequency.match,compliant,False,False,OK,OK,OK,Temporal resolution must match the table_id the store is catalogued under.,Data Structure and Format,https://analytics.cal-adapt.org/data-tools/data-documentation/data-structure-and-format.html,,
LOCA2,UCSD,EC-Earth3,ssp585,r1i1p1f1,day,rsds,d03,s3://cadcat/loca2/ucsd/ec-earth3/ssp585/r1i1p1f1/day/rsds/d03/,time.frequency.match,compliant,False,False,OK,OK,OK,Temporal resolution must match the table_id the store is catalogued under.,Data Structure and Format,https://analytics.cal-adapt.org/data-tools/data-documentation/data-structure-and-format.html,,
LOCA2,UCSD,FGOALS-g3,historical,r5i1p1f1,day,tasmax,d03,s3://cadcat/loca2/ucsd/fgoals-g3/historical/r5i1p1f1/day/tasmax/d03/,time.frequency.match,compliant,False,False,OK,OK,OK,Temporal resolution must match the table_id the store is catalogued under.,Data Structure and Format,https://analytics.cal-adapt.org/data-tools/data-documentation/data-structure-and-format.html,,
LOCA2,UCSD,EC-Earth3-Veg,ssp245,r5i1p1f1,day,tasmax,d03,s3://cadcat/loca2/ucsd/ec-earth3-veg/ssp245/r5i1p1f1/day/tasmax/d03/,time.frequency.match,compliant,False,False,OK,OK,OK,Temporal resolution must match the table_id the store is catalogued under.,Data Structure and Format,https://analytics.cal-adapt.org/data-tools/data-documentation/data-structure-and-format.html,,
LOCA2,UCSD,IPSL-CM6A-LR,ssp370,r10i1p1f1,day,tasmax,d03,s3://cadcat/loca2/ucsd/ipsl-cm6a-lr/ssp370/r10i1p1f1/day/tasmax/d03/,time.frequency.match,compliant,False,False,OK,OK,OK,Temporal resolution must match the table_id the store is catalogued under.,Data Structure and Format,https://analytics.cal-adapt.org/data-tools/data-documentation/data-structure-and-format.html,,
LOCA2,UCSD,FGOALS-g3,ssp585,r1i1p1f1,day,tasmax,d03,s3://cadcat/loca2/ucsd/fgoals-g3/ssp585/r1i1p1f1/day/tasmax/d03/,time.frequency.match,compliant,False,False,OK,OK,OK,Temporal resolution must match the table_id the store is catalogued under.,Data Structure and Format,https://analytics.cal-adapt.org/data-tools/data-documentation/data-structure-and-format.html,,
LOCA2,UCSD,FGOALS-g3,historical,r5i1p1f1,day,tasmin,d03,s3://cadcat/loca2/ucsd/fgoals-g3/historical/r5i1p1f1/day/tasmin/d03/,time.frequency.match,compliant,False,False,OK,OK,OK,Temporal resolution must match the table_id the store is catalogued under.,Data Structure and Format,https://analytics.cal-adapt.org/data-tools/data-documentation/data-structure-and-format.html,,
LOCA2,UCSD,EC-Earth3-Veg,ssp245,r5i1p1f1,day,tasmin,d03,s3://cadcat/loca2/ucsd/ec-earth3-veg/ssp245/r5i1p1f1/day/tasmin/d03/,time.frequency.match,compliant,False,False,OK,OK,OK,Temporal resolution must match the table_id the store is catalogued under.,Data Structure and Format,https://analytics.cal-adapt.org/data-tools/data-documentation/data-structure-and-format.html,,
LOCA2,UCSD,IPSL-CM6A-LR,ssp370,r10i1p1f1,day,tasmin,d03,s3://cadcat/loca2/ucsd/ipsl-cm6a-lr/ssp370/r10i1p1f1/day/tasmin/d03/,time.frequency.match,compliant,False,False,OK,OK,OK,Temporal resolution must match the table_id the store is catalogued under.,Data Structure and Format,https://analytics.cal-adapt.org/data-tools/data-documentation/data-structure-and-format.html,,
LOCA2,UCSD,FGOALS-g3,ssp585,r1i1p1f1,day,tasmin,d03,s3://cadcat/loca2/ucsd/fgoals-g3/ssp585/r1i1p1f1/day/tasmin/d03/,time.frequency.match,compliant,False,False,OK,OK,OK,Temporal resolution must match the table_id the store is catalogued under.,Data Structure and Format,https://analytics.cal-adapt.org/data-tools/data-documentation/data-structure-and-format.html,,
LOCA2,UCSD,IPSL-CM6A-LR,historical,r5i1p1f1,day,uas,d03,s3://cadcat/loca2/ucsd/ipsl-cm6a-lr/historical/r5i1p1f1/day/uas/d03/,time.frequency.match,compliant,False,False,OK,OK,OK,Temporal resolution must match the table_id the store is catalogued under.,Data Structure and Format,https://analytics.cal-adapt.org/data-tools/data-documentation/data-structure-and-format.html,,
LOCA2,UCSD,HadGEM3-GC31-LL,ssp245,r1i1p1f3,day,uas,d03,s3://cadcat/loca2/ucsd/hadgem3-gc31-ll/ssp245/r1i1p1f3/day/uas/d03/,time.frequency.match,compliant,False,False,OK,OK,OK,Temporal resolution must match the table_id the store is catalogued under.,Data Structure and Format,https://analytics.cal-adapt.org/data-tools/data-documentation/data-structure-and-format.html,,
LOCA2,UCSD,IPSL-CM6A-LR,ssp370,r8i1p1f1,day,uas,d03,s3://cadcat/loca2/ucsd/ipsl-cm6a-lr/ssp370/r8i1p1f1/day/uas/d03/,time.frequency.match,compliant,False,False,OK,OK,OK,Temporal resolution must match the table_id the store is catalogued under.,Data Structure and Format,https://analytics.cal-adapt.org/data-tools/data-documentation/data-structure-and-format.html,,
LOCA2,UCSD,EC-Earth3,ssp585,r1i1p1f1,day,uas,d03,s3://cadcat/loca2/ucsd/ec-earth3/ssp585/r1i1p1f1/day/uas/d03/,time.frequency.match,compliant,False,False,OK,OK,OK,Temporal resolution must match the table_id the store is catalogued under.,Data Structure and Format,https://analytics.cal-adapt.org/data-tools/data-documentation/data-structure-and-format.html,,
LOCA2,UCSD,IPSL-CM6A-LR,historical,r5i1p1f1,day,vas,d03,s3://cadcat/loca2/ucsd/ipsl-cm6a-lr/historical/r5i1p1f1/day/vas/d03/,time.frequency.match,compliant,False,False,OK,OK,OK,Temporal resolution must match the table_id the store is catalogued under.,Data Structure and Format,https://analytics.cal-adapt.org/data-tools/data-documentation/data-structure-and-format.html,,
LOCA2,UCSD,HadGEM3-GC31-LL,ssp245,r1i1p1f3,day,vas,d03,s3://cadcat/loca2/ucsd/hadgem3-gc31-ll/ssp245/r1i1p1f3/day/vas/d03/,time.frequency.match,compliant,False,False,OK,OK,OK,Temporal resolution must match the table_id the store is catalogued under.,Data Structure and Format,https://analytics.cal-adapt.org/data-tools/data-documentation/data-structure-and-format.html,,
LOCA2,UCSD,IPSL-CM6A-LR,ssp370,r8i1p1f1,day,vas,d03,s3://cadcat/loca2/ucsd/ipsl-cm6a-lr/ssp370/r8i1p1f1/day/vas/d03/,time.frequency.match,compliant,False,False,OK,OK,OK,Temporal resolution must match the table_id the store is catalogued under.,Data Structure and Format,https://analytics.cal-adapt.org/data-tools/data-documentation/data-structure-and-format.html,,
LOCA2,UCSD,EC-Earth3,ssp585,r1i1p1f1,day,vas,d03,s3://cadcat/loca2/ucsd/ec-earth3/ssp585/r1i1p1f1/day/vas/d03/,time.frequency.match,compliant,False,False,OK,OK,OK,Temporal resolution must match the table_id the store is catalogued under.,Data Structure and Format,https://analytics.cal-adapt.org/data-tools/data-documentation/data-structure-and-format.html,,
LOCA2,UCSD,IPSL-CM6A-LR,historical,r5i1p1f1,day,wspeed,d03,s3://cadcat/loca2/ucsd/ipsl-cm6a-lr/historical/r5i1p1f1/day/wspeed/d03/,time.frequency.match,compliant,False,False,OK,OK,OK,Temporal resolution must match the table_id the store is catalogued under.,Data Structure and Format,https://analytics.cal-adapt.org/data-tools/data-documentation/data-structure-and-format.html,,
LOCA2,UCSD,HadGEM3-GC31-LL,ssp245,r1i1p1f3,day,wspeed,d03,s3://cadcat/loca2/ucsd/hadgem3-gc31-ll/ssp245/r1i1p1f3/day/wspeed/d03/,time.frequency.match,compliant,False,False,OK,OK,OK,Temporal resolution must match the table_id the store is catalogued under.,Data Structure and Format,https://analytics.cal-adapt.org/data-tools/data-documentation/data-structure-and-format.html,,
LOCA2,UCSD,IPSL-CM6A-LR,ssp370,r8i1p1f1,day,wspeed,d03,s3://cadcat/loca2/ucsd/ipsl-cm6a-lr/ssp370/r8i1p1f1/day/wspeed/d03/,time.frequency.match,compliant,False,False,OK,OK,OK,Temporal resolution must match the table_id the store is catalogued under.,Data Structure and Format,https://analytics.cal-adapt.org/data-tools/data-documentation/data-structure-and-format.html,,
LOCA2,UCSD,EC-Earth3,ssp585,r1i1p1f1,day,wspeed,d03,s3://cadcat/loca2/ucsd/ec-earth3/ssp585/r1i1p1f1/day/wspeed/d03/,time.frequency.match,compliant,False,False,OK,OK,OK,Temporal resolution must match the table_id the store is catalogued under.,Data Structure and Format,https://analytics.cal-adapt.org/data-tools/data-documentation/data-structure-and-format.html,,
LOCA2,UCSD,HadGEM3-GC31-LL,historical,r2i1p1f3,day,hursmax,d03,s3://cadcat/loca2/ucsd/hadgem3-gc31-ll/historical/r2i1p1f3/day/hursmax/d03/,units.match,compliant,False,False,OK,OK,OK,Units should use industry standard (udunits) names for interoperability.,climakitae variable_descriptions.csv,https://github.com/cal-adapt/climakitae,,
LOCA2,UCSD,EC-Earth3,ssp245,r2i1p1f1,day,hursmax,d03,s3://cadcat/loca2/ucsd/ec-earth3/ssp245/r2i1p1f1/day/hursmax/d03/,units.match,compliant,False,False,OK,OK,OK,Units should use industry standard (udunits) names for interoperability.,climakitae variable_descriptions.csv,https://github.com/cal-adapt/climakitae,,
LOCA2,UCSD,KACE-1-0-G,ssp370,r1i1p1f1,day,hursmax,d03,s3://cadcat/loca2/ucsd/kace-1-0-g/ssp370/r1i1p1f1/day/hursmax/d03/,units.match,compliant,False,False,OK,OK,OK,Units should use industry standard (udunits) names for interoperability.,climakitae variable_descriptions.csv,https://github.com/cal-adapt/climakitae,,
LOCA2,UCSD,EC-Earth3,ssp585,r3i1p1f1,day,hursmax,d03,s3://cadcat/loca2/ucsd/ec-earth3/ssp585/r3i1p1f1/day/hursmax/d03/,units.match,compliant,False,False,OK,OK,OK,Units should use industry standard (udunits) names for interoperability.,climakitae variable_descriptions.csv,https://github.com/cal-adapt/climakitae,,
LOCA2,UCSD,HadGEM3-GC31-LL,historical,r2i1p1f3,day,hursmin,d03,s3://cadcat/loca2/ucsd/hadgem3-gc31-ll/historical/r2i1p1f3/day/hursmin/d03/,units.match,compliant,False,False,OK,OK,OK,Units should use industry standard (udunits) names for interoperability.,climakitae variable_descriptions.csv,https://github.com/cal-adapt/climakitae,,
LOCA2,UCSD,EC-Earth3,ssp245,r2i1p1f1,day,hursmin,d03,s3://cadcat/loca2/ucsd/ec-earth3/ssp245/r2i1p1f1/day/hursmin/d03/,units.match,compliant,False,False,OK,OK,OK,Units should use industry standard (udunits) names for interoperability.,climakitae variable_descriptions.csv,https://github.com/cal-adapt/climakitae,,
LOCA2,UCSD,KACE-1-0-G,ssp370,r1i1p1f1,day,hursmin,d03,s3://cadcat/loca2/ucsd/kace-1-0-g/ssp370/r1i1p1f1/day/hursmin/d03/,units.match,compliant,False,False,OK,OK,OK,Units should use industry standard (udunits) names for interoperability.,climakitae variable_descriptions.csv,https://github.com/cal-adapt/climakitae,,
LOCA2,UCSD,EC-Earth3,ssp585,r3i1p1f1,day,hursmin,d03,s3://cadcat/loca2/ucsd/ec-earth3/ssp585/r3i1p1f1/day/hursmin/d03/,units.match,compliant,False,False,OK,OK,OK,Units should use industry standard (udunits) names for interoperability.,climakitae variable_descriptions.csv,https://github.com/cal-adapt/climakitae,,
LOCA2,UCSD,INM-CM5-0,historical,r2i1p1f1,day,huss,d03,s3://cadcat/loca2/ucsd/inm-cm5-0/historical/r2i1p1f1/day/huss/d03/,units.match,compliant,False,False,OK,OK,OK,Units should use industry standard (udunits) names for interoperability.,climakitae variable_descriptions.csv,https://github.com/cal-adapt/climakitae,,
LOCA2,UCSD,EC-Earth3-Veg,ssp245,r5i1p1f1,day,huss,d03,s3://cadcat/loca2/ucsd/ec-earth3-veg/ssp245/r5i1p1f1/day/huss/d03/,units.match,compliant,False,False,OK,OK,OK,Units should use industry standard (udunits) names for interoperability.,climakitae variable_descriptions.csv,https://github.com/cal-adapt/climakitae,,
LOCA2,UCSD,KACE-1-0-G,ssp370,r1i1p1f1,day,huss,d03,s3://cadcat/loca2/ucsd/kace-1-0-g/ssp370/r1i1p1f1/day/huss/d03/,units.match,compliant,False,False,OK,OK,OK,Units should use industry standard (udunits) names for interoperability.,climakitae variable_descriptions.csv,https://github.com/cal-adapt/climakitae,,
LOCA2,UCSD,MPI-ESM1-2-HR,ssp585,r2i1p1f1,day,huss,d03,s3://cadcat/loca2/ucsd/mpi-esm1-2-hr/ssp585/r2i1p1f1/day/huss/d03/,units.match,compliant,False,False,OK,OK,OK,Units should use industry standard (udunits) names for interoperability.,climakitae variable_descriptions.csv,https://github.com/cal-adapt/climakitae,,
LOCA2,UCSD,FGOALS-g3,historical,r5i1p1f1,day,pr,d03,s3://cadcat/loca2/ucsd/fgoals-g3/historical/r5i1p1f1/day/pr/d03/,units.match,compliant,False,False,OK,OK,OK,Units should use industry standard (udunits) names for interoperability.,climakitae variable_descriptions.csv,https://github.com/cal-adapt/climakitae,,
LOCA2,UCSD,EC-Earth3-Veg,ssp245,r5i1p1f1,day,pr,d03,s3://cadcat/loca2/ucsd/ec-earth3-veg/ssp245/r5i1p1f1/day/pr/d03/,units.match,compliant,False,False,OK,OK,OK,Units should use industry standard (udunits) names for interoperability.,climakitae variable_descriptions.csv,https://github.com/cal-adapt/climakitae,,
LOCA2,UCSD,IPSL-CM6A-LR,ssp370,r10i1p1f1,day,pr,d03,s3://cadcat/loca2/ucsd/ipsl-cm6a-lr/ssp370/r10i1p1f1/day/pr/d03/,units.match,compliant,False,False,OK,OK,OK,Units should use industry standard (udunits) names for interoperability.,climakitae variable_descriptions.csv,https://github.com/cal-adapt/climakitae,,
LOCA2,UCSD,FGOALS-g3,ssp585,r1i1p1f1,day,pr,d03,s3://cadcat/loca2/ucsd/fgoals-g3/ssp585/r1i1p1f1/day/pr/d03/,units.match,compliant,False,False,OK,OK,OK,Units should use industry standard (udunits) names for interoperability.,climakitae variable_descriptions.csv,https://github.com/cal-adapt/climakitae,,
LOCA2,UCSD,IPSL-CM6A-LR,historical,r5i1p1f1,day,rsds,d03,s3://cadcat/loca2/ucsd/ipsl-cm6a-lr/historical/r5i1p1f1/day/rsds/d03/,units.match,compliant,False,False,OK,OK,OK,Units should use industry standard (udunits) names for interoperability.,climakitae variable_descriptions.csv,https://github.com/cal-adapt/climakitae,,
LOCA2,UCSD,EC-Earth3,ssp245,r1i1p1f1,day,rsds,d03,s3://cadcat/loca2/ucsd/ec-earth3/ssp245/r1i1p1f1/day/rsds/d03/,units.match,compliant,False,False,OK,OK,OK,Units should use industry standard (udunits) names for interoperability.,climakitae variable_descriptions.csv,https://github.com/cal-adapt/climakitae,,
LOCA2,UCSD,MIROC6,ssp370,r1i1p1f1,day,rsds,d03,s3://cadcat/loca2/ucsd/miroc6/ssp370/r1i1p1f1/day/rsds/d03/,units.match,compliant,False,False,OK,OK,OK,Units should use industry standard (udunits) names for interoperability.,climakitae variable_descriptions.csv,https://github.com/cal-adapt/climakitae,,
LOCA2,UCSD,EC-Earth3,ssp585,r1i1p1f1,day,rsds,d03,s3://cadcat/loca2/ucsd/ec-earth3/ssp585/r1i1p1f1/day/rsds/d03/,units.match,compliant,False,False,OK,OK,OK,Units should use industry standard (udunits) names for interoperability.,climakitae variable_descriptions.csv,https://github.com/cal-adapt/climakitae,,
LOCA2,UCSD,FGOALS-g3,historical,r5i1p1f1,day,tasmax,d03,s3://cadcat/loca2/ucsd/fgoals-g3/historical/r5i1p1f1/day/tasmax/d03/,units.match,compliant,False,False,OK,OK,OK,Units should use industry standard (udunits) names for interoperability.,climakitae variable_descriptions.csv,https://github.com/cal-adapt/climakitae,,
LOCA2,UCSD,EC-Earth3-Veg,ssp245,r5i1p1f1,day,tasmax,d03,s3://cadcat/loca2/ucsd/ec-earth3-veg/ssp245/r5i1p1f1/day/tasmax/d03/,units.match,compliant,False,False,OK,OK,OK,Units should use industry standard (udunits) names for interoperability.,climakitae variable_descriptions.csv,https://github.com/cal-adapt/climakitae,,
LOCA2,UCSD,IPSL-CM6A-LR,ssp370,r10i1p1f1,day,tasmax,d03,s3://cadcat/loca2/ucsd/ipsl-cm6a-lr/ssp370/r10i1p1f1/day/tasmax/d03/,units.match,compliant,False,False,OK,OK,OK,Units should use industry standard (udunits) names for interoperability.,climakitae variable_descriptions.csv,https://github.com/cal-adapt/climakitae,,
LOCA2,UCSD,FGOALS-g3,ssp585,r1i1p1f1,day,tasmax,d03,s3://cadcat/loca2/ucsd/fgoals-g3/ssp585/r1i1p1f1/day/tasmax/d03/,units.match,compliant,False,False,OK,OK,OK,Units should use industry standard (udunits) names for interoperability.,climakitae variable_descriptions.csv,https://github.com/cal-adapt/climakitae,,
LOCA2,UCSD,FGOALS-g3,historical,r5i1p1f1,day,tasmin,d03,s3://cadcat/loca2/ucsd/fgoals-g3/historical/r5i1p1f1/day/tasmin/d03/,units.match,compliant,False,False,OK,OK,OK,Units should use industry standard (udunits) names for interoperability.,climakitae variable_descriptions.csv,https://github.com/cal-adapt/climakitae,,
LOCA2,UCSD,EC-Earth3-Veg,ssp245,r5i1p1f1,day,tasmin,d03,s3://cadcat/loca2/ucsd/ec-earth3-veg/ssp245/r5i1p1f1/day/tasmin/d03/,units.match,compliant,False,False,OK,OK,OK,Units should use industry standard (udunits) names for interoperability.,climakitae variable_descriptions.csv,https://github.com/cal-adapt/climakitae,,
LOCA2,UCSD,IPSL-CM6A-LR,ssp370,r10i1p1f1,day,tasmin,d03,s3://cadcat/loca2/ucsd/ipsl-cm6a-lr/ssp370/r10i1p1f1/day/tasmin/d03/,units.match,compliant,False,False,OK,OK,OK,Units should use industry standard (udunits) names for interoperability.,climakitae variable_descriptions.csv,https://github.com/cal-adapt/climakitae,,
LOCA2,UCSD,FGOALS-g3,ssp585,r1i1p1f1,day,tasmin,d03,s3://cadcat/loca2/ucsd/fgoals-g3/ssp585/r1i1p1f1/day/tasmin/d03/,units.match,compliant,False,False,OK,OK,OK,Units should use industry standard (udunits) names for interoperability.,climakitae variable_descriptions.csv,https://github.com/cal-adapt/climakitae,,
LOCA2,UCSD,IPSL-CM6A-LR,historical,r5i1p1f1,day,uas,d03,s3://cadcat/loca2/ucsd/ipsl-cm6a-lr/historical/r5i1p1f1/day/uas/d03/,units.match,compliant,False,False,OK,OK,OK,Units should use industry standard (udunits) names for interoperability.,climakitae variable_descriptions.csv,https://github.com/cal-adapt/climakitae,,
LOCA2,UCSD,HadGEM3-GC31-LL,ssp245,r1i1p1f3,day,uas,d03,s3://cadcat/loca2/ucsd/hadgem3-gc31-ll/ssp245/r1i1p1f3/day/uas/d03/,units.match,compliant,False,False,OK,OK,OK,Units should use industry standard (udunits) names for interoperability.,climakitae variable_descriptions.csv,https://github.com/cal-adapt/climakitae,,
LOCA2,UCSD,IPSL-CM6A-LR,ssp370,r8i1p1f1,day,uas,d03,s3://cadcat/loca2/ucsd/ipsl-cm6a-lr/ssp370/r8i1p1f1/day/uas/d03/,units.match,compliant,False,False,OK,OK,OK,Units should use industry standard (udunits) names for interoperability.,climakitae variable_descriptions.csv,https://github.com/cal-adapt/climakitae,,
LOCA2,UCSD,EC-Earth3,ssp585,r1i1p1f1,day,uas,d03,s3://cadcat/loca2/ucsd/ec-earth3/ssp585/r1i1p1f1/day/uas/d03/,units.match,compliant,False,False,OK,OK,OK,Units should use industry standard (udunits) names for interoperability.,climakitae variable_descriptions.csv,https://github.com/cal-adapt/climakitae,,
LOCA2,UCSD,IPSL-CM6A-LR,historical,r5i1p1f1,day,vas,d03,s3://cadcat/loca2/ucsd/ipsl-cm6a-lr/historical/r5i1p1f1/day/vas/d03/,units.match,compliant,False,False,OK,OK,OK,Units should use industry standard (udunits) names for interoperability.,climakitae variable_descriptions.csv,https://github.com/cal-adapt/climakitae,,
LOCA2,UCSD,HadGEM3-GC31-LL,ssp245,r1i1p1f3,day,vas,d03,s3://cadcat/loca2/ucsd/hadgem3-gc31-ll/ssp245/r1i1p1f3/day/vas/d03/,units.match,compliant,False,False,OK,OK,OK,Units should use industry standard (udunits) names for interoperability.,climakitae variable_descriptions.csv,https://github.com/cal-adapt/climakitae,,
LOCA2,UCSD,IPSL-CM6A-LR,ssp370,r8i1p1f1,day,vas,d03,s3://cadcat/loca2/ucsd/ipsl-cm6a-lr/ssp370/r8i1p1f1/day/vas/d03/,units.match,compliant,False,False,OK,OK,OK,Units should use industry standard (udunits) names for interoperability.,climakitae variable_descriptions.csv,https://github.com/cal-adapt/climakitae,,
LOCA2,UCSD,EC-Earth3,ssp585,r1i1p1f1,day,vas,d03,s3://cadcat/loca2/ucsd/ec-earth3/ssp585/r1i1p1f1/day/vas/d03/,units.match,compliant,False,False,OK,OK,OK,Units should use industry standard (udunits) names for interoperability.,climakitae variable_descriptions.csv,https://github.com/cal-adapt/climakitae,,
LOCA2,UCSD,IPSL-CM6A-LR,historical,r5i1p1f1,day,wspeed,d03,s3://cadcat/loca2/ucsd/ipsl-cm6a-lr/historical/r5i1p1f1/day/wspeed/d03/,units.match,compliant,False,False,OK,OK,OK,Units should use industry standard (udunits) names for interoperability.,climakitae variable_descriptions.csv,https://github.com/cal-adapt/climakitae,,
LOCA2,UCSD,HadGEM3-GC31-LL,ssp245,r1i1p1f3,day,wspeed,d03,s3://cadcat/loca2/ucsd/hadgem3-gc31-ll/ssp245/r1i1p1f3/day/wspeed/d03/,units.match,compliant,False,False,OK,OK,OK,Units should use industry standard (udunits) names for interoperability.,climakitae variable_descriptions.csv,https://github.com/cal-adapt/climakitae,,
LOCA2,UCSD,IPSL-CM6A-LR,ssp370,r8i1p1f1,day,wspeed,d03,s3://cadcat/loca2/ucsd/ipsl-cm6a-lr/ssp370/r8i1p1f1/day/wspeed/d03/,units.match,compliant,False,False,OK,OK,OK,Units should use industry standard (udunits) names for interoperability.,climakitae variable_descriptions.csv,https://github.com/cal-adapt/climakitae,,
LOCA2,UCSD,EC-Earth3,ssp585,r1i1p1f1,day,wspeed,d03,s3://cadcat/loca2/ucsd/ec-earth3/ssp585/r1i1p1f1/day/wspeed/d03/,units.match,compliant,False,False,OK,OK,OK,Units should use industry standard (udunits) names for interoperability.,climakitae variable_descriptions.csv,https://github.com/cal-adapt/climakitae,,
LOCA2,UCSD,HadGEM3-GC31-LL,historical,r2i1p1f3,day,hursmax,d03,s3://cadcat/loca2/ucsd/hadgem3-gc31-ll/historical/r2i1p1f3/day/hursmax/d03/,var.present,compliant,False,False,OK,OK,OK,The variable in the store must carry the name it is catalogued under.,climakitae variable_descriptions.csv,https://github.com/cal-adapt/climakitae,,
LOCA2,UCSD,EC-Earth3,ssp245,r2i1p1f1,day,hursmax,d03,s3://cadcat/loca2/ucsd/ec-earth3/ssp245/r2i1p1f1/day/hursmax/d03/,var.present,compliant,False,False,OK,OK,OK,The variable in the store must carry the name it is catalogued under.,climakitae variable_descriptions.csv,https://github.com/cal-adapt/climakitae,,
LOCA2,UCSD,KACE-1-0-G,ssp370,r1i1p1f1,day,hursmax,d03,s3://cadcat/loca2/ucsd/kace-1-0-g/ssp370/r1i1p1f1/day/hursmax/d03/,var.present,compliant,False,False,OK,OK,OK,The variable in the store must carry the name it is catalogued under.,climakitae variable_descriptions.csv,https://github.com/cal-adapt/climakitae,,
LOCA2,UCSD,EC-Earth3,ssp585,r3i1p1f1,day,hursmax,d03,s3://cadcat/loca2/ucsd/ec-earth3/ssp585/r3i1p1f1/day/hursmax/d03/,var.present,compliant,False,False,OK,OK,OK,The variable in the store must carry the name it is catalogued under.,climakitae variable_descriptions.csv,https://github.com/cal-adapt/climakitae,,
LOCA2,UCSD,HadGEM3-GC31-LL,historical,r2i1p1f3,day,hursmin,d03,s3://cadcat/loca2/ucsd/hadgem3-gc31-ll/historical/r2i1p1f3/day/hursmin/d03/,var.present,compliant,False,False,OK,OK,OK,The variable in the store must carry the name it is catalogued under.,climakitae variable_descriptions.csv,https://github.com/cal-adapt/climakitae,,
LOCA2,UCSD,EC-Earth3,ssp245,r2i1p1f1,day,hursmin,d03,s3://cadcat/loca2/ucsd/ec-earth3/ssp245/r2i1p1f1/day/hursmin/d03/,var.present,compliant,False,False,OK,OK,OK,The variable in the store must carry the name it is catalogued under.,climakitae variable_descriptions.csv,https://github.com/cal-adapt/climakitae,,
LOCA2,UCSD,KACE-1-0-G,ssp370,r1i1p1f1,day,hursmin,d03,s3://cadcat/loca2/ucsd/kace-1-0-g/ssp370/r1i1p1f1/day/hursmin/d03/,var.present,compliant,False,False,OK,OK,OK,The variable in the store must carry the name it is catalogued under.,climakitae variable_descriptions.csv,https://github.com/cal-adapt/climakitae,,
LOCA2,UCSD,EC-Earth3,ssp585,r3i1p1f1,day,hursmin,d03,s3://cadcat/loca2/ucsd/ec-earth3/ssp585/r3i1p1f1/day/hursmin/d03/,var.present,compliant,False,False,OK,OK,OK,The variable in the store must carry the name it is catalogued under.,climakitae variable_descriptions.csv,https://github.com/cal-adapt/climakitae,,
LOCA2,UCSD,INM-CM5-0,historical,r2i1p1f1,day,huss,d03,s3://cadcat/loca2/ucsd/inm-cm5-0/historical/r2i1p1f1/day/huss/d03/,var.present,compliant,False,False,OK,OK,OK,The variable in the store must carry the name it is catalogued under.,climakitae variable_descriptions.csv,https://github.com/cal-adapt/climakitae,,
LOCA2,UCSD,EC-Earth3-Veg,ssp245,r5i1p1f1,day,huss,d03,s3://cadcat/loca2/ucsd/ec-earth3-veg/ssp245/r5i1p1f1/day/huss/d03/,var.present,compliant,False,False,OK,OK,OK,The variable in the store must carry the name it is catalogued under.,climakitae variable_descriptions.csv,https://github.com/cal-adapt/climakitae,,
LOCA2,UCSD,KACE-1-0-G,ssp370,r1i1p1f1,day,huss,d03,s3://cadcat/loca2/ucsd/kace-1-0-g/ssp370/r1i1p1f1/day/huss/d03/,var.present,compliant,False,False,OK,OK,OK,The variable in the store must carry the name it is catalogued under.,climakitae variable_descriptions.csv,https://github.com/cal-adapt/climakitae,,
LOCA2,UCSD,MPI-ESM1-2-HR,ssp585,r2i1p1f1,day,huss,d03,s3://cadcat/loca2/ucsd/mpi-esm1-2-hr/ssp585/r2i1p1f1/day/huss/d03/,var.present,compliant,False,False,OK,OK,OK,The variable in the store must carry the name it is catalogued under.,climakitae variable_descriptions.csv,https://github.com/cal-adapt/climakitae,,
LOCA2,UCSD,FGOALS-g3,historical,r5i1p1f1,day,pr,d03,s3://cadcat/loca2/ucsd/fgoals-g3/historical/r5i1p1f1/day/pr/d03/,var.present,compliant,False,False,OK,OK,OK,The variable in the store must carry the name it is catalogued under.,climakitae variable_descriptions.csv,https://github.com/cal-adapt/climakitae,,
LOCA2,UCSD,EC-Earth3-Veg,ssp245,r5i1p1f1,day,pr,d03,s3://cadcat/loca2/ucsd/ec-earth3-veg/ssp245/r5i1p1f1/day/pr/d03/,var.present,compliant,False,False,OK,OK,OK,The variable in the store must carry the name it is catalogued under.,climakitae variable_descriptions.csv,https://github.com/cal-adapt/climakitae,,
LOCA2,UCSD,IPSL-CM6A-LR,ssp370,r10i1p1f1,day,pr,d03,s3://cadcat/loca2/ucsd/ipsl-cm6a-lr/ssp370/r10i1p1f1/day/pr/d03/,var.present,compliant,False,False,OK,OK,OK,The variable in the store must carry the name it is catalogued under.,climakitae variable_descriptions.csv,https://github.com/cal-adapt/climakitae,,
LOCA2,UCSD,FGOALS-g3,ssp585,r1i1p1f1,day,pr,d03,s3://cadcat/loca2/ucsd/fgoals-g3/ssp585/r1i1p1f1/day/pr/d03/,var.present,compliant,False,False,OK,OK,OK,The variable in the store must carry the name it is catalogued under.,climakitae variable_descriptions.csv,https://github.com/cal-adapt/climakitae,,
LOCA2,UCSD,IPSL-CM6A-LR,historical,r5i1p1f1,day,rsds,d03,s3://cadcat/loca2/ucsd/ipsl-cm6a-lr/historical/r5i1p1f1/day/rsds/d03/,var.present,compliant,False,False,OK,OK,OK,The variable in the store must carry the name it is catalogued under.,climakitae variable_descriptions.csv,https://github.com/cal-adapt/climakitae,,
LOCA2,UCSD,EC-Earth3,ssp245,r1i1p1f1,day,rsds,d03,s3://cadcat/loca2/ucsd/ec-earth3/ssp245/r1i1p1f1/day/rsds/d03/,var.present,compliant,False,False,OK,OK,OK,The variable in the store must carry the name it is catalogued under.,climakitae variable_descriptions.csv,https://github.com/cal-adapt/climakitae,,
LOCA2,UCSD,MIROC6,ssp370,r1i1p1f1,day,rsds,d03,s3://cadcat/loca2/ucsd/miroc6/ssp370/r1i1p1f1/day/rsds/d03/,var.present,compliant,False,False,OK,OK,OK,The variable in the store must carry the name it is catalogued under.,climakitae variable_descriptions.csv,https://github.com/cal-adapt/climakitae,,
LOCA2,UCSD,EC-Earth3,ssp585,r1i1p1f1,day,rsds,d03,s3://cadcat/loca2/ucsd/ec-earth3/ssp585/r1i1p1f1/day/rsds/d03/,var.present,compliant,False,False,OK,OK,OK,The variable in the store must carry the name it is catalogued under.,climakitae variable_descriptions.csv,https://github.com/cal-adapt/climakitae,,
LOCA2,UCSD,FGOALS-g3,historical,r5i1p1f1,day,tasmax,d03,s3://cadcat/loca2/ucsd/fgoals-g3/historical/r5i1p1f1/day/tasmax/d03/,var.present,compliant,False,False,OK,OK,OK,The variable in the store must carry the name it is catalogued under.,climakitae variable_descriptions.csv,https://github.com/cal-adapt/climakitae,,
LOCA2,UCSD,EC-Earth3-Veg,ssp245,r5i1p1f1,day,tasmax,d03,s3://cadcat/loca2/ucsd/ec-earth3-veg/ssp245/r5i1p1f1/day/tasmax/d03/,var.present,compliant,False,False,OK,OK,OK,The variable in the store must carry the name it is catalogued under.,climakitae variable_descriptions.csv,https://github.com/cal-adapt/climakitae,,
LOCA2,UCSD,IPSL-CM6A-LR,ssp370,r10i1p1f1,day,tasmax,d03,s3://cadcat/loca2/ucsd/ipsl-cm6a-lr/ssp370/r10i1p1f1/day/tasmax/d03/,var.present,compliant,False,False,OK,OK,OK,The variable in the store must carry the name it is catalogued under.,climakitae variable_descriptions.csv,https://github.com/cal-adapt/climakitae,,
LOCA2,UCSD,FGOALS-g3,ssp585,r1i1p1f1,day,tasmax,d03,s3://cadcat/loca2/ucsd/fgoals-g3/ssp585/r1i1p1f1/day/tasmax/d03/,var.present,compliant,False,False,OK,OK,OK,The variable in the store must carry the name it is catalogued under.,climakitae variable_descriptions.csv,https://github.com/cal-adapt/climakitae,,
LOCA2,UCSD,FGOALS-g3,historical,r5i1p1f1,day,tasmin,d03,s3://cadcat/loca2/ucsd/fgoals-g3/historical/r5i1p1f1/day/tasmin/d03/,var.present,compliant,False,False,OK,OK,OK,The variable in the store must carry the name it is catalogued under.,climakitae variable_descriptions.csv,https://github.com/cal-adapt/climakitae,,
LOCA2,UCSD,EC-Earth3-Veg,ssp245,r5i1p1f1,day,tasmin,d03,s3://cadcat/loca2/ucsd/ec-earth3-veg/ssp245/r5i1p1f1/day/tasmin/d03/,var.present,compliant,False,False,OK,OK,OK,The variable in the store must carry the name it is catalogued under.,climakitae variable_descriptions.csv,https://github.com/cal-adapt/climakitae,,
LOCA2,UCSD,IPSL-CM6A-LR,ssp370,r10i1p1f1,day,tasmin,d03,s3://cadcat/loca2/ucsd/ipsl-cm6a-lr/ssp370/r10i1p1f1/day/tasmin/d03/,var.present,compliant,False,False,OK,OK,OK,The variable in the store must carry the name it is catalogued under.,climakitae variable_descriptions.csv,https://github.com/cal-adapt/climakitae,,
LOCA2,UCSD,FGOALS-g3,ssp585,r1i1p1f1,day,tasmin,d03,s3://cadcat/loca2/ucsd/fgoals-g3/ssp585/r1i1p1f1/day/tasmin/d03/,var.present,compliant,False,False,OK,OK,OK,The variable in the store must carry the name it is catalogued under.,climakitae variable_descriptions.csv,https://github.com/cal-adapt/climakitae,,
LOCA2,UCSD,IPSL-CM6A-LR,historical,r5i1p1f1,day,uas,d03,s3://cadcat/loca2/ucsd/ipsl-cm6a-lr/historical/r5i1p1f1/day/uas/d03/,var.present,compliant,False,False,OK,OK,OK,The variable in the store must carry the name it is catalogued under.,climakitae variable_descriptions.csv,https://github.com/cal-adapt/climakitae,,
LOCA2,UCSD,HadGEM3-GC31-LL,ssp245,r1i1p1f3,day,uas,d03,s3://cadcat/loca2/ucsd/hadgem3-gc31-ll/ssp245/r1i1p1f3/day/uas/d03/,var.present,compliant,False,False,OK,OK,OK,The variable in the store must carry the name it is catalogued under.,climakitae variable_descriptions.csv,https://github.com/cal-adapt/climakitae,,
LOCA2,UCSD,IPSL-CM6A-LR,ssp370,r8i1p1f1,day,uas,d03,s3://cadcat/loca2/ucsd/ipsl-cm6a-lr/ssp370/r8i1p1f1/day/uas/d03/,var.present,compliant,False,False,OK,OK,OK,The variable in the store must carry the name it is catalogued under.,climakitae variable_descriptions.csv,https://github.com/cal-adapt/climakitae,,
LOCA2,UCSD,EC-Earth3,ssp585,r1i1p1f1,day,uas,d03,s3://cadcat/loca2/ucsd/ec-earth3/ssp585/r1i1p1f1/day/uas/d03/,var.present,compliant,False,False,OK,OK,OK,The variable in the store must carry the name it is catalogued under.,climakitae variable_descriptions.csv,https://github.com/cal-adapt/climakitae,,
LOCA2,UCSD,IPSL-CM6A-LR,historical,r5i1p1f1,day,vas,d03,s3://cadcat/loca2/ucsd/ipsl-cm6a-lr/historical/r5i1p1f1/day/vas/d03/,var.present,compliant,False,False,OK,OK,OK,The variable in the store must carry the name it is catalogued under.,climakitae variable_descriptions.csv,https://github.com/cal-adapt/climakitae,,
LOCA2,UCSD,HadGEM3-GC31-LL,ssp245,r1i1p1f3,day,vas,d03,s3://cadcat/loca2/ucsd/hadgem3-gc31-ll/ssp245/r1i1p1f3/day/vas/d03/,var.present,compliant,False,False,OK,OK,OK,The variable in the store must carry the name it is catalogued under.,climakitae variable_descriptions.csv,https://github.com/cal-adapt/climakitae,,
LOCA2,UCSD,IPSL-CM6A-LR,ssp370,r8i1p1f1,day,vas,d03,s3://cadcat/loca2/ucsd/ipsl-cm6a-lr/ssp370/r8i1p1f1/day/vas/d03/,var.present,compliant,False,False,OK,OK,OK,The variable in the store must carry the name it is catalogued under.,climakitae variable_descriptions.csv,https://github.com/cal-adapt/climakitae,,
LOCA2,UCSD,EC-Earth3,ssp585,r1i1p1f1,day,vas,d03,s3://cadcat/loca2/ucsd/ec-earth3/ssp585/r1i1p1f1/day/vas/d03/,var.present,compliant,False,False,OK,OK,OK,The variable in the store must carry the name it is catalogued under.,climakitae variable_descriptions.csv,https://github.com/cal-adapt/climakitae,,
LOCA2,UCSD,IPSL-CM6A-LR,historical,r5i1p1f1,day,wspeed,d03,s3://cadcat/loca2/ucsd/ipsl-cm6a-lr/historical/r5i1p1f1/day/wspeed/d03/,var.present,compliant,False,False,OK,OK,OK,The variable in the store must carry the name it is catalogued under.,climakitae variable_descriptions.csv,https://github.com/cal-adapt/climakitae,,
LOCA2,UCSD,HadGEM3-GC31-LL,ssp245,r1i1p1f3,day,wspeed,d03,s3://cadcat/loca2/ucsd/hadgem3-gc31-ll/ssp245/r1i1p1f3/day/wspeed/d03/,var.present,compliant,False,False,OK,OK,OK,The variable in the store must carry the name it is catalogued under.,climakitae variable_descriptions.csv,https://github.com/cal-adapt/climakitae,,
LOCA2,UCSD,IPSL-CM6A-LR,ssp370,r8i1p1f1,day,wspeed,d03,s3://cadcat/loca2/ucsd/ipsl-cm6a-lr/ssp370/r8i1p1f1/day/wspeed/d03/,var.present,compliant,False,False,OK,OK,OK,The variable in the store must carry the name it is catalogued under.,climakitae variable_descriptions.csv,https://github.com/cal-adapt/climakitae,,
LOCA2,UCSD,EC-Earth3,ssp585,r1i1p1f1,day,wspeed,d03,s3://cadcat/loca2/ucsd/ec-earth3/ssp585/r1i1p1f1/day/wspeed/d03/,var.present,compliant,False,False,OK,OK,OK,The variable in the store must carry the name it is catalogued under.,climakitae variable_descriptions.csv,https://github.com/cal-adapt/climakitae,,
